trade_id,entry_time,direction,setup,r,node72,node48
2021-01-01 00:00:00+00:00|SHORT|TBX0|731.5487|13.47,2021-01-01 00:00:00+00:00,SHORT,TBX0,-0.71,False,False
2021-01-01 12:45:00+00:00|SHORT|TBX7A|733.0856|9.68,2021-01-01 12:45:00+00:00,SHORT,TBX7A,-0.92,False,False
2021-02-08 12:00:00+00:00|LONG|TBX0 (a)|1733.28|45.0,2021-02-08 12:00:00+00:00,LONG,TBX0 (a),-0.97,False,False
2021-02-08 23:15:00+00:00|LONG|TBX0 (a)|1739.4794|35.35,2021-02-08 23:15:00+00:00,LONG,TBX0 (a),-0.34,False,False
2021-02-09 19:45:00+00:00|LONG|TBX0 (a)|1778.0|50.12,2021-02-09 19:45:00+00:00,LONG,TBX0 (a),-0.31,False,False
2021-02-10 06:00:00+00:00|LONG|TBX0 (a)|1826.799|57.31,2021-02-10 06:00:00+00:00,LONG,TBX0 (a),-0.21,False,False
2021-02-12 11:15:00+00:00|LONG|TBX0|1781.8131|22.79,2021-02-12 11:15:00+00:00,LONG,TBX0,-0.27,False,False
2021-02-12 16:00:00+00:00|LONG|TBX7B|1832.34|44.89,2021-02-12 16:00:00+00:00,LONG,TBX7B,0.51,False,False
2021-02-15 08:00:00+00:00|LONG|TBX0|1763.9|30.75,2021-02-15 08:00:00+00:00,LONG,TBX0,1.31,False,False
2021-02-17 03:15:00+00:00|SHORT|TBX0|1754.3462|30.52,2021-02-17 03:15:00+00:00,SHORT,TBX0,-0.34,False,False
2021-02-17 09:00:00+00:00|LONG|TBX7A|1816.12|9.0,2021-02-17 09:00:00+00:00,LONG,TBX7A,-0.6,False,False
2021-02-24 01:15:00+00:00|LONG|TBX0|1591.8969|80.08,2021-02-24 01:15:00+00:00,LONG,TBX0,0.43,False,False
2021-02-24 16:00:00+00:00|LONG|TBX0|1676.5194|55.6,2021-02-24 16:00:00+00:00,LONG,TBX0,-0.27,False,False
2021-02-24 21:00:00+00:00|SHORT|TBX0|1592.3|15.41,2021-02-24 21:00:00+00:00,SHORT,TBX0,-1.0,False,False
2021-02-25 03:15:00+00:00|SHORT|TBX0|1607.0107|46.56,2021-02-25 03:15:00+00:00,SHORT,TBX0,-0.52,False,False
2021-02-25 08:45:00+00:00|SHORT|TBX0|1606.4881|37.33,2021-02-25 08:45:00+00:00,SHORT,TBX0,-0.21,False,False
2021-02-25 15:45:00+00:00|SHORT|TBX0|1617.0828|44.73,2021-02-25 15:45:00+00:00,SHORT,TBX0,2.88,True,True
2021-02-28 19:00:00+00:00|LONG|TBX0|1389.58|45.6,2021-02-28 19:00:00+00:00,LONG,TBX0,0.79,False,False
2021-03-01 08:00:00+00:00|LONG|TBX0|1443.5968|17.99,2021-03-01 08:00:00+00:00,LONG,TBX0,4.53,False,False
2021-03-01 21:45:00+00:00|LONG|TBX0|1534.7918|27.34,2021-03-01 21:45:00+00:00,LONG,TBX0,0.17,False,False
2021-03-02 09:30:00+00:00|LONG|TBX0|1573.53|42.13,2021-03-02 09:30:00+00:00,LONG,TBX0,-0.2,False,False
2021-03-03 08:00:00+00:00|LONG|TBX7B|1592.73|19.39,2021-03-03 08:00:00+00:00,LONG,TBX7B,0.84,False,False
2021-03-04 01:00:00+00:00|LONG|TBX7B|1611.4404|43.75,2021-03-04 01:00:00+00:00,LONG,TBX7B,-0.2,False,False
2021-03-04 08:00:00+00:00|LONG|TBX7B|1583.0525|41.93,2021-03-04 08:00:00+00:00,LONG,TBX7B,-0.21,False,False
2021-03-04 14:15:00+00:00|LONG|TBX7B|1581.53|44.27,2021-03-04 14:15:00+00:00,LONG,TBX7B,-0.2,True,False
2021-03-11 11:00:00+00:00|LONG|TBX0|1780.47|20.44,2021-03-11 11:00:00+00:00,LONG,TBX0,0.45,False,False
2021-03-11 21:00:00+00:00|LONG|TBX0|1823.1723|31.37,2021-03-11 21:00:00+00:00,LONG,TBX0,-0.99,False,False
2021-04-02 17:00:00+00:00|SHORT|TBX0|2057.51|9.44,2021-04-02 17:00:00+00:00,SHORT,TBX0,-0.97,False,False
2021-04-02 20:00:00+00:00|LONG|TBX7B|2094.09|22.21,2021-04-02 20:00:00+00:00,LONG,TBX7B,0.41,False,False
2021-04-04 13:00:00+00:00|LONG|TBX0|2082.6|16.8,2021-04-04 13:00:00+00:00,LONG,TBX0,-0.74,False,False
2021-04-04 21:45:00+00:00|LONG|TBX0|2079.0375|22.35,2021-04-04 21:45:00+00:00,LONG,TBX0,-0.72,False,False
2021-04-05 09:15:00+00:00|LONG|TBX0|2035.148|19.31,2021-04-05 09:15:00+00:00,LONG,TBX0,3.66,False,False
2021-04-06 00:00:00+00:00|LONG|TBX0|2117.0177|24.89,2021-04-06 00:00:00+00:00,LONG,TBX0,-0.38,False,False
2021-04-08 04:00:00+00:00|LONG|TBX0|2020.99|25.7,2021-04-08 04:00:00+00:00,LONG,TBX0,-0.37,False,False
2021-04-08 12:15:00+00:00|LONG|TBX0|2019.5318|26.83,2021-04-08 12:15:00+00:00,LONG,TBX0,1.94,False,False
2021-04-09 09:45:00+00:00|LONG|TBX0|2080.0371|10.7,2021-04-09 09:45:00+00:00,LONG,TBX0,-0.25,False,False
2021-04-20 15:00:00+00:00|LONG|TBX7A|2225.35|46.09,2021-04-20 15:00:00+00:00,LONG,TBX7A,-1.0,False,False
2021-04-21 12:15:00+00:00|LONG|TBX7A|2308.2645|58.67,2021-04-21 12:15:00+00:00,LONG,TBX7A,0.88,False,False
2021-04-22 05:45:00+00:00|LONG|TBX7A|2465.3339|81.18,2021-04-22 05:45:00+00:00,LONG,TBX7A,1.31,False,False
2021-04-22 17:00:00+00:00|SHORT|TBX0|2530.36|107.84,2021-04-22 17:00:00+00:00,SHORT,TBX0,2.52,False,False
2021-04-23 15:00:00+00:00|LONG|TBX0|2334.27|81.78,2021-04-23 15:00:00+00:00,LONG,TBX0,-0.31,False,False
2021-04-25 17:00:00+00:00|SHORT|TBX0|2326.63|33.54,2021-04-25 17:00:00+00:00,SHORT,TBX0,1.64,False,False
2021-04-25 23:00:00+00:00|LONG|TBX7A|2320.71|28.19,2021-04-25 23:00:00+00:00,LONG,TBX7A,3.77,False,False
2021-05-17 18:00:00+00:00|LONG|TBX0|3351.84|192.51,2021-05-17 18:00:00+00:00,LONG,TBX0,-0.33,False,False
2021-05-19 16:00:00+00:00|LONG|TBX0|2856.12|150.69,2021-05-19 16:00:00+00:00,LONG,TBX0,-1.21,False,False
2021-05-21 09:15:00+00:00|LONG|TBX0 (a) or TBX1|2748.04|155.73,2021-05-21 09:15:00+00:00,LONG,TBX0 (a) or TBX1,-0.54,False,False
2021-05-23 20:00:00+00:00|LONG|TBX0|2063.96|99.42,2021-05-23 20:00:00+00:00,LONG,TBX0,4.78,False,False
2021-06-14 18:00:00+00:00|SHORT|TBX0|2532.88|51.04,2021-06-14 18:00:00+00:00,SHORT,TBX0,-0.73,False,False
2021-06-17 03:00:00+00:00|LONG|TBX0|2433.31|19.14,2021-06-17 03:00:00+00:00,LONG,TBX0,-1.16,False,False
2021-06-17 16:00:00+00:00|SHORT|TBX7B|2363.44|39.45,2021-06-17 16:00:00+00:00,SHORT,TBX7B,-0.23,False,False
2021-06-18 06:15:00+00:00|SHORT|TBX7B|2327.8017|34.48,2021-06-18 06:15:00+00:00,SHORT,TBX7B,2.36,False,False
2021-06-18 21:00:00+00:00|LONG|TBX0|2220.22|36.96,2021-06-18 21:00:00+00:00,LONG,TBX0,-0.29,False,False
2021-06-20 14:00:00+00:00|LONG|TBX0|2112.39|60.29,2021-06-20 14:00:00+00:00,LONG,TBX0,1.81,False,False
2021-06-22 03:00:00+00:00|LONG|TBX0|1974.69|42.46,2021-06-22 03:00:00+00:00,LONG,TBX0,-0.95,False,False
2021-06-22 10:30:00+00:00|LONG|TBX0|1911.3862|47.14,2021-06-22 10:30:00+00:00,LONG,TBX0,-0.95,False,False
2021-06-22 16:00:00+00:00|LONG|TBX0|1910.71|68.69,2021-06-22 16:00:00+00:00,LONG,TBX0,-1.08,False,False
2021-06-28 10:00:00+00:00|SHORT|TBX0|1993.29|53.74,2021-06-28 10:00:00+00:00,SHORT,TBX0,-0.78,False,False
2021-06-30 08:45:00+00:00|SHORT|TBX0|2122.9826|36.68,2021-06-30 08:45:00+00:00,SHORT,TBX0,-0.97,False,False
2021-07-05 10:00:00+00:00|LONG|TBX7B|2294.6945|30.34,2021-07-05 10:00:00+00:00,LONG,TBX7B,-0.24,False,False
2021-07-15 09:15:00+00:00|LONG|TBX4|1975.6267|24.12,2021-07-15 09:15:00+00:00,LONG,TBX4,-0.81,False,False
2021-07-18 08:15:00+00:00|LONG|TBX0|1969.6109|13.46,2021-07-18 08:15:00+00:00,LONG,TBX0,-0.65,False,False
2021-07-18 22:15:00+00:00|SHORT|TBX0|1889.4399|24.79,2021-07-18 22:15:00+00:00,SHORT,TBX0,-0.44,False,False
2021-07-21 02:30:00+00:00|LONG|TBX0 (a) or TBX1|1795.7335|31.44,2021-07-21 02:30:00+00:00,LONG,TBX0 (a) or TBX1,5.11,False,False
2021-07-22 07:15:00+00:00|LONG|TBX0 (a) or TBX1|2008.4|64.61,2021-07-22 07:15:00+00:00,LONG,TBX0 (a) or TBX1,-0.48,False,False
2021-08-19 19:00:00+00:00|LONG|TBX0 (a)|3149.59|18.9,2021-08-19 19:00:00+00:00,LONG,TBX0 (a),3.64,False,False
2021-08-20 20:00:00+00:00|LONG|TBX7B|3268.5171|36.03,2021-08-20 20:00:00+00:00,LONG,TBX7B,-0.13,False,False
2021-08-22 23:00:00+00:00|LONG|TBX0|3241.29|35.62,2021-08-22 23:00:00+00:00,LONG,TBX0,2.36,False,False
2021-08-23 20:45:00+00:00|LONG|TBX0|3342.3522|41.41,2021-08-23 20:45:00+00:00,LONG,TBX0,-0.92,False,False
2021-09-02 02:00:00+00:00|SHORT|TBX0|3750.64|47.34,2021-09-02 02:00:00+00:00,SHORT,TBX0,-0.13,False,False
2021-09-02 14:30:00+00:00|SHORT|TBX0|3766.2584|56.76,2021-09-02 14:30:00+00:00,SHORT,TBX0,-0.71,False,False
2021-09-07 06:45:00+00:00|SHORT|TBX0|3902.14|57.79,2021-09-07 06:45:00+00:00,SHORT,TBX0,6.55,False,False
2021-09-09 13:15:00+00:00|LONG|TBX0 (a) or TBX1|3548.8784|125.94,2021-09-09 13:15:00+00:00,LONG,TBX0 (a) or TBX1,-0.18,False,False
2021-09-10 17:00:00+00:00|LONG|TBX0|3334.47|63.64,2021-09-10 17:00:00+00:00,LONG,TBX0,-0.86,False,False
2021-09-12 07:45:00+00:00|LONG|TBX0 (a) or TBX1|3321.241|25.78,2021-09-12 07:45:00+00:00,LONG,TBX0 (a) or TBX1,4.62,False,False
2021-09-14 06:30:00+00:00|LONG|TBX0|3324.0|67.9,2021-09-14 06:30:00+00:00,LONG,TBX0,1.44,False,False
2021-09-15 07:45:00+00:00|LONG|TBX0|3409.0403|43.11,2021-09-15 07:45:00+00:00,LONG,TBX0,3.88,False,False
2021-09-21 15:30:00+00:00|LONG|TBX0 (a) or TBX1|3047.4433|53.71,2021-09-21 15:30:00+00:00,LONG,TBX0 (a) or TBX1,-0.74,False,False
2021-10-04 18:00:00+00:00|LONG|TBX7A|3422.21|9.0,2021-10-04 18:00:00+00:00,LONG,TBX7A,-1.0,False,False
2021-10-05 18:00:00+00:00|LONG|TBX7A|3444.3562|30.3,2021-10-05 18:00:00+00:00,LONG,TBX7A,0.92,False,False
2021-10-10 14:15:00+00:00|LONG|TBX7A|3573.6268|39.08,2021-10-10 14:15:00+00:00,LONG,TBX7A,-0.45,False,False
2021-10-11 05:00:00+00:00|LONG|TBX0|3526.71|41.3,2021-10-11 05:00:00+00:00,LONG,TBX0,0.23,False,False
2021-10-13 05:30:00+00:00|SHORT|TBX7B|3495.5128|34.36,2021-10-13 05:30:00+00:00,SHORT,TBX7B,1.07,False,False
2021-10-13 13:45:00+00:00|SHORT|TBX7B|3439.9333|34.6,2021-10-13 13:45:00+00:00,SHORT,TBX7B,-0.97,False,False
2021-10-13 17:00:00+00:00|LONG|TBX7A|3512.32|11.97,2021-10-13 17:00:00+00:00,LONG,TBX7A,23.33,False,False
2021-10-21 12:00:00+00:00|LONG|TBX7B|4232.65|59.07,2021-10-21 12:00:00+00:00,LONG,TBX7B,-0.92,False,False
2021-10-22 01:00:00+00:00|SHORT|TBX0 (a)|4107.45|45.0,2021-10-22 01:00:00+00:00,SHORT,TBX0 (a),-0.95,False,False
2021-10-22 10:15:00+00:00|SHORT|TBX0 (a)|4097.54|74.51,2021-10-22 10:15:00+00:00,SHORT,TBX0 (a),1.24,False,False
2021-10-25 00:00:00+00:00|LONG|TBX7A|4135.86|34.17,2021-10-25 00:00:00+00:00,LONG,TBX7A,-0.51,False,False
2021-10-25 15:30:00+00:00|LONG|TBX7A|4166.8|56.47,2021-10-25 15:30:00+00:00,LONG,TBX7A,0.29,False,False
2021-10-26 08:00:00+00:00|LONG|TBX7A|4223.94|38.85,2021-10-26 08:00:00+00:00,LONG,TBX7A,-0.36,False,False
2021-10-27 09:00:00+00:00|SHORT|TBX7B|4020.0|57.97,2021-10-27 09:00:00+00:00,SHORT,TBX7B,-0.07,False,False
2021-10-29 20:00:00+00:00|LONG|TBX0 (a)|4419.7503|49.25,2021-10-29 20:00:00+00:00,LONG,TBX0 (a),-0.87,False,False
2021-11-08 00:00:00+00:00|LONG|TBX0|4633.0309|36.79,2021-11-08 00:00:00+00:00,LONG,TBX0,1.14,False,False
2021-11-08 15:30:00+00:00|LONG|TBX0|4758.5682|52.63,2021-11-08 15:30:00+00:00,LONG,TBX0,-0.33,False,False
2021-11-10 19:00:00+00:00|SHORT|TBX7A|4706.16|53.88,2021-11-10 19:00:00+00:00,SHORT,TBX7A,1.13,False,False
2021-11-12 05:45:00+00:00|SHORT|TBX7A|4743.6|83.25,2021-11-12 05:45:00+00:00,SHORT,TBX7A,2.52,False,False
2021-11-12 20:00:00+00:00|LONG|TBX0|4669.99|19.5,2021-11-12 20:00:00+00:00,LONG,TBX0,-0.97,False,False
2021-11-14 14:00:00+00:00|SHORT|TBX0|4598.5946|25.85,2021-11-14 14:00:00+00:00,SHORT,TBX0,0.62,False,False
2021-11-14 23:00:00+00:00|SHORT|TBX0|4550.0557|44.49,2021-11-14 23:00:00+00:00,SHORT,TBX0,-0.3,False,False
2021-11-15 04:00:00+00:00|LONG|TBX0 (a)|4707.84|10.34,2021-11-15 04:00:00+00:00,LONG,TBX0 (a),-0.95,False,False
2021-11-15 08:30:00+00:00|LONG|TBX0 (a)|4706.1054|33.72,2021-11-15 08:30:00+00:00,LONG,TBX0 (a),-0.29,False,False
2021-11-15 15:00:00+00:00|SHORT|TBX0|4651.35|41.25,2021-11-15 15:00:00+00:00,SHORT,TBX0,8.73,False,False
2021-11-18 12:00:00+00:00|SHORT|TBX0|4170.7772|73.98,2021-11-18 12:00:00+00:00,SHORT,TBX0,1.25,False,False
2021-11-19 16:00:00+00:00|LONG|TBX0 (a)|4250.58|41.37,2021-11-19 16:00:00+00:00,LONG,TBX0 (a),2.19,False,False
2021-11-21 05:45:00+00:00|LONG|TBX0 (a)|4367.17|48.59,2021-11-21 05:45:00+00:00,LONG,TBX0 (a),-0.58,False,False
2021-11-21 15:15:00+00:00|LONG|TBX0 (a)|4358.66|73.02,2021-11-21 15:15:00+00:00,LONG,TBX0 (a),-0.1,False,False
2021-11-22 10:00:00+00:00|SHORT|TBX7B|4174.278|50.69,2021-11-22 10:00:00+00:00,SHORT,TBX7B,-0.39,False,False
2021-11-23 09:30:00+00:00|SHORT|TBX7B|4085.03|53.32,2021-11-23 09:30:00+00:00,SHORT,TBX7B,-1.0,False,False
2021-11-23 13:00:00+00:00|LONG|TBX0|4183.25|50.91,2021-11-23 13:00:00+00:00,LONG,TBX0,2.7,False,False
2021-11-25 05:45:00+00:00|SHORT|TBX0|4270.0342|45.33,2021-11-25 05:45:00+00:00,SHORT,TBX0,-0.76,False,False
2021-11-25 10:00:00+00:00|LONG|TBX7A|4368.88|45.45,2021-11-25 10:00:00+00:00,LONG,TBX7A,2.25,False,False
2021-11-25 23:00:00+00:00|LONG|TBX7A|4540.7572|56.11,2021-11-25 23:00:00+00:00,LONG,TBX7A,-0.95,False,False
2021-11-26 03:00:00+00:00|SHORT|TBX0|4430.64|54.68,2021-11-26 03:00:00+00:00,SHORT,TBX0,5.95,False,False
2021-11-29 16:30:00+00:00|LONG|TBX0|4374.62|127.73,2021-11-29 16:30:00+00:00,LONG,TBX0,0.64,False,False
2021-11-30 16:00:00+00:00|SHORT|TBX0|4563.84|100.29,2021-11-30 16:00:00+00:00,SHORT,TBX0,-0.97,False,False
2021-12-01 11:00:00+00:00|SHORT|TBX0|4676.96|64.35,2021-12-01 11:00:00+00:00,SHORT,TBX0,-0.88,False,False
2021-12-02 03:00:00+00:00|SHORT|TBX0 (a)|4547.168|71.52,2021-12-02 03:00:00+00:00,SHORT,TBX0 (a),-0.58,False,False
2021-12-02 15:30:00+00:00|SHORT|TBX0 (a)|4511.6514|83.11,2021-12-02 15:30:00+00:00,SHORT,TBX0 (a),-0.36,False,False
2021-12-02 23:45:00+00:00|SHORT|TBX0 (a)|4514.32|55.99,2021-12-02 23:45:00+00:00,SHORT,TBX0 (a),-0.89,True,False
2021-12-03 04:00:00+00:00|LONG|TBX0|4531.59|44.25,2021-12-03 04:00:00+00:00,LONG,TBX0,0.79,False,False
2021-12-06 00:15:00+00:00|SHORT|TBX0|4131.1777|63.55,2021-12-06 00:15:00+00:00,SHORT,TBX0,-0.34,False,False
2021-12-06 05:45:00+00:00|SHORT|TBX0|4143.4797|47.35,2021-12-06 05:45:00+00:00,SHORT,TBX0,0.25,False,False
2021-12-06 16:00:00+00:00|LONG|TBX7A|4167.49|29.68,2021-12-06 16:00:00+00:00,LONG,TBX7A,5.46,False,False
2021-12-08 09:45:00+00:00|SHORT|TBX0|4318.2|68.84,2021-12-08 09:45:00+00:00,SHORT,TBX0,0.25,False,False
2021-12-09 03:00:00+00:00|SHORT|TBX0|4358.86|43.31,2021-12-09 03:00:00+00:00,SHORT,TBX0,-0.5,False,False
2021-12-13 07:00:00+00:00|SHORT|TBX0 (a)|3985.03|24.07,2021-12-13 07:00:00+00:00,SHORT,TBX0 (a),-1.0,False,False
2021-12-14 20:30:00+00:00|LONG|TBX0 (a) or TBX1|3819.9961|86.32,2021-12-14 20:30:00+00:00,LONG,TBX0 (a) or TBX1,0.29,False,False
2021-12-22 23:00:00+00:00|SHORT|TBX4|3982.6|49.64,2021-12-22 23:00:00+00:00,SHORT,TBX4,0.0,False,False
2021-12-23 17:00:00+00:00|LONG|TBX7B|4042.0|49.98,2021-12-23 17:00:00+00:00,LONG,TBX7B,1.42,False,False
2021-12-29 19:00:00+00:00|SHORT|TBX7B|3743.2928|35.41,2021-12-29 19:00:00+00:00,SHORT,TBX7B,-0.59,False,False
2021-12-30 06:00:00+00:00|LONG|TBX0|3694.03|35.91,2021-12-30 06:00:00+00:00,LONG,TBX0,0.76,False,False
2022-01-06 18:00:00+00:00|LONG|TBX0|3453.56|46.46,2022-01-06 18:00:00+00:00,LONG,TBX0,-0.86,False,False
2022-01-09 16:00:00+00:00|LONG|TBX0|3158.57|73.72,2022-01-09 16:00:00+00:00,LONG,TBX0,0.07,False,False
2022-01-10 04:15:00+00:00|LONG|TBX0|3167.2156|29.81,2022-01-10 04:15:00+00:00,LONG,TBX0,-0.36,False,False
2022-01-10 20:00:00+00:00|LONG|TBX0|3082.5|75.0,2022-01-10 20:00:00+00:00,LONG,TBX0,0.22,False,False
2022-01-11 15:00:00+00:00|LONG|TBX0|3135.6896|47.79,2022-01-11 15:00:00+00:00,LONG,TBX0,0.13,False,False
2022-01-14 19:00:00+00:00|LONG|TBX0|3306.76|18.57,2022-01-14 19:00:00+00:00,LONG,TBX0,-0.1,False,False
2022-01-16 06:45:00+00:00|LONG|TBX0|3331.1742|27.14,2022-01-16 06:45:00+00:00,LONG,TBX0,-0.59,False,False
2022-01-16 19:00:00+00:00|SHORT|TBX0|3319.25|31.3,2022-01-16 19:00:00+00:00,SHORT,TBX0,-0.95,False,False
2022-01-17 00:15:00+00:00|SHORT|TBX0|3333.6804|25.06,2022-01-17 00:15:00+00:00,SHORT,TBX0,1.75,False,False
2022-01-17 08:30:00+00:00|SHORT|TBX0|3250.2418|41.19,2022-01-17 08:30:00+00:00,SHORT,TBX0,1.17,False,False
2022-01-20 02:30:00+00:00|LONG|TBX0 (a) or TBX1|3124.51|36.34,2022-01-20 02:30:00+00:00,LONG,TBX0 (a) or TBX1,-0.01,False,False
2022-01-20 09:30:00+00:00|LONG|TBX0 (a) or TBX1|3140.23|27.14,2022-01-20 09:30:00+00:00,LONG,TBX0 (a) or TBX1,2.36,False,False
2022-01-24 17:00:00+00:00|LONG|TBX0|2347.38|133.0,2022-01-24 17:00:00+00:00,LONG,TBX0,0.2,False,False
2022-01-25 23:15:00+00:00|LONG|TBX0|2451.0027|45.08,2022-01-25 23:15:00+00:00,LONG,TBX0,-0.62,False,False
2022-01-26 03:15:00+00:00|LONG|TBX0|2461.54|56.9,2022-01-26 03:15:00+00:00,LONG,TBX0,-0.05,False,False
2022-01-26 06:00:00+00:00|SHORT|TBX0|2450.25|43.82,2022-01-26 06:00:00+00:00,SHORT,TBX0,-0.75,False,False
2022-01-26 20:00:00+00:00|SHORT|TBX0|2543.3334|109.75,2022-01-26 20:00:00+00:00,SHORT,TBX0,1.18,False,False
2022-01-27 11:00:00+00:00|LONG|TBX7A|2454.67|21.14,2022-01-27 11:00:00+00:00,LONG,TBX7A,0.05,False,False
2022-01-28 15:00:00+00:00|LONG|TBX0|2442.15|60.18,2022-01-28 15:00:00+00:00,LONG,TBX0,1.67,False,False
2022-01-31 15:00:00+00:00|LONG|TBX7B|2619.36|29.84,2022-01-31 15:00:00+00:00,LONG,TBX7B,3.82,False,False
2022-02-01 16:45:00+00:00|LONG|TBX7B|2798.2118|62.25,2022-02-01 16:45:00+00:00,LONG,TBX7B,-0.18,False,False
2022-02-04 06:00:00+00:00|LONG|TBX0 (a)|2795.57|29.36,2022-02-04 06:00:00+00:00,LONG,TBX0 (a),0.05,False,False
2022-02-04 15:00:00+00:00|LONG|TBX7B|2870.99|58.07,2022-02-04 15:00:00+00:00,LONG,TBX7B,1.44,False,False
2022-02-07 12:45:00+00:00|LONG|TBX7B|3081.3144|23.5,2022-02-07 12:45:00+00:00,LONG,TBX7B,0.79,False,False
2022-02-14 13:00:00+00:00|LONG|TBX7A|2935.67|9.0,2022-02-14 13:00:00+00:00,LONG,TBX7A,-0.97,False,False
2022-02-14 22:00:00+00:00|LONG|TBX7A|2926.9701|61.46,2022-02-14 22:00:00+00:00,LONG,TBX7A,2.71,False,False
2022-02-22 20:00:00+00:00|LONG|TBX0|2642.952|49.19,2022-02-22 20:00:00+00:00,LONG,TBX0,-0.29,False,False
2022-02-24 14:00:00+00:00|LONG|TBX0|2434.81|76.66,2022-02-24 14:00:00+00:00,LONG,TBX0,1.96,False,False
2022-02-25 06:15:00+00:00|LONG|TBX0|2634.5144|44.0,2022-02-25 06:15:00+00:00,LONG,TBX0,-0.92,False,False
2022-02-25 09:45:00+00:00|LONG|TBX0|2625.1353|49.02,2022-02-25 09:45:00+00:00,LONG,TBX0,1.67,False,False
2022-02-27 15:15:00+00:00|LONG|TBX7B|2807.5236|54.85,2022-02-27 15:15:00+00:00,LONG,TBX7B,-0.29,False,False
2022-03-01 20:30:00+00:00|LONG|TBX7B|2976.1921|46.89,2022-03-01 20:30:00+00:00,LONG,TBX7B,-0.26,False,False
2022-03-02 14:30:00+00:00|LONG|TBX7B|2989.7091|54.0,2022-03-02 14:30:00+00:00,LONG,TBX7B,-0.29,False,False
2022-03-06 23:00:00+00:00|SHORT|TBX7B|2611.4705|25.48,2022-03-06 23:00:00+00:00,SHORT,TBX7B,0.44,False,False
2022-03-07 12:00:00+00:00|LONG|TBX0|2558.29|23.94,2022-03-07 12:00:00+00:00,LONG,TBX0,-0.2,False,False
2022-03-07 18:00:00+00:00|SHORT|TBX7B|2521.46|45.51,2022-03-07 18:00:00+00:00,SHORT,TBX7B,-0.02,False,False
2022-03-08 05:30:00+00:00|SHORT|TBX7B|2518.3613|33.43,2022-03-08 05:30:00+00:00,SHORT,TBX7B,-0.33,False,False
2022-03-09 13:00:00+00:00|SHORT|TBX0|2726.9|21.48,2022-03-09 13:00:00+00:00,SHORT,TBX0,-0.48,False,False
2022-03-09 15:00:00+00:00|LONG|TBX7B|2756.58|21.59,2022-03-09 15:00:00+00:00,LONG,TBX7B,-0.49,False,False
2022-03-09 18:00:00+00:00|SHORT|TBX0|2710.1|35.44,2022-03-09 18:00:00+00:00,SHORT,TBX0,-0.11,False,False
2022-03-10 01:30:00+00:00|SHORT|TBX0|2693.1648|34.29,2022-03-10 01:30:00+00:00,SHORT,TBX0,2.47,False,False
2022-03-10 13:30:00+00:00|SHORT|TBX0|2581.9433|28.25,2022-03-10 13:30:00+00:00,SHORT,TBX0,-0.88,False,False
2022-03-10 22:00:00+00:00|SHORT|TBX0|2590.6143|25.65,2022-03-10 22:00:00+00:00,SHORT,TBX0,-0.33,False,False
2022-03-11 01:00:00+00:00|SHORT|TBX0|2580.4394|36.23,2022-03-11 01:00:00+00:00,SHORT,TBX0,-0.66,False,False
2022-03-11 15:00:00+00:00|SHORT|TBX7A|2579.43|19.71,2022-03-11 15:00:00+00:00,SHORT,TBX7A,-0.2,True,True
2022-03-13 08:00:00+00:00|SHORT|TBX7A|2578.5622|8.91,2022-03-13 08:00:00+00:00,SHORT,TBX7A,-0.47,True,False
2022-03-13 11:30:00+00:00|SHORT|TBX7A|2574.0394|16.89,2022-03-13 11:30:00+00:00,SHORT,TBX7A,-0.31,True,False
2022-03-14 04:00:00+00:00|LONG|TBX0|2569.72|39.99,2022-03-14 04:00:00+00:00,LONG,TBX0,0.09,False,False
2022-03-14 14:00:00+00:00|LONG|TBX0|2584.6427|14.8,2022-03-14 14:00:00+00:00,LONG,TBX0,-0.95,False,False
2022-03-14 23:00:00+00:00|LONG|TBX7A|2588.96|12.62,2022-03-14 23:00:00+00:00,LONG,TBX7A,-0.97,False,False
2022-03-15 13:30:00+00:00|SHORT|TBX7B|2529.209|16.37,2022-03-15 13:30:00+00:00,SHORT,TBX7B,-0.31,False,False
2022-03-15 17:00:00+00:00|LONG|TBX7A|2598.25|9.0,2022-03-15 17:00:00+00:00,LONG,TBX7A,-0.8,False,False
2022-03-16 02:00:00+00:00|LONG|TBX7A|2652.1853|37.67,2022-03-16 02:00:00+00:00,LONG,TBX7A,-1.46,False,False
2022-03-16 19:15:00+00:00|LONG|TBX7A|2707.3376|47.84,2022-03-16 19:15:00+00:00,LONG,TBX7A,-0.2,False,False
2022-03-17 10:30:00+00:00|LONG|TBX7A|2774.8458|22.91,2022-03-17 10:30:00+00:00,LONG,TBX7A,0.92,False,False
2022-03-18 11:15:00+00:00|SHORT|TBX4|2784.06|30.0,2022-03-18 11:15:00+00:00,SHORT,TBX4,-0.67,False,False
2022-03-21 15:00:00+00:00|LONG|TBX0 (a)|2954.13|41.09,2022-03-21 15:00:00+00:00,LONG,TBX0 (a),-0.92,False,False
2022-03-22 03:15:00+00:00|LONG|TBX0 (a)|2991.8788|72.55,2022-03-22 03:15:00+00:00,LONG,TBX0 (a),-0.51,False,False
2022-03-22 21:15:00+00:00|LONG|TBX0 (a)|3008.52|25.97,2022-03-22 21:15:00+00:00,LONG,TBX0 (a),-0.81,False,False
2022-03-24 14:45:00+00:00|LONG|TBX7B|3071.6209|62.85,2022-03-24 14:45:00+00:00,LONG,TBX7B,0.22,False,False
2022-04-10 05:15:00+00:00|SHORT|TBX0|3244.8132|17.35,2022-04-10 05:15:00+00:00,SHORT,TBX0,-0.11,False,False
2022-04-10 12:45:00+00:00|SHORT|TBX0|3239.044|17.46,2022-04-10 12:45:00+00:00,SHORT,TBX0,-0.85,False,False
2022-04-10 22:00:00+00:00|SHORT|TBX7A|3220.58|32.18,2022-04-10 22:00:00+00:00,SHORT,TBX7A,5.38,False,False
2022-04-15 07:00:00+00:00|SHORT|TBX0 (a) or TBX1|3014.99|30.53,2022-04-15 07:00:00+00:00,SHORT,TBX0 (a) or TBX1,-0.67,False,False
2022-04-15 13:45:00+00:00|SHORT|TBX0 (a) or TBX1|3009.2996|25.3,2022-04-15 13:45:00+00:00,SHORT,TBX0 (a) or TBX1,-0.68,False,False
2022-04-17 23:00:00+00:00|SHORT|TBX0|3030.6104|37.66,2022-04-17 23:00:00+00:00,SHORT,TBX0,2.24,False,False
2022-04-18 12:00:00+00:00|LONG|TBX0|2938.79|31.72,2022-04-18 12:00:00+00:00,LONG,TBX0,-0.7,False,False
2022-04-18 16:45:00+00:00|LONG|TBX0|2930.1585|30.6,2022-04-18 16:45:00+00:00,LONG,TBX0,2.07,False,False
2022-04-19 19:15:00+00:00|LONG|TBX0|3115.282|36.42,2022-04-19 19:15:00+00:00,LONG,TBX0,-0.43,False,False
2022-04-20 23:00:00+00:00|SHORT|TBX0 (a)|3074.01|13.26,2022-04-20 23:00:00+00:00,SHORT,TBX0 (a),-0.97,False,False
2022-04-21 18:00:00+00:00|SHORT|TBX7B|3056.85|22.73,2022-04-21 18:00:00+00:00,SHORT,TBX7B,2.25,False,False
2022-04-22 08:45:00+00:00|SHORT|TBX7B|2993.0395|27.81,2022-04-22 08:45:00+00:00,SHORT,TBX7B,-0.14,False,False
2022-04-22 13:30:00+00:00|SHORT|TBX7B|2986.453|29.02,2022-04-22 13:30:00+00:00,SHORT,TBX7B,0.1,False,False
2022-04-25 09:00:00+00:00|LONG|TBX0|2825.55|42.96,2022-04-25 09:00:00+00:00,LONG,TBX0,3.99,False,False
2022-04-26 12:00:00+00:00|SHORT|TBX0|2977.2|44.11,2022-04-26 12:00:00+00:00,SHORT,TBX0,3.18,False,False
2022-04-26 12:30:00+00:00|LONG|TBX0|3008.7893|12.52,2022-04-26 12:30:00+00:00,LONG,TBX0,-1.0,False,False
2022-04-27 09:00:00+00:00|LONG|TBX0|2898.55|35.03,2022-04-27 09:00:00+00:00,LONG,TBX0,-0.64,False,False
2022-04-27 13:30:00+00:00|LONG|TBX0|2898.4461|40.79,2022-04-27 13:30:00+00:00,LONG,TBX0,-0.52,False,False
2022-04-29 10:00:00+00:00|SHORT|TBX7A|2860.94|12.22,2022-04-29 10:00:00+00:00,SHORT,TBX7A,-0.95,False,False
2022-05-01 23:00:00+00:00|LONG|TBX0 (a)|2823.38|25.34,2022-05-01 23:00:00+00:00,LONG,TBX0 (a),0.77,False,False
2022-05-02 13:30:00+00:00|SHORT|TBX0|2788.2817|30.62,2022-05-02 13:30:00+00:00,SHORT,TBX0,-1.0,False,False
2022-05-02 16:45:00+00:00|SHORT|TBX0|2807.9455|24.28,2022-05-02 16:45:00+00:00,SHORT,TBX0,-0.1,False,False
2022-05-03 14:00:00+00:00|SHORT|TBX7A|2821.0|9.0,2022-05-03 14:00:00+00:00,SHORT,TBX7A,-0.8,False,False
2022-05-04 06:00:00+00:00|LONG|TBX0|2815.69|25.97,2022-05-04 06:00:00+00:00,LONG,TBX0,0.85,False,False
2022-05-06 07:30:00+00:00|SHORT|TBX0 (a)|2715.6056|39.77,2022-05-06 07:30:00+00:00,SHORT,TBX0 (a),-0.58,False,False
2022-05-06 13:30:00+00:00|SHORT|TBX0 (a)|2650.9289|57.9,2022-05-06 13:30:00+00:00,SHORT,TBX0 (a),-0.95,False,False
2022-05-08 13:00:00+00:00|SHORT|TBX0 (a)|2547.6013|32.52,2022-05-08 13:00:00+00:00,SHORT,TBX0 (a),-0.21,False,False
2022-05-08 18:00:00+00:00|LONG|TBX0|2561.83|64.79,2022-05-08 18:00:00+00:00,LONG,TBX0,-0.53,False,False
2022-05-09 01:00:00+00:00|SHORT|TBX7B|2504.87|24.3,2022-05-09 01:00:00+00:00,SHORT,TBX7B,7.32,False,False
2022-05-11 21:00:00+00:00|LONG|TBX0|2096.19|99.7,2022-05-11 21:00:00+00:00,LONG,TBX0,-0.47,False,False
2022-05-19 06:00:00+00:00|LONG|TBX0|1965.01|21.33,2022-05-19 06:00:00+00:00,LONG,TBX0,-0.95,False,False
2022-05-23 18:45:00+00:00|SHORT|TBX0|2044.1202|21.44,2022-05-23 18:45:00+00:00,SHORT,TBX0,2.76,False,False
2022-05-29 10:00:00+00:00|LONG|TBX7A|1791.8723|15.61,2022-05-29 10:00:00+00:00,LONG,TBX7A,0.11,False,False
2022-06-01 03:00:00+00:00|SHORT|TBX0 (a)|1929.73|13.4,2022-06-01 03:00:00+00:00,SHORT,TBX0 (a),-0.97,False,False
2022-06-01 11:15:00+00:00|SHORT|TBX0 (a)|1930.1712|13.09,2022-06-01 11:15:00+00:00,SHORT,TBX0 (a),-0.96,False,False
2022-06-02 13:00:00+00:00|SHORT|TBX0 (a)|1819.9813|17.69,2022-06-02 13:00:00+00:00,SHORT,TBX0 (a),-0.47,False,False
2022-06-06 14:00:00+00:00|SHORT|TBX0|1893.0|33.85,2022-06-06 14:00:00+00:00,SHORT,TBX0,0.51,False,False
2022-06-06 22:15:00+00:00|SHORT|TBX0|1857.9617|14.22,2022-06-06 22:15:00+00:00,SHORT,TBX0,9.29,False,False
2022-06-07 18:00:00+00:00|LONG|TBX0|1806.52|30.76,2022-06-07 18:00:00+00:00,LONG,TBX0,-0.31,False,False
2022-06-08 13:30:00+00:00|LONG|TBX0|1818.4979|29.85,2022-06-08 13:30:00+00:00,LONG,TBX0,-0.31,False,False
2022-06-09 05:00:00+00:00|SHORT|TBX7A|1799.08|9.0,2022-06-09 05:00:00+00:00,SHORT,TBX7A,-0.49,False,False
2022-06-09 11:45:00+00:00|SHORT|TBX7A|1805.4677|20.46,2022-06-09 11:45:00+00:00,SHORT,TBX7A,0.05,False,False
2022-06-09 18:00:00+00:00|SHORT|TBX7A|1791.79|9.0,2022-06-09 18:00:00+00:00,SHORT,TBX7A,0.11,False,False
2022-06-12 22:00:00+00:00|SHORT|TBX7A|1455.6|12.17,2022-06-12 22:00:00+00:00,SHORT,TBX7A,15.47,False,False
2022-06-14 12:30:00+00:00|LONG|TBX0 (a) or TBX1|1195.4864|36.07,2022-06-14 12:30:00+00:00,LONG,TBX0 (a) or TBX1,0.05,False,False
2022-06-19 07:15:00+00:00|LONG|TBX4|971.7856|32.67,2022-06-19 07:15:00+00:00,LONG,TBX4,3.44,False,False
2022-06-20 16:00:00+00:00|SHORT|TBX0|1108.13|31.05,2022-06-20 16:00:00+00:00,SHORT,TBX0,-0.51,False,False
2022-06-20 21:45:00+00:00|SHORT|TBX0|1101.1507|19.82,2022-06-20 21:45:00+00:00,SHORT,TBX0,-0.97,False,False
2022-06-22 11:00:00+00:00|LONG|TBX0|1096.72|10.83,2022-06-22 11:00:00+00:00,LONG,TBX0,-0.95,False,False
2022-06-22 13:45:00+00:00|LONG|TBX0|1108.2158|28.31,2022-06-22 13:45:00+00:00,LONG,TBX0,-0.28,False,False
2022-06-23 19:00:00+00:00|LONG|TBX0 (a) or TBX1|1107.72|19.16,2022-06-23 19:00:00+00:00,LONG,TBX0 (a) or TBX1,1.86,False,False
2022-06-24 07:15:00+00:00|LONG|TBX0 (a) or TBX1|1149.575|19.22,2022-06-24 07:15:00+00:00,LONG,TBX0 (a) or TBX1,0.25,False,False
2022-07-06 00:45:00+00:00|LONG|TBX7B|1151.5096|23.73,2022-07-06 00:45:00+00:00,LONG,TBX7B,-0.36,False,False
2022-07-06 04:00:00+00:00|LONG|TBX7B|1145.1275|32.54,2022-07-06 04:00:00+00:00,LONG,TBX7B,-0.46,False,False
2022-07-06 15:00:00+00:00|SHORT|TBX0|1132.85|8.49,2022-07-06 15:00:00+00:00,SHORT,TBX0,-1.25,False,False
2022-07-07 02:00:00+00:00|SHORT|TBX0|1170.16|19.16,2022-07-07 02:00:00+00:00,SHORT,TBX0,-0.33,False,False
2022-07-08 21:45:00+00:00|SHORT|TBX0 (a) or TBX1|1229.1788|20.15,2022-07-08 21:45:00+00:00,SHORT,TBX0 (a) or TBX1,0.16,False,False
2022-07-10 20:00:00+00:00|LONG|TBX0|1177.63|11.67,2022-07-10 20:00:00+00:00,LONG,TBX0,-0.75,False,False
2022-07-11 13:30:00+00:00|SHORT|TBX7B|1140.191|11.72,2022-07-11 13:30:00+00:00,SHORT,TBX7B,-0.23,False,False
2022-07-11 19:00:00+00:00|SHORT|TBX7B|1143.3629|12.49,2022-07-11 19:00:00+00:00,SHORT,TBX7B,5.23,False,False
2022-07-13 12:30:00+00:00|SHORT|TBX7B|1063.5355|37.78,2022-07-13 12:30:00+00:00,SHORT,TBX7B,-1.14,False,False
2022-07-14 11:00:00+00:00|SHORT|TBX0|1080.8|8.3,2022-07-14 11:00:00+00:00,SHORT,TBX0,-0.6,False,False
2022-07-17 22:00:00+00:00|SHORT|TBX0 (a) or TBX1|1338.27|34.77,2022-07-17 22:00:00+00:00,SHORT,TBX0 (a) or TBX1,-0.62,False,False
2022-07-19 16:00:00+00:00|LONG|TBX7B|1563.6|23.0,2022-07-19 16:00:00+00:00,LONG,TBX7B,-0.71,False,False
2022-07-21 21:00:00+00:00|LONG|TBX0 (a)|1589.5|10.19,2022-07-21 21:00:00+00:00,LONG,TBX0 (a),-1.0,False,False
2022-07-24 11:00:00+00:00|LONG|TBX0|1610.4687|28.53,2022-07-24 11:00:00+00:00,LONG,TBX0,-0.32,False,False
2022-07-26 03:00:00+00:00|LONG|TBX0|1432.06|49.65,2022-07-26 03:00:00+00:00,LONG,TBX0,-0.24,False,False
2022-08-03 05:30:00+00:00|LONG|TBX4|1627.44|36.76,2022-08-03 05:30:00+00:00,LONG,TBX4,0.64,False,False
2022-08-04 23:00:00+00:00|LONG|TBX0|1607.2|14.1,2022-08-04 23:00:00+00:00,LONG,TBX0,4.89,False,False
2022-08-05 15:00:00+00:00|SHORT|TBX0|1669.65|26.63,2022-08-05 15:00:00+00:00,SHORT,TBX0,-0.92,False,False
2022-08-07 14:30:00+00:00|SHORT|TBX0 (a)|1692.9416|17.06,2022-08-07 14:30:00+00:00,SHORT,TBX0 (a),-0.97,False,False
2022-08-16 07:00:00+00:00|LONG|TBX0|1885.72|16.53,2022-08-16 07:00:00+00:00,LONG,TBX0,0.11,False,False
2022-08-16 14:00:00+00:00|SHORT|TBX7B|1873.63|13.08,2022-08-16 14:00:00+00:00,SHORT,TBX7B,-0.95,False,False
2022-08-17 06:00:00+00:00|LONG|TBX0 (a)|1951.0|30.96,2022-08-17 06:00:00+00:00,LONG,TBX0 (a),-1.21,False,False
2022-08-19 18:00:00+00:00|SHORT|TBX7B|1699.2346|23.74,2022-08-19 18:00:00+00:00,SHORT,TBX7B,-0.87,False,False
2022-08-28 14:30:00+00:00|LONG|TBX0 (a) or TBX1|1482.9393|17.24,2022-08-28 14:30:00+00:00,LONG,TBX0 (a) or TBX1,-0.57,False,False
2022-08-29 16:00:00+00:00|LONG|TBX0 (a)|1536.44|20.63,2022-08-29 16:00:00+00:00,LONG,TBX0 (a),-0.54,False,False
2022-08-30 04:00:00+00:00|LONG|TBX0 (a)|1548.5138|22.25,2022-08-30 04:00:00+00:00,LONG,TBX0 (a),-0.29,False,False
2022-08-31 10:30:00+00:00|LONG|TBX7B|1589.7489|22.33,2022-08-31 10:30:00+00:00,LONG,TBX7B,-0.38,False,False
2022-08-31 19:00:00+00:00|LONG|TBX7B|1563.8799|22.35,2022-08-31 19:00:00+00:00,LONG,TBX7B,-0.22,False,False
2022-09-16 12:45:00+00:00|SHORT|TBX7A|1457.9013|19.75,2022-09-16 12:45:00+00:00,SHORT,TBX7A,0.78,False,False
2022-09-20 09:00:00+00:00|LONG|TBX0 (a) or TBX1|1359.59|17.3,2022-09-20 09:00:00+00:00,LONG,TBX0 (a) or TBX1,-0.58,False,False
2022-09-20 14:45:00+00:00|LONG|TBX0 (a) or TBX1|1355.4139|17.09,2022-09-20 14:45:00+00:00,LONG,TBX0 (a) or TBX1,-0.45,False,False
2022-10-06 00:00:00+00:00|LONG|TBX7B|1369.67|13.55,2022-10-06 00:00:00+00:00,LONG,TBX7B,-0.46,False,False
2022-10-06 11:30:00+00:00|LONG|TBX7B|1365.2888|10.88,2022-10-06 11:30:00+00:00,LONG,TBX7B,-0.18,False,False
2022-10-06 13:30:00+00:00|LONG|TBX7B|1375.4704|13.79,2022-10-06 13:30:00+00:00,LONG,TBX7B,-0.3,False,False
2022-10-07 07:00:00+00:00|LONG|TBX7B|1356.2621|8.72,2022-10-07 07:00:00+00:00,LONG,TBX7B,-0.29,False,False
2022-10-20 02:00:00+00:00|LONG|TBX0|1281.66|6.85,2022-10-20 02:00:00+00:00,LONG,TBX0,1.47,False,False
2022-10-20 13:00:00+00:00|LONG|TBX0|1297.01|8.45,2022-10-20 13:00:00+00:00,LONG,TBX0,-0.68,False,False
2022-10-20 16:00:00+00:00|SHORT|TBX7A|1289.86|9.0,2022-10-20 16:00:00+00:00,SHORT,TBX7A,-0.26,False,False
2022-10-24 09:30:00+00:00|LONG|TBX7B|1343.0961|7.43,2022-10-24 09:30:00+00:00,LONG,TBX7B,0.02,False,False
2022-10-25 12:00:00+00:00|LONG|TBX7A|1353.13|9.0,2022-10-25 12:00:00+00:00,LONG,TBX7A,33.25,False,False
2022-10-25 20:00:00+00:00|SHORT|TBX0|1473.36|23.13,2022-10-25 20:00:00+00:00,SHORT,TBX0,-0.39,False,False
2022-10-26 22:00:00+00:00|LONG|TBX7B|1571.7842|23.21,2022-10-26 22:00:00+00:00,LONG,TBX7B,-0.17,False,False
2022-10-28 16:00:00+00:00|LONG|TBX7A|1566.68|19.63,2022-10-28 16:00:00+00:00,LONG,TBX7A,-0.92,False,False
2022-11-03 00:00:00+00:00|LONG|TBX0|1530.41|19.31,2022-11-03 00:00:00+00:00,LONG,TBX0,0.84,False,False
2022-11-03 09:15:00+00:00|LONG|TBX0|1550.21|13.59,2022-11-03 09:15:00+00:00,LONG,TBX0,-0.8,False,False
2022-11-04 12:30:00+00:00|LONG|TBX0|1595.8243|25.79,2022-11-04 12:30:00+00:00,LONG,TBX0,0.67,False,False
2022-11-07 02:00:00+00:00|LONG|TBX0|1592.09|13.2,2022-11-07 02:00:00+00:00,LONG,TBX0,-0.97,False,False
2022-11-11 05:45:00+00:00|LONG|TBX0 (a) or TBX1|1268.0576|34.36,2022-11-11 05:45:00+00:00,LONG,TBX0 (a) or TBX1,0.1,False,False
2022-11-16 17:00:00+00:00|LONG|TBX0|1214.36|10.32,2022-11-16 17:00:00+00:00,LONG,TBX0,-1.15,False,False
2022-11-16 23:00:00+00:00|LONG|TBX0|1220.6813|22.72,2022-11-16 23:00:00+00:00,LONG,TBX0,-0.59,False,False
2022-11-18 06:00:00+00:00|LONG|TBX0 (a)|1218.31|8.81,2022-11-18 06:00:00+00:00,LONG,TBX0 (a),-0.92,False,False
2022-11-20 21:15:00+00:00|SHORT|TBX7A|1172.49|15.02,2022-11-20 21:15:00+00:00,SHORT,TBX7A,3.37,False,False
2022-11-22 12:00:00+00:00|LONG|TBX0|1097.8|26.21,2022-11-22 12:00:00+00:00,LONG,TBX0,1.22,False,False
2022-11-23 15:00:00+00:00|LONG|TBX0|1170.4987|13.29,2022-11-23 15:00:00+00:00,LONG,TBX0,-1.21,False,False
2022-11-23 18:45:00+00:00|LONG|TBX0|1170.05|27.08,2022-11-23 18:45:00+00:00,LONG,TBX0,0.2,False,False
2022-11-24 16:15:00+00:00|LONG|TBX0|1205.683|15.41,2022-11-24 16:15:00+00:00,LONG,TBX0,-0.59,False,False
2022-11-28 06:00:00+00:00|LONG|TBX0|1174.7|10.12,2022-11-28 06:00:00+00:00,LONG,TBX0,-0.97,False,False
2022-11-28 14:00:00+00:00|SHORT|TBX7B|1165.85|11.89,2022-11-28 14:00:00+00:00,SHORT,TBX7B,-0.27,False,False
2022-11-28 16:00:00+00:00|LONG|TBX0|1176.64|38.33,2022-11-28 16:00:00+00:00,LONG,TBX0,-0.42,False,False
2022-11-29 01:30:00+00:00|LONG|TBX0|1172.6539|11.69,2022-11-29 01:30:00+00:00,LONG,TBX0,2.7,False,False
2022-11-29 14:45:00+00:00|LONG|TBX0|1214.1385|7.07,2022-11-29 14:45:00+00:00,LONG,TBX0,-1.0,False,False
2022-11-29 15:30:00+00:00|LONG|TBX0|1213.3022|8.27,2022-11-29 15:30:00+00:00,LONG,TBX0,-0.85,False,False
2022-11-29 18:45:00+00:00|LONG|TBX0|1210.7345|4.11,2022-11-29 18:45:00+00:00,LONG,TBX0,0.61,False,False
2022-11-30 00:30:00+00:00|LONG|TBX0|1222.2235|9.32,2022-11-30 00:30:00+00:00,LONG,TBX0,4.93,False,False
2022-11-30 18:30:00+00:00|LONG|TBX0|1275.7826|13.83,2022-11-30 18:30:00+00:00,LONG,TBX0,0.88,False,False
2022-12-01 04:00:00+00:00|SHORT|TBX0|1283.29|7.02,2022-12-01 04:00:00+00:00,SHORT,TBX0,-0.18,False,False
2022-12-01 13:30:00+00:00|SHORT|TBX0|1280.5522|9.02,2022-12-01 13:30:00+00:00,SHORT,TBX0,-1.0,False,False
2022-12-01 13:45:00+00:00|SHORT|TBX0|1280.387|9.34,2022-12-01 13:45:00+00:00,SHORT,TBX0,0.3,False,False
2022-12-02 01:45:00+00:00|SHORT|TBX0|1272.0108|9.93,2022-12-02 01:45:00+00:00,SHORT,TBX0,-0.57,False,False
2022-12-02 13:00:00+00:00|LONG|TBX7A|1276.09|9.0,2022-12-02 13:00:00+00:00,LONG,TBX7A,4.78,False,False
2022-12-06 09:30:00+00:00|SHORT|TBX0 (a)|1256.3824|6.44,2022-12-06 09:30:00+00:00,SHORT,TBX0 (a),-0.07,False,False
2022-12-06 14:30:00+00:00|SHORT|TBX0 (a)|1251.1109|7.97,2022-12-06 14:30:00+00:00,SHORT,TBX0 (a),-0.75,False,False
2022-12-15 04:00:00+00:00|SHORT|TBX0 (a)|1292.4|2.52,2022-12-15 04:00:00+00:00,SHORT,TBX0 (a),39.02,False,False
2022-12-16 05:00:00+00:00|SHORT|TBX0 (a)|1267.11|7.47,2022-12-16 05:00:00+00:00,SHORT,TBX0 (a),-0.68,False,False
2022-12-16 08:45:00+00:00|SHORT|TBX0 (a)|1270.3339|7.48,2022-12-16 08:45:00+00:00,SHORT,TBX0 (a),16.86,False,False
2022-12-18 21:30:00+00:00|SHORT|TBX7A|1179.7503|5.44,2022-12-18 21:30:00+00:00,SHORT,TBX7A,-0.97,False,False
2022-12-18 23:45:00+00:00|SHORT|TBX7A|1182.8633|8.78,2022-12-18 23:45:00+00:00,SHORT,TBX7A,-0.97,False,False
2022-12-20 01:00:00+00:00|LONG|TBX7A|1185.22|9.11,2022-12-20 01:00:00+00:00,LONG,TBX7A,1.91,False,False
2022-12-21 07:00:00+00:00|LONG|TBX7A|1212.7596|5.36,2022-12-21 07:00:00+00:00,LONG,TBX7A,-1.59,False,False
2022-12-21 08:30:00+00:00|LONG|TBX7A|1213.1288|4.94,2022-12-21 08:30:00+00:00,LONG,TBX7A,-0.19,False,False
2022-12-21 14:30:00+00:00|LONG|TBX7A|1215.5889|3.89,2022-12-21 14:30:00+00:00,LONG,TBX7A,-1.0,False,False
2022-12-25 10:00:00+00:00|SHORT|TBX0|1218.88|2.09,2022-12-25 10:00:00+00:00,SHORT,TBX0,6.18,False,False
2022-12-26 07:00:00+00:00|LONG|TBX0 (a)|1219.91|4.22,2022-12-26 07:00:00+00:00,LONG,TBX0 (a),-0.58,False,False
2022-12-27 14:00:00+00:00|SHORT|TBX7A|1209.6|9.0,2022-12-27 14:00:00+00:00,SHORT,TBX7A,-1.0,False,False
2022-12-28 00:45:00+00:00|SHORT|TBX7A|1206.6313|7.02,2022-12-28 00:45:00+00:00,SHORT,TBX7A,-0.67,False,False
2022-12-28 15:00:00+00:00|SHORT|TBX7B|1188.75|11.52,2022-12-28 15:00:00+00:00,SHORT,TBX7B,-0.97,False,False
2022-12-29 02:15:00+00:00|SHORT|TBX7B|1187.2446|6.92,2022-12-29 02:15:00+00:00,SHORT,TBX7B,-1.38,False,False
2022-12-29 09:00:00+00:00|LONG|TBX0|1198.61|9.54,2022-12-29 09:00:00+00:00,LONG,TBX0,0.06,False,False
2022-12-29 19:00:00+00:00|LONG|TBX0|1201.5839|5.07,2022-12-29 19:00:00+00:00,LONG,TBX0,-0.83,False,False
2022-12-29 22:30:00+00:00|LONG|TBX0|1201.5746|7.92,2022-12-29 22:30:00+00:00,LONG,TBX0,-0.25,False,False
2023-01-02 01:00:00+00:00|SHORT|TBX7A|1194.55|9.0,2023-01-02 01:00:00+00:00,SHORT,TBX7A,-0.47,False,False
2023-01-02 08:00:00+00:00|LONG|TBX7B|1215.32|10.0,2023-01-02 08:00:00+00:00,LONG,TBX7B,0.25,False,False
2023-01-03 05:30:00+00:00|LONG|TBX7B|1216.0568|4.56,2023-01-03 05:30:00+00:00,LONG,TBX7B,-0.76,False,False
2023-01-03 09:45:00+00:00|LONG|TBX7B|1218.172|4.98,2023-01-03 09:45:00+00:00,LONG,TBX7B,-0.68,False,False
2023-01-03 20:15:00+00:00|LONG|TBX7B|1211.5324|4.13,2023-01-03 20:15:00+00:00,LONG,TBX7B,8.59,False,False
2023-01-08 09:15:00+00:00|LONG|TBX7B|1263.5359|1.61,2023-01-08 09:15:00+00:00,LONG,TBX7B,-1.57,False,False
2023-01-08 21:30:00+00:00|LONG|TBX7B|1271.5895|5.31,2023-01-08 21:30:00+00:00,LONG,TBX7B,22.66,False,False
2023-02-10 10:15:00+00:00|SHORT|TBX0 (a) or TBX1|1542.59|10.62,2023-02-10 10:15:00+00:00,SHORT,TBX0 (a) or TBX1,0.01,False,False
2023-02-10 15:30:00+00:00|SHORT|TBX0 (a) or TBX1|1525.0|27.23,2023-02-10 15:30:00+00:00,SHORT,TBX0 (a) or TBX1,-0.22,False,False
2023-02-10 21:00:00+00:00|SHORT|TBX0 (a) or TBX1|1521.2828|13.19,2023-02-10 21:00:00+00:00,SHORT,TBX0 (a) or TBX1,-0.07,False,False
2023-02-12 14:30:00+00:00|LONG|TBX4|1530.7452|6.92,2023-02-12 14:30:00+00:00,LONG,TBX4,0.35,False,False
2023-02-13 19:00:00+00:00|LONG|TBX0|1490.15|10.46,2023-02-13 19:00:00+00:00,LONG,TBX0,0.38,False,False
2023-02-14 14:45:00+00:00|LONG|TBX0|1518.1654|19.71,2023-02-14 14:45:00+00:00,LONG,TBX0,1.57,False,False
2023-02-15 09:30:00+00:00|LONG|TBX0|1549.2812|3.87,2023-02-15 09:30:00+00:00,LONG,TBX0,82.8,False,False
2023-02-16 13:00:00+00:00|SHORT|TBX0|1676.54|30.18,2023-02-16 13:00:00+00:00,SHORT,TBX0,-0.26,False,False
2023-02-16 13:30:00+00:00|LONG|TBX0|1693.0227|13.05,2023-02-16 13:30:00+00:00,LONG,TBX0,-0.75,False,False
2023-02-17 09:00:00+00:00|SHORT|TBX0 (a)|1663.76|14.61,2023-02-17 09:00:00+00:00,SHORT,TBX0 (a),-0.24,False,False
2023-02-17 14:45:00+00:00|SHORT|TBX0 (a)|1656.5443|22.69,2023-02-17 14:45:00+00:00,SHORT,TBX0 (a),-1.21,False,False
2023-02-17 21:45:00+00:00|SHORT|TBX0 (a)|1693.68|38.04,2023-02-17 21:45:00+00:00,SHORT,TBX0 (a),0.94,True,True
2023-02-19 16:00:00+00:00|LONG|TBX7A|1699.16|9.0,2023-02-19 16:00:00+00:00,LONG,TBX7A,-1.0,False,False
2023-02-20 14:30:00+00:00|LONG|TBX7A|1712.7377|10.42,2023-02-20 14:30:00+00:00,LONG,TBX7A,-1.0,False,False
2023-02-20 14:45:00+00:00|LONG|TBX7A|1711.6439|9.52,2023-02-20 14:45:00+00:00,LONG,TBX7A,-0.91,False,False
2023-02-20 19:45:00+00:00|LONG|TBX7A|1706.4529|10.97,2023-02-20 19:45:00+00:00,LONG,TBX7A,-1.13,True,True
2023-02-20 22:00:00+00:00|SHORT|TBX7A|1693.2|9.0,2023-02-20 22:00:00+00:00,SHORT,TBX7A,-0.97,False,False
2023-02-21 08:30:00+00:00|SHORT|TBX7A|1697.3103|9.4,2023-02-21 08:30:00+00:00,SHORT,TBX7A,2.61,False,False
2023-02-21 21:00:00+00:00|SHORT|TBX7A|1662.2181|15.92,2023-02-21 21:00:00+00:00,SHORT,TBX7A,0.56,False,False
2023-02-22 14:00:00+00:00|SHORT|TBX7A|1631.2245|17.46,2023-02-22 14:00:00+00:00,SHORT,TBX7A,0.39,False,False
2023-02-23 07:00:00+00:00|LONG|TBX0 (a)|1665.67|5.23,2023-02-23 07:00:00+00:00,LONG,TBX0 (a),-0.92,False,False
2023-02-26 13:00:00+00:00|LONG|TBX0 (a)|1600.92|9.27,2023-02-26 13:00:00+00:00,LONG,TBX0 (a),3.66,False,False
2023-02-28 19:15:00+00:00|SHORT|TBX0 (a)|1632.079|12.25,2023-02-28 19:15:00+00:00,SHORT,TBX0 (a),0.37,False,False
2023-03-03 01:15:00+00:00|SHORT|TBX7A|1635.6316|14.42,2023-03-03 01:15:00+00:00,SHORT,TBX7A,3.53,False,False
2023-03-05 21:00:00+00:00|LONG|TBX7A|1570.5544|8.55,2023-03-05 21:00:00+00:00,LONG,TBX7A,-0.75,False,False
2023-03-07 00:00:00+00:00|SHORT|TBX7A|1562.4352|8.77,2023-03-07 00:00:00+00:00,SHORT,TBX7A,-0.44,False,False
2023-03-07 07:00:00+00:00|SHORT|TBX7A|1570.3425|3.68,2023-03-07 07:00:00+00:00,SHORT,TBX7A,1.89,False,False
2023-03-07 20:00:00+00:00|SHORT|TBX0|1544.0172|20.32,2023-03-07 20:00:00+00:00,SHORT,TBX0,-0.56,False,False
2023-03-08 10:15:00+00:00|LONG|TBX0|1556.9455|5.27,2023-03-08 10:15:00+00:00,LONG,TBX0,-0.62,False,False
2023-03-08 15:00:00+00:00|SHORT|TBX7A|1559.5|9.0,2023-03-08 15:00:00+00:00,SHORT,TBX7A,-1.0,False,False
2023-03-08 21:00:00+00:00|SHORT|TBX0|1552.42|9.58,2023-03-08 21:00:00+00:00,SHORT,TBX0,1.27,False,False
2023-03-09 06:00:00+00:00|LONG|TBX0|1540.3|6.86,2023-03-09 06:00:00+00:00,LONG,TBX0,-0.56,False,False
2023-03-09 07:00:00+00:00|SHORT|TBX7B|1536.49|10.0,2023-03-09 07:00:00+00:00,SHORT,TBX7B,0.3,False,False
2023-03-09 12:15:00+00:00|SHORT|TBX7B|1529.9173|4.84,2023-03-09 12:15:00+00:00,SHORT,TBX7B,-1.04,False,False
2023-03-09 14:00:00+00:00|LONG|TBX0|1538.83|3.08,2023-03-09 14:00:00+00:00,LONG,TBX0,-0.97,False,False
2023-03-09 16:00:00+00:00|SHORT|TBX7B|1525.95|10.0,2023-03-09 16:00:00+00:00,SHORT,TBX7B,14.43,False,False
2023-03-16 12:45:00+00:00|SHORT|TBX0 (a)|1645.3057|17.02,2023-03-16 12:45:00+00:00,SHORT,TBX0 (a),-0.39,False,False
2023-03-17 01:15:00+00:00|LONG|TBX7A|1682.5316|24.14,2023-03-17 01:15:00+00:00,LONG,TBX7A,1.51,False,False
2023-03-19 11:00:00+00:00|SHORT|TBX0 (a)|1768.527|11.0,2023-03-19 11:00:00+00:00,SHORT,TBX0 (a),-1.18,False,False
2023-03-21 10:00:00+00:00|LONG|TBX0|1756.91|12.09,2023-03-21 10:00:00+00:00,LONG,TBX0,1.39,False,False
2023-03-22 12:15:00+00:00|LONG|TBX0|1795.71|15.35,2023-03-22 12:15:00+00:00,LONG,TBX0,0.13,False,False
2023-03-22 18:00:00+00:00|LONG|TBX0|1806.6117|28.32,2023-03-22 18:00:00+00:00,LONG,TBX0,-1.2,False,False
2023-03-28 05:00:00+00:00|LONG|TBX0|1723.61|13.95,2023-03-28 05:00:00+00:00,LONG,TBX0,-0.53,False,False
2023-03-28 11:15:00+00:00|LONG|TBX0|1727.188|13.6,2023-03-28 11:15:00+00:00,LONG,TBX0,0.04,False,False
2023-03-29 13:45:00+00:00|LONG|TBX0|1815.2861|10.4,2023-03-29 13:45:00+00:00,LONG,TBX0,-0.97,False,False
2023-03-29 19:45:00+00:00|LONG|TBX0|1808.6811|10.92,2023-03-29 19:45:00+00:00,LONG,TBX0,-0.85,False,False
2023-03-30 02:15:00+00:00|LONG|TBX0|1800.3472|15.16,2023-03-30 02:15:00+00:00,LONG,TBX0,-0.23,False,False
2023-03-30 16:00:00+00:00|SHORT|TBX7B|1785.0|10.0,2023-03-30 16:00:00+00:00,SHORT,TBX7B,0.03,False,False
2023-04-03 07:00:00+00:00|LONG|TBX0|1794.0|11.45,2023-04-03 07:00:00+00:00,LONG,TBX0,0.35,False,False
2023-04-03 18:15:00+00:00|LONG|TBX0|1808.9057|18.7,2023-04-03 18:15:00+00:00,LONG,TBX0,-0.45,False,False
2023-04-04 09:00:00+00:00|LONG|TBX7A|1828.43|9.0,2023-04-04 09:00:00+00:00,LONG,TBX7A,6.87,False,False
2023-04-05 00:15:00+00:00|LONG|TBX7A|1873.7438|10.02,2023-04-05 00:15:00+00:00,LONG,TBX7A,5.63,False,False
2023-04-06 18:30:00+00:00|SHORT|TBX0|1869.0837|10.24,2023-04-06 18:30:00+00:00,SHORT,TBX0,-1.06,False,False
2023-04-07 02:30:00+00:00|SHORT|TBX0|1869.1653|11.89,2023-04-07 02:30:00+00:00,SHORT,TBX0,0.62,False,False
2023-04-07 16:30:00+00:00|SHORT|TBX0|1851.6687|9.03,2023-04-07 16:30:00+00:00,SHORT,TBX0,-0.63,False,False
2023-04-09 14:15:00+00:00|SHORT|TBX7B|1829.2205|15.77,2023-04-09 14:15:00+00:00,SHORT,TBX7B,-0.96,False,False
2023-04-10 14:30:00+00:00|LONG|TBX0 (a)|1857.0187|7.93,2023-04-10 14:30:00+00:00,LONG,TBX0 (a),5.62,False,False
2023-04-11 05:00:00+00:00|SHORT|TBX0|1913.06|12.58,2023-04-11 05:00:00+00:00,SHORT,TBX0,-0.48,False,False
2023-04-12 13:00:00+00:00|LONG|TBX0|1885.35|11.76,2023-04-12 13:00:00+00:00,LONG,TBX0,0.98,False,False
2023-04-12 21:15:00+00:00|LONG|TBX0|1916.0948|23.61,2023-04-12 21:15:00+00:00,LONG,TBX0,-0.49,False,False
2023-04-13 03:30:00+00:00|LONG|TBX0|1916.1572|14.82,2023-04-13 03:30:00+00:00,LONG,TBX0,-0.53,False,False
2023-04-13 07:45:00+00:00|LONG|TBX0|1921.1244|14.62,2023-04-13 07:45:00+00:00,LONG,TBX0,5.37,False,False
2023-04-13 22:30:00+00:00|LONG|TBX0|2017.5152|16.06,2023-04-13 22:30:00+00:00,LONG,TBX0,3.12,False,False
2023-04-18 23:00:00+00:00|LONG|TBX7A|2103.29|9.0,2023-04-18 23:00:00+00:00,LONG,TBX7A,-0.95,False,False
2023-04-19 06:00:00+00:00|SHORT|TBX7B|2068.55|14.9,2023-04-19 06:00:00+00:00,SHORT,TBX7B,5.26,False,False
2023-04-20 16:00:00+00:00|SHORT|TBX7B|1936.51|16.65,2023-04-20 16:00:00+00:00,SHORT,TBX7B,-0.27,False,False
2023-04-21 05:45:00+00:00|SHORT|TBX7B|1932.1929|13.96,2023-04-21 05:45:00+00:00,SHORT,TBX7B,0.5,False,False
2023-04-21 12:00:00+00:00|SHORT|TBX7B|1900.5449|23.14,2023-04-21 12:00:00+00:00,SHORT,TBX7B,2.17,False,False
2023-04-24 06:00:00+00:00|SHORT|TBX7A|1846.81|9.0,2023-04-24 06:00:00+00:00,SHORT,TBX7A,-0.59,False,False
2023-04-24 14:30:00+00:00|SHORT|TBX7A|1848.0377|19.75,2023-04-24 14:30:00+00:00,SHORT,TBX7A,1.23,False,False
2023-04-25 08:00:00+00:00|LONG|TBX0|1823.72|28.58,2023-04-25 08:00:00+00:00,LONG,TBX0,-0.33,False,False
2023-04-25 11:00:00+00:00|LONG|TBX0|1825.22|13.83,2023-04-25 11:00:00+00:00,LONG,TBX0,-0.92,False,False
2023-04-25 14:00:00+00:00|SHORT|TBX7B|1811.28|10.0,2023-04-25 14:00:00+00:00,SHORT,TBX7B,-1.0,False,False
2023-04-26 00:00:00+00:00|LONG|TBX0 (a)|1866.3|6.45,2023-04-26 00:00:00+00:00,LONG,TBX0 (a),-0.97,False,False
2023-04-26 07:00:00+00:00|SHORT|TBX0|1861.09|6.62,2023-04-26 07:00:00+00:00,SHORT,TBX0,-0.97,False,False
2023-04-26 08:00:00+00:00|LONG|TBX7A|1876.37|10.18,2023-04-26 08:00:00+00:00,LONG,TBX7A,4.63,False,False
2023-04-27 12:30:00+00:00|SHORT|TBX4|1872.0953|29.91,2023-04-27 12:30:00+00:00,SHORT,TBX4,-0.85,False,False
2023-04-28 19:00:00+00:00|LONG|TBX7B|1900.339|21.37,2023-04-28 19:00:00+00:00,LONG,TBX7B,-0.57,False,False
2023-04-30 13:15:00+00:00|LONG|TBX7A|1906.2542|9.13,2023-04-30 13:15:00+00:00,LONG,TBX7A,1.09,False,False
2023-04-30 18:00:00+00:00|SHORT|TBX0|1917.28|7.11,2023-04-30 18:00:00+00:00,SHORT,TBX0,10.38,False,False
2023-05-01 09:45:00+00:00|SHORT|TBX0|1843.948|6.71,2023-05-01 09:45:00+00:00,SHORT,TBX0,-0.72,False,False
2023-05-01 13:30:00+00:00|SHORT|TBX0|1843.8313|5.53,2023-05-01 13:30:00+00:00,SHORT,TBX0,1.4,False,False
2023-05-02 01:45:00+00:00|SHORT|TBX0|1823.8005|10.48,2023-05-02 01:45:00+00:00,SHORT,TBX0,-0.66,False,False
2023-05-02 09:00:00+00:00|SHORT|TBX0|1828.7112|10.03,2023-05-02 09:00:00+00:00,SHORT,TBX0,-0.55,False,False
2023-05-02 13:30:00+00:00|SHORT|TBX0|1826.3016|11.48,2023-05-02 13:30:00+00:00,SHORT,TBX0,-0.72,False,False
2023-05-02 18:00:00+00:00|LONG|TBX0 (a)|1869.93|16.26,2023-05-02 18:00:00+00:00,LONG,TBX0 (a),-0.33,False,False
2023-05-03 06:30:00+00:00|LONG|TBX0 (a)|1864.5456|6.19,2023-05-03 06:30:00+00:00,LONG,TBX0 (a),-0.25,False,False
2023-05-03 21:15:00+00:00|LONG|TBX0 (a)|1885.135|21.24,2023-05-03 21:15:00+00:00,LONG,TBX0 (a),0.43,False,False
2023-05-07 09:15:00+00:00|SHORT|TBX0 (a) or TBX1|1899.2018|8.1,2023-05-07 09:15:00+00:00,SHORT,TBX0 (a) or TBX1,-0.97,False,False
2023-05-07 10:00:00+00:00|SHORT|TBX0 (a) or TBX1|1900.22|10.27,2023-05-07 10:00:00+00:00,SHORT,TBX0 (a) or TBX1,-0.61,False,False
2023-05-07 21:45:00+00:00|SHORT|TBX0 (a) or TBX1|1908.6628|10.99,2023-05-07 21:45:00+00:00,SHORT,TBX0 (a) or TBX1,4.25,False,False
2023-05-14 12:45:00+00:00|LONG|TBX0 (a)|1804.2559|7.52,2023-05-14 12:45:00+00:00,LONG,TBX0 (a),0.35,False,False
2023-05-14 17:00:00+00:00|SHORT|TBX0|1805.29|5.94,2023-05-14 17:00:00+00:00,SHORT,TBX0,1.04,False,False
2023-05-15 23:00:00+00:00|SHORT|TBX0|1815.56|9.0,2023-05-15 23:00:00+00:00,SHORT,TBX0,0.29,False,False
2023-05-16 13:30:00+00:00|SHORT|TBX0|1812.5006|10.38,2023-05-16 13:30:00+00:00,SHORT,TBX0,-1.1,False,False
2023-05-16 19:45:00+00:00|SHORT|TBX0|1816.5653|8.9,2023-05-16 19:45:00+00:00,SHORT,TBX0,-1.38,False,False
2023-05-17 01:00:00+00:00|LONG|TBX7A|1830.51|9.0,2023-05-17 01:00:00+00:00,LONG,TBX7A,-0.92,False,False
2023-05-17 11:00:00+00:00|SHORT|TBX7B|1789.41|11.68,2023-05-17 11:00:00+00:00,SHORT,TBX7B,-0.97,False,False
2023-05-17 17:00:00+00:00|LONG|TBX0|1815.12|19.39,2023-05-17 17:00:00+00:00,LONG,TBX0,0.28,False,False
2023-05-18 07:30:00+00:00|LONG|TBX0|1821.9279|7.9,2023-05-18 07:30:00+00:00,LONG,TBX0,-0.15,False,False
2023-05-18 14:30:00+00:00|LONG|TBX0|1822.1179|9.22,2023-05-18 14:30:00+00:00,LONG,TBX0,-1.0,False,False
2023-05-21 14:15:00+00:00|LONG|TBX7A|1814.1247|6.88,2023-05-21 14:15:00+00:00,LONG,TBX7A,-0.66,False,False
2023-05-22 01:00:00+00:00|SHORT|TBX7B|1793.36|10.0,2023-05-22 01:00:00+00:00,SHORT,TBX7B,-0.92,False,False
2023-05-22 12:45:00+00:00|SHORT|TBX7B|1810.5612|5.63,2023-05-22 12:45:00+00:00,SHORT,TBX7B,-0.95,False,False
2023-05-22 14:00:00+00:00|SHORT|TBX7B|1809.5591|15.19,2023-05-22 14:00:00+00:00,SHORT,TBX7B,-0.92,False,False
2023-05-23 14:45:00+00:00|LONG|TBX7B|1855.3286|9.66,2023-05-23 14:45:00+00:00,LONG,TBX7B,-0.8,False,False
2023-06-14 05:15:00+00:00|SHORT|TBX7A|1739.4365|6.64,2023-06-14 05:15:00+00:00,SHORT,TBX7A,-0.8,False,False
2023-06-14 18:00:00+00:00|SHORT|TBX7A|1733.12|9.0,2023-06-14 18:00:00+00:00,SHORT,TBX7A,14.56,False,False
2023-06-14 18:45:00+00:00|LONG|TBX0|1743.9963|14.16,2023-06-14 18:45:00+00:00,LONG,TBX0,-0.92,False,False
2023-06-16 10:00:00+00:00|LONG|TBX0 (a)|1669.94|5.37,2023-06-16 10:00:00+00:00,LONG,TBX0 (a),-0.76,False,False
2023-06-16 13:15:00+00:00|LONG|TBX0 (a)|1671.0823|8.48,2023-06-16 13:15:00+00:00,LONG,TBX0 (a),-1.82,False,False
2023-06-16 14:45:00+00:00|LONG|TBX0 (a)|1673.4592|13.33,2023-06-16 14:45:00+00:00,LONG,TBX0 (a),4.26,False,False
2023-06-19 09:15:00+00:00|SHORT|TBX7A|1720.064|5.06,2023-06-19 09:15:00+00:00,SHORT,TBX7A,-1.01,False,False
2023-06-19 10:45:00+00:00|SHORT|TBX7A|1720.2099|4.89,2023-06-19 10:45:00+00:00,SHORT,TBX7A,-0.86,False,False
2023-06-19 18:45:00+00:00|SHORT|TBX7A|1721.2583|24.32,2023-06-19 18:45:00+00:00,SHORT,TBX7A,-0.97,False,False
2023-06-20 14:00:00+00:00|SHORT|TBX7A|1719.26|9.0,2023-06-20 14:00:00+00:00,SHORT,TBX7A,-0.93,True,True
2023-06-20 17:00:00+00:00|LONG|TBX7B|1768.24|22.37,2023-06-20 17:00:00+00:00,LONG,TBX7B,1.78,False,False
2023-06-21 08:00:00+00:00|SHORT|TBX0|1808.51|6.04,2023-06-21 08:00:00+00:00,SHORT,TBX0,-0.92,False,False
2023-06-21 13:45:00+00:00|LONG|TBX7B|1839.0058|28.0,2023-06-21 13:45:00+00:00,LONG,TBX7B,1.72,False,False
2023-06-23 04:00:00+00:00|SHORT|TBX0 (a)|1880.13|6.06,2023-06-23 04:00:00+00:00,SHORT,TBX0 (a),-0.97,False,False
2023-06-23 12:15:00+00:00|SHORT|TBX0 (a)|1873.8414|10.29,2023-06-23 12:15:00+00:00,SHORT,TBX0 (a),-0.59,False,False
2023-06-26 15:00:00+00:00|LONG|TBX7A|1888.45|9.0,2023-06-26 15:00:00+00:00,LONG,TBX7A,-0.95,False,False
2023-06-30 00:15:00+00:00|LONG|TBX0 (a)|1855.7784|10.09,2023-06-30 00:15:00+00:00,LONG,TBX0 (a),-0.82,False,False
2023-06-30 02:00:00+00:00|LONG|TBX0 (a)|1851.7992|9.86,2023-06-30 02:00:00+00:00,LONG,TBX0 (a),4.11,False,False
2023-06-30 12:00:00+00:00|LONG|TBX0 (a)|1895.1546|15.75,2023-06-30 12:00:00+00:00,LONG,TBX0 (a),-0.42,False,False
2023-06-30 16:00:00+00:00|LONG|TBX7A|1897.97|31.21,2023-06-30 16:00:00+00:00,LONG,TBX7A,1.06,False,False
2023-07-04 12:30:00+00:00|SHORT|TBX0 (a) or TBX1|1954.2589|5.59,2023-07-04 12:30:00+00:00,SHORT,TBX0 (a) or TBX1,-0.92,False,False
2023-07-04 16:45:00+00:00|SHORT|TBX0 (a) or TBX1|1950.262|10.51,2023-07-04 16:45:00+00:00,SHORT,TBX0 (a) or TBX1,0.88,False,False
2023-07-06 03:00:00+00:00|LONG|TBX0|1912.56|4.5,2023-07-06 03:00:00+00:00,LONG,TBX0,2.5,False,False
2023-07-06 12:00:00+00:00|SHORT|TBX7B|1900.01|21.09,2023-07-06 12:00:00+00:00,SHORT,TBX7B,2.04,False,False
2023-07-07 10:00:00+00:00|LONG|TBX0|1863.0|7.33,2023-07-07 10:00:00+00:00,LONG,TBX0,-0.97,False,False
2023-07-07 12:30:00+00:00|LONG|TBX0|1863.4359|7.68,2023-07-07 12:30:00+00:00,LONG,TBX0,0.07,False,False
2023-07-07 21:00:00+00:00|LONG|TBX0|1867.5583|9.21,2023-07-07 21:00:00+00:00,LONG,TBX0,-0.2,False,False
2023-07-09 21:15:00+00:00|SHORT|TBX4|1876.783|3.02,2023-07-09 21:15:00+00:00,SHORT,TBX4,4.26,False,False
2023-09-04 02:45:00+00:00|LONG|TBX7A|1637.3184|5.95,2023-09-04 02:45:00+00:00,LONG,TBX7A,-0.34,False,False
2023-09-04 11:00:00+00:00|SHORT|TBX7A|1631.46|9.0,2023-09-04 11:00:00+00:00,SHORT,TBX7A,-0.81,False,False
2023-09-04 14:45:00+00:00|SHORT|TBX7A|1629.1174|5.0,2023-09-04 14:45:00+00:00,SHORT,TBX7A,-0.74,False,False
2023-09-04 17:00:00+00:00|LONG|TBX0|1629.75|4.26,2023-09-04 17:00:00+00:00,LONG,TBX0,-0.94,False,False
2023-10-06 07:00:00+00:00|LONG|TBX0|1622.5931|3.96,2023-10-06 07:00:00+00:00,LONG,TBX0,1.62,False,False
2023-10-06 12:00:00+00:00|SHORT|TBX7B|1614.82|14.38,2023-10-06 12:00:00+00:00,SHORT,TBX7B,-0.95,False,False
2023-10-06 14:00:00+00:00|LONG|TBX0|1633.52|11.49,2023-10-06 14:00:00+00:00,LONG,TBX0,1.81,False,False
2023-10-10 02:00:00+00:00|LONG|TBX0|1589.27|13.26,2023-10-10 02:00:00+00:00,LONG,TBX0,-0.55,False,False
2023-10-10 14:00:00+00:00|LONG|TBX0|1582.1268|11.46,2023-10-10 14:00:00+00:00,LONG,TBX0,-0.73,False,False
2023-10-10 14:00:00+00:00|SHORT|TBX7B|1571.12|11.04,2023-10-10 14:00:00+00:00,SHORT,TBX7B,0.2,False,False
2023-10-11 02:15:00+00:00|SHORT|TBX7B|1566.5716|6.55,2023-10-11 02:15:00+00:00,SHORT,TBX7B,0.52,False,False
2023-10-11 16:00:00+00:00|SHORT|TBX7B|1553.21|10.0,2023-10-11 16:00:00+00:00,SHORT,TBX7B,-0.28,False,False
2023-10-12 00:30:00+00:00|SHORT|TBX7B|1561.2441|4.94,2023-10-12 00:30:00+00:00,SHORT,TBX7B,-0.19,False,False
2023-10-12 07:15:00+00:00|SHORT|TBX7B|1559.8659|6.44,2023-10-12 07:15:00+00:00,SHORT,TBX7B,1.24,False,False
2023-10-12 11:00:00+00:00|LONG|TBX0|1551.49|7.91,2023-10-12 11:00:00+00:00,LONG,TBX0,-1.0,False,False
2023-10-17 07:45:00+00:00|LONG|TBX7B|1589.7278|6.28,2023-10-17 07:45:00+00:00,LONG,TBX7B,-1.71,False,False
2023-10-18 07:00:00+00:00|SHORT|TBX0 (a)|1565.4551|9.73,2023-10-18 07:00:00+00:00,SHORT,TBX0 (a),-1.13,False,False
2023-10-18 09:45:00+00:00|SHORT|TBX0 (a)|1570.7395|10.03,2023-10-18 09:45:00+00:00,SHORT,TBX0 (a),-0.97,False,False
2023-10-18 14:00:00+00:00|SHORT|TBX0 (a)|1570.4298|9.03,2023-10-18 14:00:00+00:00,SHORT,TBX0 (a),-0.41,False,False
2023-10-19 01:30:00+00:00|SHORT|TBX0 (a)|1557.281|8.31,2023-10-19 01:30:00+00:00,SHORT,TBX0 (a),0.59,False,False
2023-10-19 14:00:00+00:00|LONG|TBX0|1560.47|9.69,2023-10-19 14:00:00+00:00,LONG,TBX0,-0.11,False,False
2023-10-19 19:30:00+00:00|LONG|TBX0|1568.38|12.93,2023-10-19 19:30:00+00:00,LONG,TBX0,-0.59,False,False
2023-10-20 02:00:00+00:00|LONG|TBX0|1568.0198|6.36,2023-10-20 02:00:00+00:00,LONG,TBX0,8.32,False,False
2023-10-22 04:45:00+00:00|LONG|TBX0|1635.3268|11.5,2023-10-22 04:45:00+00:00,LONG,TBX0,-0.06,False,False
2023-10-22 17:00:00+00:00|LONG|TBX7B|1635.0|10.0,2023-10-22 17:00:00+00:00,LONG,TBX7B,8.09,False,False
2023-10-23 14:15:00+00:00|LONG|TBX7B|1679.0814|11.35,2023-10-23 14:15:00+00:00,LONG,TBX7B,20.24,False,False
2023-10-27 00:30:00+00:00|SHORT|TBX7B|1796.3235|15.77,2023-10-27 00:30:00+00:00,SHORT,TBX7B,0.04,False,False
2023-10-27 07:30:00+00:00|SHORT|TBX7B|1785.2423|10.64,2023-10-27 07:30:00+00:00,SHORT,TBX7B,-1.16,False,False
2023-10-27 14:15:00+00:00|SHORT|TBX7B|1778.028|16.99,2023-10-27 14:15:00+00:00,SHORT,TBX7B,-0.1,False,False
2023-10-27 20:00:00+00:00|LONG|TBX0|1781.34|9.23,2023-10-27 20:00:00+00:00,LONG,TBX0,0.75,False,False
2023-11-02 05:00:00+00:00|SHORT|TBX0|1835.94|19.54,2023-11-02 05:00:00+00:00,SHORT,TBX0,-0.28,False,False
2023-11-02 13:00:00+00:00|SHORT|TBX0|1830.9194|9.06,2023-11-02 13:00:00+00:00,SHORT,TBX0,5.69,False,False
2023-11-02 20:30:00+00:00|SHORT|TBX0|1800.6073|13.12,2023-11-02 20:30:00+00:00,SHORT,TBX0,0.62,False,False
2023-11-03 04:45:00+00:00|SHORT|TBX0|1787.5585|11.35,2023-11-03 04:45:00+00:00,SHORT,TBX0,-1.2,False,False
2023-11-03 08:45:00+00:00|SHORT|TBX0|1789.1447|16.24,2023-11-03 08:45:00+00:00,SHORT,TBX0,-0.38,False,False
2023-11-06 04:30:00+00:00|SHORT|TBX0 (a) or TBX1|1877.0313|16.53,2023-11-06 04:30:00+00:00,SHORT,TBX0 (a) or TBX1,-0.43,False,False
2023-11-06 10:00:00+00:00|LONG|TBX7A|1895.98|9.0,2023-11-06 10:00:00+00:00,LONG,TBX7A,-0.3,False,False
2023-11-06 14:00:00+00:00|LONG|TBX7A|1909.3064|16.66,2023-11-06 14:00:00+00:00,LONG,TBX7A,-0.37,False,False
2023-11-06 22:45:00+00:00|LONG|TBX7A|1904.2253|15.65,2023-11-06 22:45:00+00:00,LONG,TBX7A,-0.97,False,False
2023-11-07 02:00:00+00:00|SHORT|TBX7A|1881.32|9.0,2023-11-07 02:00:00+00:00,SHORT,TBX7A,-0.97,False,False
2023-11-07 20:00:00+00:00|LONG|TBX7A|1902.18|9.0,2023-11-07 20:00:00+00:00,LONG,TBX7A,-0.95,True,True
2023-11-08 23:45:00+00:00|LONG|TBX7A|1898.6672|13.16,2023-11-08 23:45:00+00:00,LONG,TBX7A,-0.7,True,False
2023-11-09 00:30:00+00:00|LONG|TBX7A|1902.39|23.59,2023-11-09 00:30:00+00:00,LONG,TBX7A,0.33,True,False
2023-11-09 14:00:00+00:00|LONG|TBX7A|1925.6519|21.53,2023-11-09 14:00:00+00:00,LONG,TBX7A,7.84,False,False
2023-11-10 08:00:00+00:00|SHORT|TBX0|2099.99|13.2,2023-11-10 08:00:00+00:00,SHORT,TBX0,-0.24,False,False
2023-11-12 09:30:00+00:00|SHORT|TBX7A|2048.9296|10.74,2023-11-12 09:30:00+00:00,SHORT,TBX7A,-0.68,False,False
2023-11-13 03:00:00+00:00|SHORT|TBX7A|2041.16|15.9,2023-11-13 03:00:00+00:00,SHORT,TBX7A,-0.31,False,False
2023-11-13 14:45:00+00:00|SHORT|TBX7A|2040.5198|28.45,2023-11-13 14:45:00+00:00,SHORT,TBX7A,-0.5,False,False
2023-11-13 21:00:00+00:00|SHORT|TBX0|2060.35|29.45,2023-11-13 21:00:00+00:00,SHORT,TBX0,-0.05,True,True
2023-11-15 21:00:00+00:00|LONG|TBX0 (a)|2047.36|13.25,2023-11-15 21:00:00+00:00,LONG,TBX0 (a),0.49,False,False
2023-11-16 11:00:00+00:00|LONG|TBX0 (a)|2053.813|15.89,2023-11-16 11:00:00+00:00,LONG,TBX0 (a),-0.25,False,False
2023-11-17 07:45:00+00:00|SHORT|TBX0 (a)|1972.3719|15.05,2023-11-17 07:45:00+00:00,SHORT,TBX0 (a),1.06,False,False
2023-11-19 09:30:00+00:00|LONG|TBX0 (a) or TBX1|1965.0516|6.91,2023-11-19 09:30:00+00:00,LONG,TBX0 (a) or TBX1,-0.95,False,False
2023-11-19 15:15:00+00:00|LONG|TBX0 (a) or TBX1|1962.4|17.74,2023-11-19 15:15:00+00:00,LONG,TBX0 (a) or TBX1,3.3,False,False
2023-11-20 14:30:00+00:00|LONG|TBX0 (a) or TBX1|2030.55|29.06,2023-11-20 14:30:00+00:00,LONG,TBX0 (a) or TBX1,-0.35,False,False
2023-11-22 13:00:00+00:00|LONG|TBX0 (a)|2030.98|17.28,2023-11-22 13:00:00+00:00,LONG,TBX0 (a),2.8,False,False
2023-11-23 08:30:00+00:00|LONG|TBX0 (a)|2078.0328|22.8,2023-11-23 08:30:00+00:00,LONG,TBX0 (a),-0.23,False,False
2023-11-23 23:30:00+00:00|SHORT|TBX0 (a) or TBX1|2062.27|20.39,2023-11-23 23:30:00+00:00,SHORT,TBX0 (a) or TBX1,-0.64,False,False
2023-11-24 03:30:00+00:00|SHORT|TBX0 (a) or TBX1|2066.69|9.74,2023-11-24 03:30:00+00:00,SHORT,TBX0 (a) or TBX1,-0.62,False,False
2023-11-24 07:15:00+00:00|SHORT|TBX0 (a) or TBX1|2066.27|11.98,2023-11-24 07:15:00+00:00,SHORT,TBX0 (a) or TBX1,-0.8,False,False
2023-11-26 11:00:00+00:00|SHORT|TBX0 (a) or TBX1|2081.8515|12.22,2023-11-26 11:00:00+00:00,SHORT,TBX0 (a) or TBX1,-0.6,False,False
2023-11-26 13:15:00+00:00|SHORT|TBX0 (a) or TBX1|2076.5551|15.02,2023-11-26 13:15:00+00:00,SHORT,TBX0 (a) or TBX1,0.54,True,False
2023-11-26 19:00:00+00:00|LONG|TBX0|2056.63|10.36,2023-11-26 19:00:00+00:00,LONG,TBX0,0.74,False,False
2023-11-27 10:15:00+00:00|SHORT|TBX7B|2035.8332|15.18,2023-11-27 10:15:00+00:00,SHORT,TBX7B,0.59,False,False
2023-11-27 22:00:00+00:00|LONG|TBX0|2020.23|12.37,2023-11-27 22:00:00+00:00,LONG,TBX0,-0.22,False,False
2023-11-30 11:00:00+00:00|LONG|TBX0|2045.23|18.31,2023-11-30 11:00:00+00:00,LONG,TBX0,-0.72,False,False
2023-12-04 12:45:00+00:00|LONG|TBX7B|2254.5915|27.9,2023-12-04 12:45:00+00:00,LONG,TBX7B,-0.64,False,False
2023-12-04 14:00:00+00:00|SHORT|TBX0|2225.61|17.86,2023-12-04 14:00:00+00:00,SHORT,TBX0,-0.82,False,False
2023-12-04 22:45:00+00:00|SHORT|TBX0|2220.4409|32.21,2023-12-04 22:45:00+00:00,SHORT,TBX0,-0.95,False,False
2023-12-05 02:00:00+00:00|SHORT|TBX0|2227.5308|25.85,2023-12-05 02:00:00+00:00,SHORT,TBX0,0.13,False,False
2023-12-10 20:00:00+00:00|LONG|TBX7A|2378.48|14.24,2023-12-10 20:00:00+00:00,LONG,TBX7A,-0.97,False,False
2023-12-13 13:00:00+00:00|LONG|TBX0|2192.15|12.47,2023-12-13 13:00:00+00:00,LONG,TBX0,2.77,False,False
2023-12-14 05:45:00+00:00|LONG|TBX0|2262.44|15.16,2023-12-14 05:45:00+00:00,LONG,TBX0,2.83,False,False
2023-12-14 22:45:00+00:00|LONG|TBX0|2312.98|25.28,2023-12-14 22:45:00+00:00,LONG,TBX0,-0.79,False,False
2023-12-15 12:00:00+00:00|SHORT|TBX0|2268.7969|14.18,2023-12-15 12:00:00+00:00,SHORT,TBX0,2.48,False,False
2023-12-15 20:00:00+00:00|LONG|TBX0|2251.23|12.14,2023-12-15 20:00:00+00:00,LONG,TBX0,-0.97,False,False
2023-12-17 23:00:00+00:00|SHORT|TBX7B|2197.93|19.25,2023-12-17 23:00:00+00:00,SHORT,TBX7B,2.06,False,False
2023-12-18 14:00:00+00:00|LONG|TBX0|2170.32|20.84,2023-12-18 14:00:00+00:00,LONG,TBX0,3.26,False,False
2023-12-20 11:30:00+00:00|SHORT|TBX0 (a)|2205.7711|16.9,2023-12-20 11:30:00+00:00,SHORT,TBX0 (a),-0.89,False,False
2023-12-20 13:00:00+00:00|LONG|TBX7A|2249.62|23.6,2023-12-20 13:00:00+00:00,LONG,TBX7A,-0.9,False,False
2023-12-21 04:30:00+00:00|LONG|TBX7A|2206.988|18.48,2023-12-21 04:30:00+00:00,LONG,TBX7A,1.7,False,False
2023-12-22 04:45:00+00:00|LONG|TBX7A|2262.8456|32.34,2023-12-22 04:45:00+00:00,LONG,TBX7A,-0.56,False,False
2023-12-27 13:00:00+00:00|LONG|TBX0 (a)|2295.21|19.54,2023-12-27 13:00:00+00:00,LONG,TBX0 (a),5.26,False,False
2023-12-28 10:30:00+00:00|LONG|TBX0 (a)|2404.6469|24.94,2023-12-28 10:30:00+00:00,LONG,TBX0 (a),-0.39,False,False
2023-12-28 13:15:00+00:00|LONG|TBX0 (a)|2406.6631|32.3,2023-12-28 13:15:00+00:00,LONG,TBX0 (a),-0.92,False,False
2024-01-01 11:00:00+00:00|LONG|TBX7A|2306.72|9.0,2024-01-01 11:00:00+00:00,LONG,TBX7A,-1.0,False,False
2024-01-04 07:45:00+00:00|SHORT|TBX0 (a) or TBX1|2222.853|21.08,2024-01-04 07:45:00+00:00,SHORT,TBX0 (a) or TBX1,-0.38,False,False
2024-01-04 22:45:00+00:00|SHORT|TBX0 (a) or TBX1|2263.74|21.88,2024-01-04 22:45:00+00:00,SHORT,TBX0 (a) or TBX1,0.39,False,False
2024-01-05 20:00:00+00:00|LONG|TBX7A|2248.24|9.29,2024-01-05 20:00:00+00:00,LONG,TBX7A,-1.0,False,False
2024-01-08 06:00:00+00:00|LONG|TBX0|2212.84|20.4,2024-01-08 06:00:00+00:00,LONG,TBX0,5.41,False,False
2024-01-09 08:00:00+00:00|SHORT|TBX0|2291.34|25.54,2024-01-09 08:00:00+00:00,SHORT,TBX0,0.69,False,False
2024-01-09 19:30:00+00:00|SHORT|TBX0|2262.4603|12.29,2024-01-09 19:30:00+00:00,SHORT,TBX0,-2.0,False,False
2024-01-09 22:00:00+00:00|LONG|TBX7B|2341.19|28.85,2024-01-09 22:00:00+00:00,LONG,TBX7B,0.82,False,False
2024-01-10 15:00:00+00:00|LONG|TBX7B|2418.7479|52.85,2024-01-10 15:00:00+00:00,LONG,TBX7B,1.85,False,False
2024-01-12 17:00:00+00:00|LONG|TBX7A|2604.52|9.0,2024-01-12 17:00:00+00:00,LONG,TBX7A,-1.25,False,False
2024-01-12 19:00:00+00:00|SHORT|TBX0|2585.8|47.46,2024-01-12 19:00:00+00:00,SHORT,TBX0,1.92,False,False
2024-01-14 22:30:00+00:00|SHORT|TBX0|2506.407|22.7,2024-01-14 22:30:00+00:00,SHORT,TBX0,-0.13,False,False
2024-01-16 02:15:00+00:00|LONG|TBX0 (a) or TBX1|2523.49|20.7,2024-01-16 02:15:00+00:00,LONG,TBX0 (a) or TBX1,0.05,False,False
2024-01-16 08:15:00+00:00|LONG|TBX0 (a) or TBX1|2534.9877|10.66,2024-01-16 08:15:00+00:00,LONG,TBX0 (a) or TBX1,-0.81,False,False
2024-01-16 12:45:00+00:00|LONG|TBX0 (a) or TBX1|2546.7733|21.83,2024-01-16 12:45:00+00:00,LONG,TBX0 (a) or TBX1,-0.7,False,False
2024-01-16 13:00:00+00:00|SHORT|TBX0|2525.57|24.16,2024-01-16 13:00:00+00:00,SHORT,TBX0,-1.0,False,False
2024-01-16 15:00:00+00:00|LONG|TBX7A|2559.43|16.17,2024-01-16 15:00:00+00:00,LONG,TBX7A,1.08,False,False
2024-01-18 10:30:00+00:00|SHORT|TBX0|2534.9762|11.62,2024-01-18 10:30:00+00:00,SHORT,TBX0,1.36,False,False
2024-01-18 16:15:00+00:00|SHORT|TBX0|2512.5942|20.86,2024-01-18 16:15:00+00:00,SHORT,TBX0,3.15,False,False
2024-01-19 02:30:00+00:00|SHORT|TBX0|2453.5149|14.84,2024-01-19 02:30:00+00:00,SHORT,TBX0,-0.92,False,False
2024-01-19 08:00:00+00:00|LONG|TBX0|2473.82|18.14,2024-01-19 08:00:00+00:00,LONG,TBX0,0.13,False,False
2024-01-19 15:00:00+00:00|SHORT|TBX7B|2463.66|14.77,2024-01-19 15:00:00+00:00,SHORT,TBX7B,-0.16,False,False
2024-01-19 18:00:00+00:00|LONG|TBX0|2496.42|43.29,2024-01-19 18:00:00+00:00,LONG,TBX0,-0.46,False,False
2024-01-21 13:30:00+00:00|LONG|TBX0|2479.3042|8.69,2024-01-21 13:30:00+00:00,LONG,TBX0,-1.58,False,False
2024-01-22 08:00:00+00:00|SHORT|TBX7B|2414.0957|21.51,2024-01-22 08:00:00+00:00,SHORT,TBX7B,1.66,False,False
2024-01-23 07:15:00+00:00|SHORT|TBX7B|2338.6158|10.51,2024-01-23 07:15:00+00:00,SHORT,TBX7B,9.98,False,False
2024-01-23 22:00:00+00:00|LONG|TBX0|2225.99|26.21,2024-01-23 22:00:00+00:00,LONG,TBX0,-0.19,False,False
2024-01-24 05:15:00+00:00|LONG|TBX0|2226.01|19.18,2024-01-24 05:15:00+00:00,LONG,TBX0,0.51,False,False
2024-01-24 14:30:00+00:00|LONG|TBX0|2244.6184|24.57,2024-01-24 14:30:00+00:00,LONG,TBX0,-0.97,False,False
2024-01-25 01:45:00+00:00|SHORT|TBX7A|2216.7733|21.75,2024-01-25 01:45:00+00:00,SHORT,TBX7A,-0.18,False,False
2024-01-25 12:00:00+00:00|SHORT|TBX7A|2224.139|16.53,2024-01-25 12:00:00+00:00,SHORT,TBX7A,0.48,False,False
2024-01-25 18:00:00+00:00|LONG|TBX0|2210.65|10.38,2024-01-25 18:00:00+00:00,LONG,TBX0,0.09,False,False
2024-01-29 03:00:00+00:00|LONG|TBX7A|2270.98|9.0,2024-01-29 03:00:00+00:00,LONG,TBX7A,-0.97,False,False
2024-01-29 20:00:00+00:00|LONG|TBX0 (a)|2302.08|13.38,2024-01-29 20:00:00+00:00,LONG,TBX0 (a),0.58,False,False
2024-01-30 07:30:00+00:00|LONG|TBX0 (a)|2312.5345|10.46,2024-01-30 07:30:00+00:00,LONG,TBX0 (a),-0.52,False,False
2024-01-30 14:15:00+00:00|LONG|TBX0 (a)|2314.8472|13.69,2024-01-30 14:15:00+00:00,LONG,TBX0 (a),2.96,False,False
2024-01-30 23:00:00+00:00|SHORT|TBX0|2341.95|27.95,2024-01-30 23:00:00+00:00,SHORT,TBX0,0.02,False,False
2024-02-01 11:45:00+00:00|SHORT|TBX7B|2265.62|9.02,2024-02-01 11:45:00+00:00,SHORT,TBX7B,-1.56,False,False
2024-02-01 13:00:00+00:00|SHORT|TBX7B|2264.5086|11.03,2024-02-01 13:00:00+00:00,SHORT,TBX7B,-2.33,False,False
2024-02-01 16:15:00+00:00|SHORT|TBX7B|2279.033|27.05,2024-02-01 16:15:00+00:00,SHORT,TBX7B,-0.73,False,False
2024-02-02 13:30:00+00:00|SHORT|TBX7B|2309.4493|13.2,2024-02-02 13:30:00+00:00,SHORT,TBX7B,-0.02,False,False
2024-02-04 22:00:00+00:00|SHORT|TBX7A|2287.29|9.0,2024-02-04 22:00:00+00:00,SHORT,TBX7A,-1.0,False,False
2024-02-05 07:00:00+00:00|LONG|TBX7A|2309.74|9.0,2024-02-05 07:00:00+00:00,LONG,TBX7A,1.42,False,False
2024-02-05 18:00:00+00:00|SHORT|TBX7A|2300.22|9.0,2024-02-05 18:00:00+00:00,SHORT,TBX7A,-0.97,False,False
2024-02-06 02:00:00+00:00|LONG|TBX7B|2323.77|12.86,2024-02-06 02:00:00+00:00,LONG,TBX7B,-0.97,False,False
2024-02-06 07:30:00+00:00|LONG|TBX7B|2322.121|14.05,2024-02-06 07:30:00+00:00,LONG,TBX7B,-0.1,False,False
2024-02-06 13:15:00+00:00|LONG|TBX7B|2334.188|14.75,2024-02-06 13:15:00+00:00,LONG,TBX7B,2.28,False,False
2024-02-07 10:45:00+00:00|SHORT|TBX0|2361.307|9.72,2024-02-07 10:45:00+00:00,SHORT,TBX0,-1.26,False,False
2024-02-08 10:00:00+00:00|LONG|TBX7B|2426.8694|10.9,2024-02-08 10:00:00+00:00,LONG,TBX7B,-0.26,False,False
2024-02-08 12:00:00+00:00|LONG|TBX7B|2428.5374|8.43,2024-02-08 12:00:00+00:00,LONG,TBX7B,-0.47,False,False
2024-02-08 14:00:00+00:00|LONG|TBX7B|2426.1089|7.24,2024-02-08 14:00:00+00:00,LONG,TBX7B,-0.65,False,False
2024-02-09 02:15:00+00:00|LONG|TBX7B|2434.891|15.62,2024-02-09 02:15:00+00:00,LONG,TBX7B,1.33,True,True
2024-02-09 18:00:00+00:00|LONG|TBX7B|2508.6698|24.58,2024-02-09 18:00:00+00:00,LONG,TBX7B,-0.32,False,False
2024-02-12 02:45:00+00:00|SHORT|TBX0 (a) or TBX1|2494.9411|23.48,2024-02-12 02:45:00+00:00,SHORT,TBX0 (a) or TBX1,-0.04,False,False
2024-02-12 08:45:00+00:00|SHORT|TBX0 (a) or TBX1|2490.6304|11.42,2024-02-12 08:45:00+00:00,SHORT,TBX0 (a) or TBX1,0.01,False,False
2024-02-12 14:00:00+00:00|LONG|TBX7A|2527.03|26.93,2024-02-12 14:00:00+00:00,LONG,TBX7A,2.0,False,False
2024-03-24 08:00:00+00:00|LONG|TBX0 (a)|3352.1902|34.8,2024-03-24 08:00:00+00:00,LONG,TBX0 (a),0.72,False,False
2024-03-27 06:00:00+00:00|SHORT|TBX0 (a) or TBX1|3567.55|75.25,2024-03-27 06:00:00+00:00,SHORT,TBX0 (a) or TBX1,-0.32,False,False
2024-03-27 13:45:00+00:00|SHORT|TBX0 (a) or TBX1|3575.0627|86.4,2024-03-27 13:45:00+00:00,SHORT,TBX0 (a) or TBX1,-0.07,False,False
2024-03-28 02:30:00+00:00|SHORT|TBX0 (a) or TBX1|3479.6022|51.17,2024-03-28 02:30:00+00:00,SHORT,TBX0 (a) or TBX1,-0.27,False,False
2024-03-29 17:00:00+00:00|SHORT|TBX7B|3488.28|24.43,2024-03-29 17:00:00+00:00,SHORT,TBX7B,-0.81,False,False
2024-04-02 22:00:00+00:00|LONG|TBX0|3300.02|46.19,2024-04-02 22:00:00+00:00,LONG,TBX0,-0.89,False,False
2024-04-03 14:00:00+00:00|LONG|TBX0|3342.572|43.16,2024-04-03 14:00:00+00:00,LONG,TBX0,-0.16,False,False
2024-04-05 04:00:00+00:00|SHORT|TBX7A|3298.4|9.0,2024-04-05 04:00:00+00:00,SHORT,TBX7A,-1.0,False,False
2024-04-08 13:00:00+00:00|SHORT|TBX0|3630.81|60.52,2024-04-08 13:00:00+00:00,SHORT,TBX0,-0.29,False,False
2024-04-11 12:30:00+00:00|LONG|TBX7B|3573.5199|50.7,2024-04-11 12:30:00+00:00,LONG,TBX7B,-0.17,False,False
2024-04-12 00:30:00+00:00|LONG|TBX7B|3526.6873|23.5,2024-04-12 00:30:00+00:00,LONG,TBX7B,-0.41,False,False
2024-04-12 16:00:00+00:00|SHORT|TBX7B|3425.56|23.24,2024-04-12 16:00:00+00:00,SHORT,TBX7B,8.8,False,False
2024-04-17 14:00:00+00:00|SHORT|TBX7A|3011.0922|46.49,2024-04-17 14:00:00+00:00,SHORT,TBX7A,-0.29,False,False
2024-04-17 19:30:00+00:00|SHORT|TBX7A|2982.8105|53.97,2024-04-17 19:30:00+00:00,SHORT,TBX7A,-0.52,False,False
2024-04-18 05:45:00+00:00|SHORT|TBX7A|2989.6864|40.1,2024-04-18 05:45:00+00:00,SHORT,TBX7A,-0.23,False,False
2024-04-18 18:00:00+00:00|LONG|TBX0 (a)|3050.38|36.47,2024-04-18 18:00:00+00:00,LONG,TBX0 (a),-0.02,False,False
2024-04-24 13:00:00+00:00|SHORT|TBX0|3246.68|27.49,2024-04-24 13:00:00+00:00,SHORT,TBX0,3.33,False,False
2024-04-25 15:00:00+00:00|LONG|TBX0|3158.83|50.3,2024-04-25 15:00:00+00:00,LONG,TBX0,-0.17,False,False
2024-04-26 01:45:00+00:00|LONG|TBX0|3158.2657|24.29,2024-04-26 01:45:00+00:00,LONG,TBX0,-0.97,False,False
2024-04-26 12:30:00+00:00|LONG|TBX0|3148.0479|29.71,2024-04-26 12:30:00+00:00,LONG,TBX0,-0.29,False,False
2024-04-30 01:45:00+00:00|SHORT|TBX0 (a)|3180.182|59.83,2024-04-30 01:45:00+00:00,SHORT,TBX0 (a),2.61,False,False
2024-05-01 02:00:00+00:00|SHORT|TBX0 (a)|2977.0324|32.16,2024-05-01 02:00:00+00:00,SHORT,TBX0 (a),-0.26,False,False
2024-05-01 06:15:00+00:00|SHORT|TBX0 (a)|2969.9|49.43,2024-05-01 06:15:00+00:00,SHORT,TBX0 (a),0.07,False,False
2024-05-01 13:30:00+00:00|SHORT|TBX0 (a)|2880.5163|46.69,2024-05-01 13:30:00+00:00,SHORT,TBX0 (a),-0.28,False,False
2024-05-02 08:15:00+00:00|LONG|TBX4|2940.37|40.67,2024-05-02 08:15:00+00:00,LONG,TBX4,0.48,False,False
2024-05-06 01:30:00+00:00|SHORT|TBX0 (a) or TBX1|3135.67|20.82,2024-05-06 01:30:00+00:00,SHORT,TBX0 (a) or TBX1,-0.54,False,False
2024-05-06 10:30:00+00:00|SHORT|TBX0 (a) or TBX1|3155.0876|59.25,2024-05-06 10:30:00+00:00,SHORT,TBX0 (a) or TBX1,1.29,False,False
2024-05-07 03:15:00+00:00|SHORT|TBX0 (a) or TBX1|3068.9986|25.88,2024-05-07 03:15:00+00:00,SHORT,TBX0 (a) or TBX1,-0.43,False,False
2024-05-09 15:00:00+00:00|LONG|TBX0|2992.1652|28.34,2024-05-09 15:00:00+00:00,LONG,TBX0,1.2,False,False
2024-05-10 13:00:00+00:00|SHORT|TBX0|3019.64|13.2,2024-05-10 13:00:00+00:00,SHORT,TBX0,8.67,False,False
2024-05-12 10:00:00+00:00|LONG|TBX0 (a) or TBX1|2919.0768|15.59,2024-05-12 10:00:00+00:00,LONG,TBX0 (a) or TBX1,-0.17,False,False
2024-05-13 00:15:00+00:00|LONG|TBX0 (a) or TBX1|2937.7684|17.01,2024-05-13 00:15:00+00:00,LONG,TBX0 (a) or TBX1,-0.78,False,False
2024-05-13 09:00:00+00:00|LONG|TBX7B|2984.67|23.49,2024-05-13 09:00:00+00:00,LONG,TBX7B,-0.97,False,False
2024-05-13 16:45:00+00:00|LONG|TBX7B|2975.06|30.26,2024-05-13 16:45:00+00:00,LONG,TBX7B,-1.0,False,False
2024-05-13 23:15:00+00:00|LONG|TBX7B|2951.6146|13.4,2024-05-13 23:15:00+00:00,LONG,TBX7B,-1.23,False,False
2024-05-14 14:00:00+00:00|SHORT|TBX7A|2893.31|9.0,2024-05-14 14:00:00+00:00,SHORT,TBX7A,-0.49,False,False
2024-05-14 23:15:00+00:00|SHORT|TBX7A|2880.2251|14.45,2024-05-14 23:15:00+00:00,SHORT,TBX7A,-0.23,False,False
2024-05-15 11:30:00+00:00|SHORT|TBX7A|2889.7307|35.67,2024-05-15 11:30:00+00:00,SHORT,TBX7A,-0.35,False,False
2024-05-15 14:00:00+00:00|LONG|TBX7B|2975.18|36.26,2024-05-15 14:00:00+00:00,LONG,TBX7B,1.08,True,False
2024-05-16 08:00:00+00:00|LONG|TBX7B|3026.3128|20.68,2024-05-16 08:00:00+00:00,LONG,TBX7B,-0.29,False,False
2024-05-17 01:15:00+00:00|SHORT|TBX0 (a)|2933.8327|19.88,2024-05-17 01:15:00+00:00,SHORT,TBX0 (a),-0.29,False,False
2024-05-17 06:15:00+00:00|SHORT|TBX0 (a)|2939.4207|10.26,2024-05-17 06:15:00+00:00,SHORT,TBX0 (a),-0.67,False,False
2024-05-17 10:00:00+00:00|LONG|TBX7B|3035.44|27.44,2024-05-17 10:00:00+00:00,LONG,TBX7B,2.07,False,False
2024-05-20 06:45:00+00:00|SHORT|TBX7B|3088.0851|45.58,2024-05-20 06:45:00+00:00,SHORT,TBX7B,-0.17,False,False
2024-05-20 16:00:00+00:00|LONG|TBX7A|3133.79|11.22,2024-05-20 16:00:00+00:00,LONG,TBX7A,50.35,False,False
2024-05-26 03:45:00+00:00|LONG|TBX0|3762.1735|27.32,2024-05-26 03:45:00+00:00,LONG,TBX0,0.72,False,False
2024-05-27 01:30:00+00:00|LONG|TBX0|3863.6618|44.82,2024-05-27 01:30:00+00:00,LONG,TBX0,-0.03,False,False
2024-05-27 13:00:00+00:00|LONG|TBX0|3927.2826|33.24,2024-05-27 13:00:00+00:00,LONG,TBX0,0.09,False,False
2024-05-30 03:00:00+00:00|LONG|TBX0|3794.21|17.39,2024-05-30 03:00:00+00:00,LONG,TBX0,-0.95,False,False
2024-06-03 00:00:00+00:00|SHORT|TBX0|3778.9499|11.96,2024-06-03 00:00:00+00:00,SHORT,TBX0,-0.76,False,False
2024-06-04 21:30:00+00:00|LONG|TBX7B|3820.8787|30.62,2024-06-04 21:30:00+00:00,LONG,TBX7B,-0.17,False,False
2024-06-06 05:00:00+00:00|SHORT|TBX0|3850.08|20.1,2024-06-06 05:00:00+00:00,SHORT,TBX0,-0.28,False,False
2024-06-06 12:45:00+00:00|SHORT|TBX0|3848.0|20.52,2024-06-06 12:45:00+00:00,SHORT,TBX0,-0.58,False,False
2024-06-07 02:15:00+00:00|SHORT|TBX0|3801.4211|11.62,2024-06-07 02:15:00+00:00,SHORT,TBX0,-0.65,False,False
2024-06-07 09:00:00+00:00|SHORT|TBX0|3810.3132|11.56,2024-06-07 09:00:00+00:00,SHORT,TBX0,-0.78,False,False
2024-06-07 12:30:00+00:00|SHORT|TBX0|3815.8771|27.37,2024-06-07 12:30:00+00:00,SHORT,TBX0,3.05,False,False
2024-06-14 11:00:00+00:00|SHORT|TBX7B|3507.9081|15.73,2024-06-14 11:00:00+00:00,SHORT,TBX7B,-1.24,False,False
2024-06-14 12:45:00+00:00|SHORT|TBX7B|3509.8592|12.24,2024-06-14 12:45:00+00:00,SHORT,TBX7B,13.46,False,False
2024-06-16 05:30:00+00:00|LONG|TBX0 (a)|3568.3757|21.15,2024-06-16 05:30:00+00:00,LONG,TBX0 (a),-0.59,False,False
2024-06-16 10:30:00+00:00|LONG|TBX0 (a)|3560.5821|11.83,2024-06-16 10:30:00+00:00,LONG,TBX0 (a),2.32,False,False
2024-06-17 20:00:00+00:00|SHORT|TBX0|3513.12|71.26,2024-06-17 20:00:00+00:00,SHORT,TBX0,1.17,False,False
2024-06-18 10:00:00+00:00|SHORT|TBX0|3421.2684|28.81,2024-06-18 10:00:00+00:00,SHORT,TBX0,0.14,False,False
2024-06-18 15:00:00+00:00|LONG|TBX0|3422.77|37.82,2024-06-18 15:00:00+00:00,LONG,TBX0,-0.51,False,False
2024-06-18 19:45:00+00:00|LONG|TBX0|3419.7522|24.29,2024-06-18 19:45:00+00:00,LONG,TBX0,7.04,False,False
2024-06-21 21:15:00+00:00|SHORT|TBX4|3501.58|48.7,2024-06-21 21:15:00+00:00,SHORT,TBX4,0.1,False,False
2024-06-23 14:00:00+00:00|SHORT|TBX0|3490.9996|12.37,2024-06-23 14:00:00+00:00,SHORT,TBX0,11.43,False,False
2024-06-24 20:30:00+00:00|SHORT|TBX0|3263.7842|58.66,2024-06-24 20:30:00+00:00,SHORT,TBX0,-0.95,False,False
2024-06-25 13:00:00+00:00|LONG|TBX0 (a)|3366.48|11.98,2024-06-25 13:00:00+00:00,LONG,TBX0 (a),2.01,False,False
2024-06-25 18:15:00+00:00|LONG|TBX0 (a)|3415.99|49.46,2024-06-25 18:15:00+00:00,LONG,TBX0 (a),-0.37,False,False
2024-06-26 01:15:00+00:00|LONG|TBX0 (a)|3402.2841|18.5,2024-06-26 01:15:00+00:00,LONG,TBX0 (a),-0.51,False,False
2024-06-26 13:45:00+00:00|LONG|TBX0 (a)|3387.44|25.15,2024-06-26 13:45:00+00:00,LONG,TBX0 (a),-0.87,False,False
2024-06-26 20:00:00+00:00|LONG|TBX7A|3390.93|9.0,2024-06-26 20:00:00+00:00,LONG,TBX7A,-0.97,False,False
2024-06-27 02:30:00+00:00|LONG|TBX7A|3385.9731|17.36,2024-06-27 02:30:00+00:00,LONG,TBX7A,-0.45,True,True
2024-06-27 09:00:00+00:00|LONG|TBX7A|3379.205|8.91,2024-06-27 09:00:00+00:00,LONG,TBX7A,9.32,False,False
2024-06-27 19:00:00+00:00|SHORT|TBX0|3448.9|11.11,2024-06-27 19:00:00+00:00,SHORT,TBX0,-0.48,False,False
2024-06-28 01:00:00+00:00|LONG|TBX7B|3483.89|33.32,2024-06-28 01:00:00+00:00,LONG,TBX7B,-0.92,False,False
2024-06-28 12:30:00+00:00|SHORT|TBX0|3441.1465|25.98,2024-06-28 12:30:00+00:00,SHORT,TBX0,-1.0,False,False
2024-06-28 14:15:00+00:00|SHORT|TBX0|3433.1434|39.1,2024-06-28 14:15:00+00:00,SHORT,TBX0,1.48,False,False
2024-07-01 13:15:00+00:00|LONG|TBX0 (a) or TBX1|3476.14|24.82,2024-07-01 13:15:00+00:00,LONG,TBX0 (a) or TBX1,-0.77,False,False
2024-07-01 15:00:00+00:00|LONG|TBX0 (a) or TBX1|3476.78|35.25,2024-07-01 15:00:00+00:00,LONG,TBX0 (a) or TBX1,-0.33,False,False
2024-07-02 02:00:00+00:00|LONG|TBX0 (a) or TBX1|3453.78|20.39,2024-07-02 02:00:00+00:00,LONG,TBX0 (a) or TBX1,-0.26,False,False
2024-07-02 09:00:00+00:00|LONG|TBX0 (a) or TBX1|3449.5384|17.15,2024-07-02 09:00:00+00:00,LONG,TBX0 (a) or TBX1,-0.35,False,False
2024-07-04 22:00:00+00:00|SHORT|TBX7B|3127.33|27.57,2024-07-04 22:00:00+00:00,SHORT,TBX7B,7.44,False,False
2024-07-07 21:00:00+00:00|SHORT|TBX0 (a)|2973.8331|23.72,2024-07-07 21:00:00+00:00,SHORT,TBX0 (a),2.97,False,False
2024-07-11 07:00:00+00:00|LONG|TBX7B|3117.0|15.75,2024-07-11 07:00:00+00:00,LONG,TBX7B,1.71,False,False
2024-07-11 14:00:00+00:00|SHORT|TBX0|3148.2|39.31,2024-07-11 14:00:00+00:00,SHORT,TBX0,1.68,False,False
2024-07-17 11:00:00+00:00|SHORT|TBX0|3448.13|33.3,2024-07-17 11:00:00+00:00,SHORT,TBX0,1.14,False,False
2024-07-18 01:00:00+00:00|LONG|TBX0|3420.8|15.89,2024-07-18 01:00:00+00:00,LONG,TBX0,-0.97,False,False
2024-07-18 17:00:00+00:00|SHORT|TBX7A|3398.15|13.81,2024-07-18 17:00:00+00:00,SHORT,TBX7A,-0.95,False,False
2024-07-19 07:30:00+00:00|SHORT|TBX7A|3404.1755|41.21,2024-07-19 07:30:00+00:00,SHORT,TBX7A,-0.29,False,False
2024-07-19 12:00:00+00:00|LONG|TBX0|3413.3|21.69,2024-07-19 12:00:00+00:00,LONG,TBX0,4.12,False,False
2024-07-19 20:00:00+00:00|SHORT|TBX0|3502.63|20.78,2024-07-19 20:00:00+00:00,SHORT,TBX0,-1.0,False,False
2024-07-22 13:00:00+00:00|SHORT|TBX7A|3465.35|21.39,2024-07-22 13:00:00+00:00,SHORT,TBX7A,-0.55,False,False
2024-07-22 21:00:00+00:00|SHORT|TBX7A|3469.3383|28.59,2024-07-22 21:00:00+00:00,SHORT,TBX7A,0.0,False,False
2024-07-24 13:00:00+00:00|SHORT|TBX7B|3440.01|22.25,2024-07-24 13:00:00+00:00,SHORT,TBX7B,13.93,False,False
2024-07-29 14:00:00+00:00|SHORT|TBX0|3325.0|27.97,2024-07-29 14:00:00+00:00,SHORT,TBX0,0.46,False,False
2024-07-30 00:15:00+00:00|SHORT|TBX0|3300.9322|50.05,2024-07-30 00:15:00+00:00,SHORT,TBX0,-0.29,False,False
2024-07-30 13:45:00+00:00|SHORT|TBX0|3331.0596|23.79,2024-07-30 13:45:00+00:00,SHORT,TBX0,1.69,False,False
2024-07-31 05:00:00+00:00|LONG|TBX0|3300.49|51.31,2024-07-31 05:00:00+00:00,LONG,TBX0,0.18,False,False
2024-07-31 19:00:00+00:00|SHORT|TBX7A|3265.02|34.59,2024-07-31 19:00:00+00:00,SHORT,TBX7A,2.47,False,False
2024-08-01 14:00:00+00:00|SHORT|TBX7A|3176.57|25.7,2024-08-01 14:00:00+00:00,SHORT,TBX7A,2.63,False,False
2024-08-02 13:30:00+00:00|LONG|TBX0 (a) or TBX1|3166.4986|29.12,2024-08-02 13:30:00+00:00,LONG,TBX0 (a) or TBX1,-0.97,False,False
2024-08-05 14:00:00+00:00|LONG|TBX0|2401.38|67.83,2024-08-05 14:00:00+00:00,LONG,TBX0,-0.41,False,False
2024-08-05 21:00:00+00:00|LONG|TBX0|2447.19|116.77,2024-08-05 21:00:00+00:00,LONG,TBX0,0.46,False,False
2024-08-07 01:30:00+00:00|LONG|TBX0|2478.8069|46.92,2024-08-07 01:30:00+00:00,LONG,TBX0,-0.3,False,False
2024-08-07 08:00:00+00:00|LONG|TBX0|2518.0|37.79,2024-08-07 08:00:00+00:00,LONG,TBX0,-0.28,False,False
2024-08-08 14:00:00+00:00|LONG|TBX0 (a)|2497.91|45.0,2024-08-08 14:00:00+00:00,LONG,TBX0 (a),8.02,False,False
2024-08-09 14:00:00+00:00|LONG|TBX0 (a)|2647.9588|55.39,2024-08-09 14:00:00+00:00,LONG,TBX0 (a),-0.38,False,False
2024-08-12 14:30:00+00:00|LONG|TBX7B|2695.2611|77.34,2024-08-12 14:30:00+00:00,LONG,TBX7B,-0.25,False,False
2024-08-13 12:30:00+00:00|LONG|TBX7B|2658.1159|31.07,2024-08-13 12:30:00+00:00,LONG,TBX7B,-0.25,False,False
2024-08-19 20:00:00+00:00|LONG|TBX0|2614.18|13.5,2024-08-19 20:00:00+00:00,LONG,TBX0,3.21,False,False
2024-08-23 00:00:00+00:00|LONG|TBX7B|2637.42|11.89,2024-08-23 00:00:00+00:00,LONG,TBX7B,1.22,False,False
2024-08-23 13:30:00+00:00|SHORT|TBX0|2650.38|29.46,2024-08-23 13:30:00+00:00,SHORT,TBX0,-0.82,False,False
2024-08-23 14:45:00+00:00|SHORT|TBX0|2651.1895|37.91,2024-08-23 14:45:00+00:00,SHORT,TBX0,-0.21,False,False
2024-08-25 23:00:00+00:00|SHORT|TBX7A|2744.47|16.69,2024-08-25 23:00:00+00:00,SHORT,TBX7A,-0.95,False,False
2024-08-26 12:30:00+00:00|SHORT|TBX7A|2728.5897|14.14,2024-08-26 12:30:00+00:00,SHORT,TBX7A,-0.17,False,False
2024-08-27 02:30:00+00:00|SHORT|TBX7A|2675.9096|13.0,2024-08-27 02:30:00+00:00,SHORT,TBX7A,-0.66,False,False
2024-08-27 06:30:00+00:00|SHORT|TBX7A|2678.7752|17.29,2024-08-27 06:30:00+00:00,SHORT,TBX7A,10.39,False,False
2024-08-28 03:00:00+00:00|LONG|TBX0|2476.76|20.69,2024-08-28 03:00:00+00:00,LONG,TBX0,-0.95,False,False
2024-08-28 07:00:00+00:00|SHORT|TBX7B|2435.92|22.26,2024-08-28 07:00:00+00:00,SHORT,TBX7B,-0.97,False,False
2024-09-01 10:30:00+00:00|SHORT|TBX0|2469.2158|18.48,2024-09-01 10:30:00+00:00,SHORT,TBX0,-0.49,False,False
2024-09-01 18:00:00+00:00|LONG|TBX0|2492.63|27.41,2024-09-01 18:00:00+00:00,LONG,TBX0,-0.45,False,False
2024-09-04 23:30:00+00:00|SHORT|TBX7B|2449.7022|16.3,2024-09-04 23:30:00+00:00,SHORT,TBX7B,6.12,False,False
2024-09-05 13:45:00+00:00|SHORT|TBX7B|2386.2364|16.55,2024-09-05 13:45:00+00:00,SHORT,TBX7B,-1.0,False,False
2024-09-05 14:00:00+00:00|SHORT|TBX7B|2388.066|15.61,2024-09-05 14:00:00+00:00,SHORT,TBX7B,-1.38,False,False
2024-09-05 19:15:00+00:00|SHORT|TBX7B|2369.2376|21.9,2024-09-05 19:15:00+00:00,SHORT,TBX7B,-0.41,False,False
2024-09-06 10:00:00+00:00|LONG|TBX0|2366.45|13.27,2024-09-06 10:00:00+00:00,LONG,TBX0,-0.66,False,False
2024-09-06 14:00:00+00:00|SHORT|TBX7B|2326.56|38.51,2024-09-06 14:00:00+00:00,SHORT,TBX7B,2.9,False,False
2024-09-09 00:00:00+00:00|LONG|TBX7A|2306.6|9.0,2024-09-09 00:00:00+00:00,LONG,TBX7A,-0.97,False,False
2024-09-09 13:45:00+00:00|LONG|TBX7A|2319.0685|17.2,2024-09-09 13:45:00+00:00,LONG,TBX7A,-1.0,False,False
2024-09-09 16:00:00+00:00|LONG|TBX7A|2308.9431|33.54,2024-09-09 16:00:00+00:00,LONG,TBX7A,0.26,False,False
2024-09-11 13:30:00+00:00|SHORT|TBX7B|2309.8793|29.05,2024-09-11 13:30:00+00:00,SHORT,TBX7B,-0.26,False,False
2024-09-15 13:00:00+00:00|SHORT|TBX7B|2409.3|10.0,2024-09-15 13:00:00+00:00,SHORT,TBX7B,22.37,False,False
2024-09-17 07:00:00+00:00|LONG|TBX0|2308.09|17.64,2024-09-17 07:00:00+00:00,LONG,TBX0,1.47,False,False
2024-09-18 03:00:00+00:00|LONG|TBX0|2341.0466|26.94,2024-09-18 03:00:00+00:00,LONG,TBX0,-0.27,False,False
2024-09-18 20:00:00+00:00|SHORT|TBX0 (a) or TBX1|2294.31|64.69,2024-09-18 20:00:00+00:00,SHORT,TBX0 (a) or TBX1,-0.88,False,False
2024-09-19 16:00:00+00:00|LONG|TBX7B|2443.5595|18.44,2024-09-19 16:00:00+00:00,LONG,TBX7B,0.35,False,False
2024-09-20 14:15:00+00:00|LONG|TBX7B|2547.9379|32.1,2024-09-20 14:15:00+00:00,LONG,TBX7B,0.02,False,False
2024-09-23 14:00:00+00:00|LONG|TBX7A|2659.4836|24.1,2024-09-23 14:00:00+00:00,LONG,TBX7A,-0.13,False,False
2024-09-25 01:30:00+00:00|LONG|TBX7A|2665.0805|29.16,2024-09-25 01:30:00+00:00,LONG,TBX7A,-0.47,False,False
2024-09-25 15:45:00+00:00|SHORT|TBX7B|2602.027|27.03,2024-09-25 15:45:00+00:00,SHORT,TBX7B,-0.23,False,False
2024-09-26 12:00:00+00:00|LONG|TBX0 (a)|2629.11|9.48,2024-09-26 12:00:00+00:00,LONG,TBX0 (a),-0.97,False,False
2024-09-26 15:15:00+00:00|LONG|TBX0 (a)|2637.2324|24.39,2024-09-26 15:15:00+00:00,LONG,TBX0 (a),-0.51,False,False
2024-09-26 18:45:00+00:00|LONG|TBX0 (a)|2657.3762|29.65,2024-09-26 18:45:00+00:00,LONG,TBX0 (a),-0.33,True,True
2024-09-27 04:00:00+00:00|LONG|TBX0 (a)|2648.2214|34.11,2024-09-27 04:00:00+00:00,LONG,TBX0 (a),-0.3,True,True
2024-09-27 13:00:00+00:00|LONG|TBX7A|2661.76|9.0,2024-09-27 13:00:00+00:00,LONG,TBX7A,11.13,False,False
2024-09-27 13:30:00+00:00|SHORT|TBX0|2640.8599|18.29,2024-09-27 13:30:00+00:00,SHORT,TBX0,-0.59,False,False
2024-09-30 00:15:00+00:00|SHORT|TBX0|2645.577|19.05,2024-09-30 00:15:00+00:00,SHORT,TBX0,0.55,False,False
2024-09-30 08:00:00+00:00|LONG|TBX0|2640.2|26.08,2024-09-30 08:00:00+00:00,LONG,TBX0,-0.49,False,False
2024-09-30 09:00:00+00:00|SHORT|TBX7B|2606.1|25.57,2024-09-30 09:00:00+00:00,SHORT,TBX7B,-0.7,False,False
2024-09-30 23:30:00+00:00|SHORT|TBX7B|2587.9495|26.11,2024-09-30 23:30:00+00:00,SHORT,TBX7B,-0.18,False,False
2024-10-01 00:00:00+00:00|LONG|TBX0|2618.05|37.64,2024-10-01 00:00:00+00:00,LONG,TBX0,0.43,False,False
2024-10-01 09:00:00+00:00|SHORT|TBX7B|2634.2|10.0,2024-10-01 09:00:00+00:00,SHORT,TBX7B,20.89,False,False
2024-10-02 05:45:00+00:00|SHORT|TBX7B|2471.6799|21.07,2024-10-02 05:45:00+00:00,SHORT,TBX7B,-0.32,False,False
2024-10-03 05:45:00+00:00|SHORT|TBX7B|2380.0785|21.07,2024-10-03 05:45:00+00:00,SHORT,TBX7B,-0.59,False,False
2024-10-03 13:00:00+00:00|SHORT|TBX7B|2336.83|40.31,2024-10-03 13:00:00+00:00,SHORT,TBX7B,-0.97,False,False
2024-10-04 01:15:00+00:00|LONG|TBX0|2370.85|43.44,2024-10-04 01:15:00+00:00,LONG,TBX0,0.11,False,False
2024-10-04 15:00:00+00:00|LONG|TBX0|2390.576|33.13,2024-10-04 15:00:00+00:00,LONG,TBX0,0.15,False,False
2024-10-06 23:00:00+00:00|LONG|TBX7A|2439.3474|19.76,2024-10-06 23:00:00+00:00,LONG,TBX7A,0.7,False,False
2024-10-07 14:00:00+00:00|SHORT|TBX0 (a) or TBX1|2472.88|56.49,2024-10-07 14:00:00+00:00,SHORT,TBX0 (a) or TBX1,0.58,False,False
2024-10-08 13:00:00+00:00|SHORT|TBX0 (a) or TBX1|2423.526|14.92,2024-10-08 13:00:00+00:00,SHORT,TBX0 (a) or TBX1,-0.66,False,False
2024-10-08 14:15:00+00:00|SHORT|TBX0 (a) or TBX1|2420.14|39.8,2024-10-08 14:15:00+00:00,SHORT,TBX0 (a) or TBX1,-0.37,False,False
2024-10-09 05:00:00+00:00|LONG|TBX0 (a)|2449.87|11.12,2024-10-09 05:00:00+00:00,LONG,TBX0 (a),-0.46,False,False
2024-10-09 15:00:00+00:00|LONG|TBX0 (a)|2445.5497|17.42,2024-10-09 15:00:00+00:00,LONG,TBX0 (a),-0.07,False,False
2024-10-09 18:00:00+00:00|SHORT|TBX7A|2414.24|12.57,2024-10-09 18:00:00+00:00,SHORT,TBX7A,0.71,False,False
2024-10-10 06:00:00+00:00|LONG|TBX0|2407.56|13.23,2024-10-10 06:00:00+00:00,LONG,TBX0,-0.91,False,False
2024-10-11 09:00:00+00:00|LONG|TBX0 (a)|2413.51|14.56,2024-10-11 09:00:00+00:00,LONG,TBX0 (a),1.45,False,False
2024-10-13 17:00:00+00:00|SHORT|TBX0 (a)|2445.18|18.85,2024-10-13 17:00:00+00:00,SHORT,TBX0 (a),-0.97,False,False
2024-10-14 00:45:00+00:00|SHORT|TBX0 (a)|2449.8104|23.75,2024-10-14 00:45:00+00:00,SHORT,TBX0 (a),-0.14,False,False
2024-10-15 05:00:00+00:00|SHORT|TBX0|2594.7|21.79,2024-10-15 05:00:00+00:00,SHORT,TBX0,-0.97,False,False
2024-10-15 11:15:00+00:00|SHORT|TBX0|2594.0684|26.48,2024-10-15 11:15:00+00:00,SHORT,TBX0,-0.17,False,False
2024-10-16 01:15:00+00:00|SHORT|TBX4|2637.1332|12.36,2024-10-16 01:15:00+00:00,SHORT,TBX4,1.0,False,False
2024-10-17 01:00:00+00:00|LONG|TBX7A|2642.0|17.09,2024-10-17 01:00:00+00:00,LONG,TBX7A,-1.21,False,False
2024-10-18 05:00:00+00:00|LONG|TBX7A|2626.86|9.0,2024-10-18 05:00:00+00:00,LONG,TBX7A,-0.18,False,False
2024-10-18 14:30:00+00:00|LONG|TBX7A|2632.7617|17.55,2024-10-18 14:30:00+00:00,LONG,TBX7A,-0.15,False,False
2024-10-18 18:15:00+00:00|LONG|TBX7A|2655.2777|18.1,2024-10-18 18:15:00+00:00,LONG,TBX7A,-0.61,False,False
2024-10-18 20:00:00+00:00|SHORT|TBX0|2642.62|10.4,2024-10-18 20:00:00+00:00,SHORT,TBX0,-0.81,False,False
2024-10-21 08:00:00+00:00|SHORT|TBX0|2716.45|20.35,2024-10-21 08:00:00+00:00,SHORT,TBX0,1.69,False,False
2024-10-22 23:15:00+00:00|SHORT|TBX0|2626.1127|13.08,2024-10-22 23:15:00+00:00,SHORT,TBX0,13.36,False,False
2024-10-23 20:00:00+00:00|LONG|TBX0|2514.87|14.76,2024-10-23 20:00:00+00:00,LONG,TBX0,1.36,False,False
2024-10-25 16:00:00+00:00|LONG|TBX0 (a)|2531.19|22.93,2024-10-25 16:00:00+00:00,LONG,TBX0 (a),-0.95,False,False
2024-10-25 17:00:00+00:00|SHORT|TBX7A|2485.8|30.26,2024-10-25 17:00:00+00:00,SHORT,TBX7A,0.6,False,False
2024-10-27 03:45:00+00:00|LONG|TBX0|2483.1171|10.07,2024-10-27 03:45:00+00:00,LONG,TBX0,-0.61,False,False
2024-10-27 12:15:00+00:00|LONG|TBX0|2475.2126|8.68,2024-10-27 12:15:00+00:00,LONG,TBX0,2.25,False,False
2024-10-27 21:00:00+00:00|LONG|TBX7B|2510.74|14.52,2024-10-27 21:00:00+00:00,LONG,TBX7B,-0.74,False,False
2024-10-28 03:00:00+00:00|SHORT|TBX0|2476.76|22.67,2024-10-28 03:00:00+00:00,SHORT,TBX0,-0.62,False,False
2024-10-28 19:00:00+00:00|LONG|TBX7B|2517.4054|22.47,2024-10-28 19:00:00+00:00,LONG,TBX7B,4.04,False,False
2024-10-30 11:00:00+00:00|SHORT|TBX0|2659.91|25.79,2024-10-30 11:00:00+00:00,SHORT,TBX0,-0.92,False,False
2024-10-30 21:30:00+00:00|SHORT|TBX0|2645.519|36.05,2024-10-30 21:30:00+00:00,SHORT,TBX0,-0.63,False,False
2024-11-03 17:00:00+00:00|LONG|TBX0|2447.18|7.33,2024-11-03 17:00:00+00:00,LONG,TBX0,-0.95,False,False
2024-11-03 19:00:00+00:00|LONG|TBX0|2452.77|30.7,2024-11-03 19:00:00+00:00,LONG,TBX0,-0.13,False,False
2024-11-05 04:00:00+00:00|LONG|TBX0|2428.11|15.15,2024-11-05 04:00:00+00:00,LONG,TBX0,0.83,False,False
2024-11-11 14:30:00+00:00|LONG|TBX7A|3182.0277|31.12,2024-11-11 14:30:00+00:00,LONG,TBX7A,3.69,False,False
2024-11-18 01:00:00+00:00|LONG|TBX0|3117.66|28.08,2024-11-18 01:00:00+00:00,LONG,TBX0,0.12,False,False
2024-11-21 06:00:00+00:00|LONG|TBX7A|3129.53|13.29,2024-11-21 06:00:00+00:00,LONG,TBX7A,9.53,False,False
2024-11-22 03:15:00+00:00|LONG|TBX7A|3358.0061|42.34,2024-11-22 03:15:00+00:00,LONG,TBX7A,0.11,False,False
2024-11-29 02:00:00+00:00|LONG|TBX7B|3587.5307|25.44,2024-11-29 02:00:00+00:00,LONG,TBX7B,-1.05,False,False
2024-12-02 15:00:00+00:00|LONG|TBX0|3674.54|74.41,2024-12-02 15:00:00+00:00,LONG,TBX0,-0.44,False,False
2024-12-03 06:45:00+00:00|SHORT|TBX7B|3641.1077|27.34,2024-12-03 06:45:00+00:00,SHORT,TBX7B,3.04,False,False
2024-12-04 14:30:00+00:00|LONG|TBX0|3728.1198|24.9,2024-12-04 14:30:00+00:00,LONG,TBX0,2.26,False,False
2024-12-05 02:30:00+00:00|LONG|TBX0|3843.3606|66.16,2024-12-05 02:30:00+00:00,LONG,TBX0,0.91,False,False
2024-12-06 13:30:00+00:00|LONG|TBX7B|3889.7844|47.22,2024-12-06 13:30:00+00:00,LONG,TBX7B,2.51,False,False
2024-12-08 22:00:00+00:00|LONG|TBX0|4013.01|24.76,2024-12-08 22:00:00+00:00,LONG,TBX0,-0.95,False,False
2024-12-09 14:00:00+00:00|LONG|TBX0|3933.61|73.89,2024-12-09 14:00:00+00:00,LONG,TBX0,-0.82,False,False
2024-12-11 02:30:00+00:00|LONG|TBX0|3619.8563|48.89,2024-12-11 02:30:00+00:00,LONG,TBX0,2.6,False,False
2024-12-12 02:45:00+00:00|LONG|TBX0|3831.0595|25.21,2024-12-12 02:45:00+00:00,LONG,TBX0,8.11,False,False
2024-12-13 06:45:00+00:00|SHORT|TBX0 (a) or TBX1|3886.8819|43.1,2024-12-13 06:45:00+00:00,SHORT,TBX0 (a) or TBX1,-0.39,False,False
2024-12-13 15:45:00+00:00|SHORT|TBX0 (a) or TBX1|3916.4809|45.08,2024-12-13 15:45:00+00:00,SHORT,TBX0 (a) or TBX1,-0.21,False,False
2024-12-15 19:00:00+00:00|LONG|TBX0 (a)|3902.12|8.15,2024-12-15 19:00:00+00:00,LONG,TBX0 (a),-0.97,False,False
2024-12-15 23:00:00+00:00|LONG|TBX0 (a)|3903.2197|59.21,2024-12-15 23:00:00+00:00,LONG,TBX0 (a),0.05,False,False
2024-12-16 16:00:00+00:00|LONG|TBX7B|3961.06|21.81,2024-12-16 16:00:00+00:00,LONG,TBX7B,2.13,False,False
2024-12-17 09:45:00+00:00|LONG|TBX7B|4022.356|23.45,2024-12-17 09:45:00+00:00,LONG,TBX7B,-1.04,False,False
2024-12-17 14:45:00+00:00|LONG|TBX7B|4013.19|21.5,2024-12-17 14:45:00+00:00,LONG,TBX7B,-1.6,False,False
2024-12-18 12:30:00+00:00|SHORT|TBX0 (a)|3858.3545|28.8,2024-12-18 12:30:00+00:00,SHORT,TBX0 (a),-0.58,False,False
2024-12-18 19:00:00+00:00|SHORT|TBX0 (a)|3855.1155|42.48,2024-12-18 19:00:00+00:00,SHORT,TBX0 (a),5.25,False,False
2024-12-19 14:30:00+00:00|SHORT|TBX0 (a)|3670.1233|33.41,2024-12-19 14:30:00+00:00,SHORT,TBX0 (a),7.81,False,False
2024-12-20 08:15:00+00:00|SHORT|TBX0 (a)|3324.6215|85.52,2024-12-20 08:15:00+00:00,SHORT,TBX0 (a),0.08,False,False
2024-12-20 13:00:00+00:00|LONG|TBX0|3296.12|106.04,2024-12-20 13:00:00+00:00,LONG,TBX0,1.02,False,False
2024-12-22 14:00:00+00:00|SHORT|TBX0|3356.77|40.1,2024-12-22 14:00:00+00:00,SHORT,TBX0,0.66,False,False
2024-12-23 15:00:00+00:00|LONG|TBX0 (a) or TBX1|3319.6|62.22,2024-12-23 15:00:00+00:00,LONG,TBX0 (a) or TBX1,1.05,False,False
2024-12-24 04:15:00+00:00|LONG|TBX0 (a) or TBX1|3411.06|55.01,2024-12-24 04:15:00+00:00,LONG,TBX0 (a) or TBX1,-0.29,False,False
2024-12-24 11:15:00+00:00|LONG|TBX0 (a) or TBX1|3409.1398|20.12,2024-12-24 11:15:00+00:00,LONG,TBX0 (a) or TBX1,2.37,False,False
2024-12-24 21:45:00+00:00|LONG|TBX0 (a) or TBX1|3487.54|72.23,2024-12-24 21:45:00+00:00,LONG,TBX0 (a) or TBX1,-0.37,False,False
2024-12-26 01:00:00+00:00|SHORT|TBX0 (a) or TBX1|3468.55|51.37,2024-12-26 01:00:00+00:00,SHORT,TBX0 (a) or TBX1,2.48,False,False
2024-12-27 01:00:00+00:00|LONG|TBX0|3362.41|28.29,2024-12-27 01:00:00+00:00,LONG,TBX0,-0.63,False,False
2024-12-29 06:30:00+00:00|LONG|TBX0|3391.6844|10.63,2024-12-29 06:30:00+00:00,LONG,TBX0,-0.13,False,False
2024-12-29 10:00:00+00:00|LONG|TBX0|3411.1914|23.33,2024-12-29 10:00:00+00:00,LONG,TBX0,-0.92,False,False
2025-01-02 02:00:00+00:00|LONG|TBX0 (a)|3397.89|23.39,2025-01-02 02:00:00+00:00,LONG,TBX0 (a),2.41,False,False
2025-01-03 00:15:00+00:00|LONG|TBX0 (a)|3465.7623|32.6,2025-01-03 00:15:00+00:00,LONG,TBX0 (a),-0.66,False,False
2025-01-03 09:30:00+00:00|LONG|TBX0 (a)|3446.8883|19.58,2025-01-03 09:30:00+00:00,LONG,TBX0 (a),8.39,False,False
2025-01-06 00:00:00+00:00|SHORT|TBX7A|3620.57|9.59,2025-01-06 00:00:00+00:00,SHORT,TBX7A,-0.95,False,False
2025-01-06 14:45:00+00:00|LONG|TBX7A|3660.9382|31.45,2025-01-06 14:45:00+00:00,LONG,TBX7A,0.44,False,False
2025-01-06 17:00:00+00:00|SHORT|TBX0|3672.75|39.16,2025-01-06 17:00:00+00:00,SHORT,TBX0,-0.53,False,False
2025-01-07 04:00:00+00:00|SHORT|TBX0|3672.38|16.91,2025-01-07 04:00:00+00:00,SHORT,TBX0,18.39,False,False
2025-01-08 15:30:00+00:00|SHORT|TBX0|3337.12|41.44,2025-01-08 15:30:00+00:00,SHORT,TBX0,0.52,False,False
2025-01-09 08:30:00+00:00|LONG|TBX0 (a) or TBX1|3320.6097|43.48,2025-01-09 08:30:00+00:00,LONG,TBX0 (a) or TBX1,-0.95,False,False
2025-01-12 23:45:00+00:00|LONG|TBX7B|3265.7|47.48,2025-01-12 23:45:00+00:00,LONG,TBX7B,-0.21,False,False
2025-01-13 04:00:00+00:00|SHORT|TBX7A|3237.35|9.0,2025-01-13 04:00:00+00:00,SHORT,TBX7A,62.2,False,False
2025-01-14 13:30:00+00:00|LONG|TBX0|3219.0051|39.05,2025-01-14 13:30:00+00:00,LONG,TBX0,-0.4,False,False
2025-01-15 13:15:00+00:00|LONG|TBX0|3216.8|43.37,2025-01-15 13:15:00+00:00,LONG,TBX0,5.67,False,False
2025-01-16 03:00:00+00:00|SHORT|TBX0|3362.1|27.16,2025-01-16 03:00:00+00:00,SHORT,TBX0,-1.19,False,False
2025-01-16 22:15:00+00:00|SHORT|TBX0|3289.43|65.64,2025-01-16 22:15:00+00:00,SHORT,TBX0,-0.9,False,False
2025-01-21 19:00:00+00:00|LONG|TBX7A|3331.74|9.0,2025-01-21 19:00:00+00:00,LONG,TBX7A,-0.97,False,False
2025-01-23 19:00:00+00:00|SHORT|TBX7B|3230.04|76.06,2025-01-23 19:00:00+00:00,SHORT,TBX7B,-0.46,False,False
2025-01-26 08:15:00+00:00|SHORT|TBX0 (a) or TBX1|3330.47|28.1,2025-01-26 08:15:00+00:00,SHORT,TBX0 (a) or TBX1,0.47,False,False
2025-01-26 21:00:00+00:00|SHORT|TBX0 (a) or TBX1|3314.6608|28.97,2025-01-26 21:00:00+00:00,SHORT,TBX0 (a) or TBX1,5.54,False,False
2025-01-27 20:15:00+00:00|LONG|TBX0|3098.9|67.57,2025-01-27 20:15:00+00:00,LONG,TBX0,1.85,False,False
2025-01-28 16:15:00+00:00|SHORT|TBX0|3153.4978|43.89,2025-01-28 16:15:00+00:00,SHORT,TBX0,0.66,False,False
2025-01-29 09:15:00+00:00|SHORT|TBX0|3130.681|27.45,2025-01-29 09:15:00+00:00,SHORT,TBX0,0.61,False,False
2025-01-29 18:00:00+00:00|LONG|TBX0|3137.2777|70.89,2025-01-29 18:00:00+00:00,LONG,TBX0,-1.2,False,False
2025-01-29 19:30:00+00:00|LONG|TBX0|3137.2777|79.48,2025-01-29 19:30:00+00:00,LONG,TBX0,-0.17,False,False
2025-02-02 07:15:00+00:00|SHORT|TBX0|3090.8133|42.77,2025-02-02 07:15:00+00:00,SHORT,TBX0,-0.42,False,False
2025-02-03 06:00:00+00:00|LONG|TBX0|2523.7|55.39,2025-02-03 06:00:00+00:00,LONG,TBX0,4.93,False,False
2025-02-07 11:00:00+00:00|LONG|TBX0|2761.34|27.16,2025-02-07 11:00:00+00:00,LONG,TBX0,-0.85,False,False
2025-02-07 13:30:00+00:00|LONG|TBX0|2764.4295|26.43,2025-02-07 13:30:00+00:00,LONG,TBX0,-1.0,False,False
2025-02-07 18:00:00+00:00|SHORT|TBX7A|2677.21|9.0,2025-02-07 18:00:00+00:00,SHORT,TBX7A,30.86,False,False
2025-02-12 08:00:00+00:00|LONG|TBX0|2628.78|14.02,2025-02-12 08:00:00+00:00,LONG,TBX0,-0.97,False,False
2025-02-12 16:45:00+00:00|LONG|TBX0|2639.6072|67.85,2025-02-12 16:45:00+00:00,LONG,TBX0,1.17,False,False
2025-02-13 04:00:00+00:00|SHORT|TBX0|2720.68|25.72,2025-02-13 04:00:00+00:00,SHORT,TBX0,2.6,False,False
2025-02-13 16:15:00+00:00|SHORT|TBX0|2625.4356|42.62,2025-02-13 16:15:00+00:00,SHORT,TBX0,-0.73,False,False
2025-02-17 08:00:00+00:00|LONG|TBX7A|2713.91|22.29,2025-02-17 08:00:00+00:00,LONG,TBX7A,2.43,False,False
2025-02-17 21:15:00+00:00|LONG|TBX7A|2760.42|72.67,2025-02-17 21:15:00+00:00,LONG,TBX7A,-0.52,False,False
2025-02-18 04:00:00+00:00|SHORT|TBX0|2700.39|22.15,2025-02-18 04:00:00+00:00,SHORT,TBX0,-0.13,False,False
2025-02-18 14:45:00+00:00|SHORT|TBX0|2674.8444|43.71,2025-02-18 14:45:00+00:00,SHORT,TBX0,0.53,False,False
2025-02-19 03:00:00+00:00|LONG|TBX0|2692.94|31.7,2025-02-19 03:00:00+00:00,LONG,TBX0,-0.96,False,False
2025-02-19 05:30:00+00:00|LONG|TBX0|2693.2667|26.03,2025-02-19 05:30:00+00:00,LONG,TBX0,0.56,False,False
2025-02-19 14:30:00+00:00|LONG|TBX0|2725.828|21.37,2025-02-19 14:30:00+00:00,LONG,TBX0,-1.25,False,False
2025-02-19 16:15:00+00:00|LONG|TBX0|2716.3945|32.94,2025-02-19 16:15:00+00:00,LONG,TBX0,0.32,False,False
2025-02-20 23:00:00+00:00|LONG|TBX7A|2736.87|9.0,2025-02-20 23:00:00+00:00,LONG,TBX7A,-0.97,False,False
2025-02-21 04:30:00+00:00|LONG|TBX7A|2752.0145|22.69,2025-02-21 04:30:00+00:00,LONG,TBX7A,-0.05,False,False
2025-02-23 13:15:00+00:00|LONG|TBX7B|2825.6687|42.66,2025-02-23 13:15:00+00:00,LONG,TBX7B,-0.28,False,False
2025-02-24 07:00:00+00:00|SHORT|TBX7A|2720.41|9.0,2025-02-24 07:00:00+00:00,SHORT,TBX7A,42.74,False,False
2025-02-28 01:15:00+00:00|SHORT|TBX7B|2271.5193|35.05,2025-02-28 01:15:00+00:00,SHORT,TBX7B,3.2,False,False
2025-02-28 08:00:00+00:00|LONG|TBX0|2119.29|59.41,2025-02-28 08:00:00+00:00,LONG,TBX0,1.83,False,False
2025-03-16 14:00:00+00:00|LONG|TBX0|1895.93|19.78,2025-03-16 14:00:00+00:00,LONG,TBX0,-0.32,False,False
2025-03-17 03:00:00+00:00|LONG|TBX0|1908.08|3.93,2025-03-17 03:00:00+00:00,LONG,TBX0,-1.21,False,False
2025-03-18 01:00:00+00:00|SHORT|TBX0|1902.41|23.96,2025-03-18 01:00:00+00:00,SHORT,TBX0,0.04,False,False
2025-03-18 21:00:00+00:00|LONG|TBX0|1910.8|7.51,2025-03-18 21:00:00+00:00,LONG,TBX0,10.08,False,False
2025-03-20 08:45:00+00:00|LONG|TBX0|2019.0617|15.14,2025-03-20 08:45:00+00:00,LONG,TBX0,-1.16,False,False
2025-03-20 18:00:00+00:00|SHORT|TBX0 (a)|1966.84|13.66,2025-03-20 18:00:00+00:00,SHORT,TBX0 (a),-1.16,False,False
2025-03-23 13:00:00+00:00|LONG|TBX7B|2017.56|10.0,2025-03-23 13:00:00+00:00,LONG,TBX7B,-0.97,False,False
2025-03-24 01:00:00+00:00|SHORT|TBX0|1991.8582|18.2,2025-03-24 01:00:00+00:00,SHORT,TBX0,-0.39,False,False
2025-03-24 14:00:00+00:00|LONG|TBX7B|2091.4943|18.54,2025-03-24 14:00:00+00:00,LONG,TBX7B,-0.94,False,False
2025-03-28 21:00:00+00:00|LONG|TBX0|1884.99|15.83,2025-03-28 21:00:00+00:00,LONG,TBX0,0.72,False,False
2025-03-30 06:15:00+00:00|SHORT|TBX7B|1831.9115|13.18,2025-03-30 06:15:00+00:00,SHORT,TBX7B,-0.77,False,False
2025-03-30 10:15:00+00:00|SHORT|TBX7B|1835.0635|11.95,2025-03-30 10:15:00+00:00,SHORT,TBX7B,0.87,False,False
2025-03-30 22:00:00+00:00|SHORT|TBX7B|1786.6662|41.49,2025-03-30 22:00:00+00:00,SHORT,TBX7B,-0.2,False,False
2025-03-31 07:45:00+00:00|SHORT|TBX7B|1788.2509|24.09,2025-03-31 07:45:00+00:00,SHORT,TBX7B,-0.42,False,False
2025-03-31 10:00:00+00:00|LONG|TBX0|1802.62|34.39,2025-03-31 10:00:00+00:00,LONG,TBX0,0.03,False,False
2025-03-31 14:30:00+00:00|LONG|TBX0|1837.8758|36.91,2025-03-31 14:30:00+00:00,LONG,TBX0,-0.27,False,False
2025-04-01 13:45:00+00:00|LONG|TBX7B|1877.8821|17.64,2025-04-01 13:45:00+00:00,LONG,TBX7B,-0.67,False,False
2025-04-01 14:45:00+00:00|LONG|TBX7B|1876.7489|27.5,2025-04-01 14:45:00+00:00,LONG,TBX7B,0.3,False,False
2025-04-06 06:30:00+00:00|SHORT|TBX7A|1802.7112|8.17,2025-04-06 06:30:00+00:00,SHORT,TBX7A,70.0,False,False
2025-04-08 10:00:00+00:00|LONG|TBX0 (a) or TBX1|1587.56|36.89,2025-04-08 10:00:00+00:00,LONG,TBX0 (a) or TBX1,-0.75,False,False
2025-04-09 16:00:00+00:00|LONG|TBX0|1502.0|24.24,2025-04-09 16:00:00+00:00,LONG,TBX0,2.71,False,False
2025-04-14 00:15:00+00:00|LONG|TBX7B|1612.8992|24.22,2025-04-14 00:15:00+00:00,LONG,TBX7B,1.15,False,False
2025-04-15 10:30:00+00:00|SHORT|TBX4|1630.8608|14.87,2025-04-15 10:30:00+00:00,SHORT,TBX4,-0.74,False,False
2025-04-17 16:00:00+00:00|LONG|TBX7A|1604.77|14.89,2025-04-17 16:00:00+00:00,LONG,TBX7A,-0.75,False,False
2025-04-18 07:30:00+00:00|LONG|TBX7A|1583.4973|9.73,2025-04-18 07:30:00+00:00,LONG,TBX7A,-0.11,False,False
2025-04-24 13:00:00+00:00|SHORT|TBX0 (a)|1752.83|9.66,2025-04-24 13:00:00+00:00,SHORT,TBX0 (a),-1.0,False,False
2025-04-25 12:45:00+00:00|SHORT|TBX0 (a)|1774.5084|21.56,2025-04-25 12:45:00+00:00,SHORT,TBX0 (a),-0.97,False,False
2025-04-25 14:00:00+00:00|LONG|TBX7A|1807.6|26.33,2025-04-25 14:00:00+00:00,LONG,TBX7A,-0.97,False,False
2025-04-27 22:00:00+00:00|SHORT|TBX0 (a)|1793.8978|12.14,2025-04-27 22:00:00+00:00,SHORT,TBX0 (a),0.85,False,False
2025-04-29 06:15:00+00:00|LONG|TBX0|1805.6799|16.55,2025-04-29 06:15:00+00:00,LONG,TBX0,0.95,False,False
2025-04-29 16:30:00+00:00|LONG|TBX0|1828.1536|17.04,2025-04-29 16:30:00+00:00,LONG,TBX0,-0.97,False,False
2025-05-04 22:00:00+00:00|SHORT|TBX7A|1816.93|11.66,2025-05-04 22:00:00+00:00,SHORT,TBX7A,0.38,False,False
2025-05-05 22:30:00+00:00|LONG|TBX0|1825.5158|22.37,2025-05-05 22:30:00+00:00,LONG,TBX0,-0.64,False,False
2025-05-06 02:00:00+00:00|SHORT|TBX7B|1802.63|10.0,2025-05-06 02:00:00+00:00,SHORT,TBX7B,3.53,False,False
2025-05-06 22:00:00+00:00|LONG|TBX0|1790.2593|23.44,2025-05-06 22:00:00+00:00,LONG,TBX0,1.46,False,False
2025-05-08 02:00:00+00:00|LONG|TBX7A|1840.86|12.5,2025-05-08 02:00:00+00:00,LONG,TBX7A,41.51,False,False
2025-05-13 12:00:00+00:00|LONG|TBX0|2523.61|54.05,2025-05-13 12:00:00+00:00,LONG,TBX0,2.77,False,False
2025-05-19 15:00:00+00:00|LONG|TBX0|2465.59|27.52,2025-05-19 15:00:00+00:00,LONG,TBX0,2.01,False,False
2025-05-21 05:00:00+00:00|LONG|TBX7B|2592.49|32.26,2025-05-21 05:00:00+00:00,LONG,TBX7B,-0.95,False,False
2025-05-21 22:45:00+00:00|LONG|TBX7B|2537.0847|47.14,2025-05-21 22:45:00+00:00,LONG,TBX7B,1.89,False,False
2025-05-22 14:00:00+00:00|LONG|TBX7B|2665.5|16.76,2025-05-22 14:00:00+00:00,LONG,TBX7B,-0.83,False,False
2025-05-29 12:00:00+00:00|SHORT|TBX0|2692.24|28.87,2025-05-29 12:00:00+00:00,SHORT,TBX0,0.8,False,False
2025-05-30 09:30:00+00:00|SHORT|TBX0|2596.5955|34.03,2025-05-30 09:30:00+00:00,SHORT,TBX0,-0.87,False,False
2025-06-05 03:00:00+00:00|LONG|TBX7B|2624.0|10.0,2025-06-05 03:00:00+00:00,LONG,TBX7B,-0.51,False,False
2025-06-05 06:00:00+00:00|SHORT|TBX7A|2603.38|9.0,2025-06-05 06:00:00+00:00,SHORT,TBX7A,-0.97,False,False
2025-06-05 12:00:00+00:00|LONG|TBX7A|2630.27|15.76,2025-06-05 12:00:00+00:00,LONG,TBX7A,-1.0,False,False
2025-06-05 13:00:00+00:00|SHORT|TBX7A|2588.64|27.75,2025-06-05 13:00:00+00:00,SHORT,TBX7A,4.26,False,False
2025-06-06 10:00:00+00:00|LONG|TBX0|2480.34|15.32,2025-06-06 10:00:00+00:00,LONG,TBX0,-0.89,False,False
2025-06-09 10:00:00+00:00|LONG|TBX7A|2534.07|17.17,2025-06-09 10:00:00+00:00,LONG,TBX7A,-0.59,False,False
2025-06-09 15:15:00+00:00|LONG|TBX7A|2540.45|38.43,2025-06-09 15:15:00+00:00,LONG,TBX7A,5.27,False,False
2025-06-10 18:45:00+00:00|LONG|TBX7A|2758.3796|33.29,2025-06-10 18:45:00+00:00,LONG,TBX7A,-0.26,False,False
2025-06-11 06:15:00+00:00|SHORT|TBX0|2784.1828|15.67,2025-06-11 06:15:00+00:00,SHORT,TBX0,-0.95,False,False
2025-06-13 18:00:00+00:00|SHORT|TBX0 (a) or TBX1|2528.32|60.13,2025-06-13 18:00:00+00:00,SHORT,TBX0 (a) or TBX1,-0.44,False,False
2025-06-15 20:00:00+00:00|SHORT|TBX7A|2502.08|22.57,2025-06-15 20:00:00+00:00,SHORT,TBX7A,-0.97,False,False
2025-06-16 01:00:00+00:00|LONG|TBX7A|2553.35|9.0,2025-06-16 01:00:00+00:00,LONG,TBX7A,7.84,False,False
2025-06-16 12:00:00+00:00|SHORT|TBX0|2614.14|6.1,2025-06-16 12:00:00+00:00,SHORT,TBX0,-1.0,False,False
2025-06-16 13:00:00+00:00|LONG|TBX7B|2638.33|24.39,2025-06-16 13:00:00+00:00,LONG,TBX7B,0.21,False,False
2025-06-18 06:45:00+00:00|SHORT|TBX0 (a)|2520.0857|20.0,2025-06-18 06:45:00+00:00,SHORT,TBX0 (a),-0.99,False,False
2025-06-19 08:00:00+00:00|LONG|TBX0 (a)|2522.42|7.37,2025-06-19 08:00:00+00:00,LONG,TBX0 (a),1.19,False,False
2025-06-25 21:00:00+00:00|SHORT|TBX0 (a)|2429.22|28.55,2025-06-25 21:00:00+00:00,SHORT,TBX0 (a),0.2,False,False
2025-06-26 21:00:00+00:00|SHORT|TBX7A|2412.8|21.07,2025-06-26 21:00:00+00:00,SHORT,TBX7A,-0.6,False,False
2025-06-30 09:00:00+00:00|SHORT|TBX0|2450.53|33.28,2025-06-30 09:00:00+00:00,SHORT,TBX0,-0.51,False,False
2025-07-01 14:00:00+00:00|SHORT|TBX7A|2418.54|15.57,2025-07-01 14:00:00+00:00,SHORT,TBX7A,-0.92,False,False
2025-07-02 11:45:00+00:00|SHORT|TBX7A|2443.5506|14.87,2025-07-02 11:45:00+00:00,SHORT,TBX7A,-0.5,False,False
2025-07-04 14:00:00+00:00|SHORT|TBX7B|2518.8406|29.54,2025-07-04 14:00:00+00:00,SHORT,TBX7B,0.53,False,False
2025-07-06 05:30:00+00:00|SHORT|TBX7B|2507.8677|7.83,2025-07-06 05:30:00+00:00,SHORT,TBX7B,-1.33,False,False
2025-07-08 02:00:00+00:00|SHORT|TBX7A|2526.79|9.0,2025-07-08 02:00:00+00:00,SHORT,TBX7A,-0.95,False,False
2025-07-09 01:00:00+00:00|LONG|TBX0|2618.7064|17.29,2025-07-09 01:00:00+00:00,LONG,TBX0,-1.38,False,False
2025-07-09 04:45:00+00:00|LONG|TBX0|2601.9|17.38,2025-07-09 04:45:00+00:00,LONG,TBX0,0.34,False,False
2025-07-09 11:00:00+00:00|LONG|TBX0|2623.6351|18.52,2025-07-09 11:00:00+00:00,LONG,TBX0,0.52,False,False
2025-07-09 16:45:00+00:00|LONG|TBX0|2666.867|32.07,2025-07-09 16:45:00+00:00,LONG,TBX0,4.29,False,False
2025-07-10 16:15:00+00:00|LONG|TBX0|2796.0769|35.14,2025-07-10 16:15:00+00:00,LONG,TBX0,4.53,False,False
2025-07-11 19:00:00+00:00|SHORT|TBX0 (a) or TBX1|2973.75|44.69,2025-07-11 19:00:00+00:00,SHORT,TBX0 (a) or TBX1,0.08,False,False
2025-08-03 16:00:00+00:00|LONG|TBX0 (a)|3493.29|29.82,2025-08-03 16:00:00+00:00,LONG,TBX0 (a),1.75,False,False
2025-08-05 01:00:00+00:00|SHORT|TBX0|3678.81|36.05,2025-08-05 01:00:00+00:00,SHORT,TBX0,0.16,False,False
2025-08-05 06:45:00+00:00|SHORT|TBX0|3647.4562|26.56,2025-08-05 06:45:00+00:00,SHORT,TBX0,-0.32,False,False
2025-08-05 12:30:00+00:00|SHORT|TBX0|3636.7344|51.43,2025-08-05 12:30:00+00:00,SHORT,TBX0,-0.08,False,False
2025-08-06 07:00:00+00:00|LONG|TBX0|3638.4|22.6,2025-08-06 07:00:00+00:00,LONG,TBX0,-0.95,False,False
2025-08-06 14:00:00+00:00|LONG|TBX0|3621.5455|37.95,2025-08-06 14:00:00+00:00,LONG,TBX0,0.77,False,False
2025-08-07 05:45:00+00:00|LONG|TBX0|3685.89|38.19,2025-08-07 05:45:00+00:00,LONG,TBX0,4.86,False,False
2025-08-07 16:00:00+00:00|SHORT|TBX0|3813.18|36.16,2025-08-07 16:00:00+00:00,SHORT,TBX0,-0.92,False,False
2025-08-07 19:00:00+00:00|LONG|TBX7B|3865.48|30.78,2025-08-07 19:00:00+00:00,LONG,TBX7B,0.82,False,False
2025-08-08 13:30:00+00:00|LONG|TBX7B|3932.6649|43.44,2025-08-08 13:30:00+00:00,LONG,TBX7B,2.19,False,False
2025-08-10 22:00:00+00:00|LONG|TBX7A|4248.91|18.16,2025-08-10 22:00:00+00:00,LONG,TBX7A,-0.97,False,False
2025-08-12 00:45:00+00:00|LONG|TBX7B|4266.2516|61.07,2025-08-12 00:45:00+00:00,LONG,TBX7B,-0.33,False,False
2025-08-17 22:15:00+00:00|LONG|TBX0 (a)|4516.1647|55.45,2025-08-17 22:15:00+00:00,LONG,TBX0 (a),-0.67,False,False
2025-08-20 03:00:00+00:00|LONG|TBX0|4139.0|20.75,2025-08-20 03:00:00+00:00,LONG,TBX0,2.71,False,False
2025-08-20 15:00:00+00:00|LONG|TBX0|4253.47|56.6,2025-08-20 15:00:00+00:00,LONG,TBX0,1.05,False,False
2025-08-21 11:30:00+00:00|LONG|TBX0|4307.5244|40.42,2025-08-21 11:30:00+00:00,LONG,TBX0,-0.47,False,False
2025-08-22 02:00:00+00:00|LONG|TBX0|4269.3588|57.12,2025-08-22 02:00:00+00:00,LONG,TBX0,0.3,False,False
2025-08-22 13:30:00+00:00|LONG|TBX0|4285.4377|51.56,2025-08-22 13:30:00+00:00,LONG,TBX0,9.85,False,False
2025-08-28 05:00:00+00:00|SHORT|TBX0 (a)|4568.13|20.36,2025-08-28 05:00:00+00:00,SHORT,TBX0 (a),-0.97,False,False
2025-08-28 16:00:00+00:00|SHORT|TBX7B|4463.14|60.94,2025-08-28 16:00:00+00:00,SHORT,TBX7B,-0.67,False,False
2025-09-14 04:00:00+00:00|SHORT|TBX0 (a) or TBX1|4654.04|49.03,2025-09-14 04:00:00+00:00,SHORT,TBX0 (a) or TBX1,0.75,False,False
2025-09-15 00:00:00+00:00|SHORT|TBX0 (a) or TBX1|4595.8559|28.37,2025-09-15 00:00:00+00:00,SHORT,TBX0 (a) or TBX1,-0.68,False,False
2025-09-21 06:00:00+00:00|LONG|TBX0 (a) or TBX1|4480.93|22.92,2025-09-21 06:00:00+00:00,LONG,TBX0 (a) or TBX1,-0.58,False,False
2025-09-21 13:30:00+00:00|LONG|TBX0 (a) or TBX1|4471.2258|10.47,2025-09-21 13:30:00+00:00,LONG,TBX0 (a) or TBX1,-0.01,False,False
2025-09-21 22:00:00+00:00|SHORT|TBX7A|4463.02|9.0,2025-09-21 22:00:00+00:00,SHORT,TBX7A,96.52,False,False
2025-09-22 13:00:00+00:00|LONG|TBX0|4205.03|50.99,2025-09-22 13:00:00+00:00,LONG,TBX0,-0.92,False,False
2025-09-24 13:45:00+00:00|SHORT|TBX7B|4155.971|34.1,2025-09-24 13:45:00+00:00,SHORT,TBX7B,-0.91,False,False
2025-09-26 05:45:00+00:00|SHORT|TBX7B|3925.3315|35.08,2025-09-26 05:45:00+00:00,SHORT,TBX7B,0.04,False,False
2025-09-26 21:00:00+00:00|LONG|TBX0 (a)|4021.37|21.23,2025-09-26 21:00:00+00:00,LONG,TBX0 (a),-0.41,False,False
2025-09-29 12:00:00+00:00|SHORT|TBX0|4095.87|50.01,2025-09-29 12:00:00+00:00,SHORT,TBX0,-0.64,False,False
2025-09-30 08:30:00+00:00|SHORT|TBX0|4166.8894|38.48,2025-09-30 08:30:00+00:00,SHORT,TBX0,-0.12,False,False
2025-10-01 17:00:00+00:00|SHORT|TBX0|4291.55|48.38,2025-10-01 17:00:00+00:00,SHORT,TBX0,-0.84,False,False
2025-10-03 14:00:00+00:00|SHORT|TBX0 (a) or TBX1|4449.09|49.6,2025-10-03 14:00:00+00:00,SHORT,TBX0 (a) or TBX1,-0.71,False,False
2025-10-07 04:30:00+00:00|LONG|TBX7A|4698.076|17.88,2025-10-07 04:30:00+00:00,LONG,TBX7A,-0.3,False,False
2025-10-08 03:15:00+00:00|SHORT|TBX0 (a)|4448.2168|49.43,2025-10-08 03:15:00+00:00,SHORT,TBX0 (a),-1.09,False,False
2025-10-08 13:30:00+00:00|SHORT|TBX0 (a)|4454.51|55.41,2025-10-08 13:30:00+00:00,SHORT,TBX0 (a),-1.21,False,False
2025-10-08 14:45:00+00:00|SHORT|TBX0 (a)|4449.6937|45.79,2025-10-08 14:45:00+00:00,SHORT,TBX0 (a),-0.76,False,False
2025-10-09 01:00:00+00:00|SHORT|TBX0 (a)|4501.7573|28.7,2025-10-09 01:00:00+00:00,SHORT,TBX0 (a),7.51,False,False
2025-10-09 13:30:00+00:00|SHORT|TBX0 (a)|4364.0289|36.58,2025-10-09 13:30:00+00:00,SHORT,TBX0 (a),1.7,False,False
2025-10-10 03:00:00+00:00|SHORT|TBX0 (a)|4345.9796|47.43,2025-10-10 03:00:00+00:00,SHORT,TBX0 (a),-0.75,False,False
2025-10-10 03:45:00+00:00|SHORT|TBX0 (a)|4347.5319|36.66,2025-10-10 03:45:00+00:00,SHORT,TBX0 (a),-0.52,False,False
2025-10-10 14:15:00+00:00|SHORT|TBX0 (a)|4332.5605|41.91,2025-10-10 14:15:00+00:00,SHORT,TBX0 (a),9.34,False,False
2025-10-12 14:45:00+00:00|LONG|TBX7A|3848.2825|45.0,2025-10-12 14:45:00+00:00,LONG,TBX7A,6.8,False,False
2025-10-15 00:30:00+00:00|SHORT|TBX0 (a)|4092.2551|45.99,2025-10-15 00:30:00+00:00,SHORT,TBX0 (a),-0.66,False,False
2025-10-15 03:15:00+00:00|SHORT|TBX0 (a)|4081.4087|59.41,2025-10-15 03:15:00+00:00,SHORT,TBX0 (a),-0.38,False,False
2025-10-16 08:15:00+00:00|SHORT|TBX7B|3993.94|66.72,2025-10-16 08:15:00+00:00,SHORT,TBX7B,-0.33,False,False
2025-10-16 13:45:00+00:00|SHORT|TBX7B|4011.4898|47.95,2025-10-16 13:45:00+00:00,SHORT,TBX7B,-0.64,False,False
2025-10-16 15:15:00+00:00|SHORT|TBX7B|3979.1742|74.15,2025-10-16 15:15:00+00:00,SHORT,TBX7B,0.25,False,False
2025-10-17 06:15:00+00:00|SHORT|TBX7B|3883.4719|44.84,2025-10-17 06:15:00+00:00,SHORT,TBX7B,1.35,False,False
2025-10-21 15:00:00+00:00|LONG|TBX7B|4080.41|86.07,2025-10-21 15:00:00+00:00,LONG,TBX7B,-0.92,False,False
2025-10-24 00:15:00+00:00|LONG|TBX0 (a) or TBX1|3860.8399|26.23,2025-10-24 00:15:00+00:00,LONG,TBX0 (a) or TBX1,1.5,False,False
2025-10-24 12:30:00+00:00|LONG|TBX0 (a) or TBX1|3972.809|46.5,2025-10-24 12:30:00+00:00,LONG,TBX0 (a) or TBX1,-0.98,False,False
2025-10-26 16:00:00+00:00|SHORT|TBX0|4054.26|21.69,2025-10-26 16:00:00+00:00,SHORT,TBX0,-0.97,False,False
2025-10-26 21:00:00+00:00|LONG|TBX7B|4079.08|15.65,2025-10-26 21:00:00+00:00,LONG,TBX7B,7.51,False,False
2025-10-31 09:00:00+00:00|LONG|TBX0|3858.1631|34.36,2025-10-31 09:00:00+00:00,LONG,TBX0,-0.69,False,False
2025-10-31 18:30:00+00:00|LONG|TBX0|3857.7678|38.62,2025-10-31 18:30:00+00:00,LONG,TBX0,-0.33,False,False
2025-11-03 01:00:00+00:00|SHORT|TBX7A|3835.16|18.77,2025-11-03 01:00:00+00:00,SHORT,TBX7A,5.53,False,False
2025-11-03 15:15:00+00:00|SHORT|TBX7A|3664.8257|68.91,2025-11-03 15:15:00+00:00,SHORT,TBX7A,0.0,False,False
2025-11-04 05:15:00+00:00|SHORT|TBX7A|3607.1442|45.27,2025-11-04 05:15:00+00:00,SHORT,TBX7A,0.95,False,False
2025-11-04 22:00:00+00:00|LONG|TBX0|3246.44|65.05,2025-11-04 22:00:00+00:00,LONG,TBX0,-0.97,False,False
2025-11-05 02:00:00+00:00|LONG|TBX0|3273.6385|93.13,2025-11-05 02:00:00+00:00,LONG,TBX0,-0.1,False,False
2025-11-05 12:00:00+00:00|LONG|TBX0|3343.55|41.33,2025-11-05 12:00:00+00:00,LONG,TBX0,2.17,False,False
2025-11-06 12:00:00+00:00|SHORT|TBX0|3347.88|61.73,2025-11-06 12:00:00+00:00,SHORT,TBX0,-0.7,False,False
2025-11-07 09:15:00+00:00|SHORT|TBX0|3305.42|75.69,2025-11-07 09:15:00+00:00,SHORT,TBX0,0.58,False,False
2025-11-07 18:00:00+00:00|LONG|TBX7B|3424.85|51.18,2025-11-07 18:00:00+00:00,LONG,TBX7B,0.06,False,False
2025-11-12 08:00:00+00:00|LONG|TBX0|3466.95|42.94,2025-11-12 08:00:00+00:00,LONG,TBX0,1.51,False,False
2025-11-14 16:00:00+00:00|LONG|TBX0|3229.92|61.9,2025-11-14 16:00:00+00:00,LONG,TBX0,-0.95,False,False
2025-11-18 10:00:00+00:00|LONG|TBX0|3064.5|25.18,2025-11-18 10:00:00+00:00,LONG,TBX0,-0.97,False,False
2025-11-18 14:15:00+00:00|LONG|TBX0|3062.1569|26.64,2025-11-18 14:15:00+00:00,LONG,TBX0,-0.66,False,False
2025-11-19 15:30:00+00:00|SHORT|TBX7B|3018.5614|68.44,2025-11-19 15:30:00+00:00,SHORT,TBX7B,1.62,False,False
2025-11-19 23:00:00+00:00|LONG|TBX0|3024.09|43.34,2025-11-19 23:00:00+00:00,LONG,TBX0,-0.16,False,False
2025-11-20 04:45:00+00:00|LONG|TBX0|3042.2591|22.84,2025-11-20 04:45:00+00:00,LONG,TBX0,-1.94,True,True
2025-11-24 09:00:00+00:00|SHORT|TBX0|2796.45|43.43,2025-11-24 09:00:00+00:00,SHORT,TBX0,-0.7,False,False
2025-11-24 14:00:00+00:00|SHORT|TBX0|2800.882|23.32,2025-11-24 14:00:00+00:00,SHORT,TBX0,-1.0,False,False
2025-12-11 05:00:00+00:00|SHORT|TBX0 (a)|3212.88|3.43,2025-12-11 05:00:00+00:00,SHORT,TBX0 (a),14.39,False,False
2025-12-12 00:45:00+00:00|SHORT|TBX0 (a)|3207.7255|61.46,2025-12-12 00:45:00+00:00,SHORT,TBX0 (a),-0.26,False,False
2025-12-12 14:15:00+00:00|SHORT|TBX0 (a)|3223.22|38.8,2025-12-12 14:15:00+00:00,SHORT,TBX0 (a),3.5,False,False
2025-12-15 01:00:00+00:00|LONG|TBX7A|3107.41|22.55,2025-12-15 01:00:00+00:00,LONG,TBX7A,1.18,False,False
2025-12-15 13:00:00+00:00|SHORT|TBX0|3130.56|26.05,2025-12-15 13:00:00+00:00,SHORT,TBX0,7.24,False,False
2025-12-16 13:30:00+00:00|SHORT|TBX0|2927.2041|39.75,2025-12-16 13:30:00+00:00,SHORT,TBX0,-0.73,False,False
2025-12-17 03:30:00+00:00|SHORT|TBX0|2944.3015|12.43,2025-12-17 03:30:00+00:00,SHORT,TBX0,0.16,False,False
2025-12-17 08:30:00+00:00|SHORT|TBX0|2922.9964|26.18,2025-12-17 08:30:00+00:00,SHORT,TBX0,-0.18,False,False
2025-12-17 12:30:00+00:00|SHORT|TBX0|2919.7127|14.67,2025-12-17 12:30:00+00:00,SHORT,TBX0,-0.48,False,False
2025-12-17 14:45:00+00:00|SHORT|TBX0|2918.9728|25.9,2025-12-17 14:45:00+00:00,SHORT,TBX0,-0.5,True,True
2025-12-18 19:00:00+00:00|SHORT|TBX7B|2780.4|62.98,2025-12-18 19:00:00+00:00,SHORT,TBX7B,-1.11,False,False
2025-12-19 19:00:00+00:00|LONG|TBX7A|2970.24|44.64,2025-12-19 19:00:00+00:00,LONG,TBX7A,0.07,False,False
2025-12-21 04:00:00+00:00|LONG|TBX7A|2976.3611|13.84,2025-12-21 04:00:00+00:00,LONG,TBX7A,0.66,False,False
2025-12-21 22:30:00+00:00|LONG|TBX7A|2989.1337|17.89,2025-12-21 22:30:00+00:00,LONG,TBX7A,0.31,False,False
2025-12-22 14:45:00+00:00|LONG|TBX7A|3064.0842|21.32,2025-12-22 14:45:00+00:00,LONG,TBX7A,-1.0,False,False
2025-12-22 16:15:00+00:00|LONG|TBX7A|3055.3|25.95,2025-12-22 16:15:00+00:00,LONG,TBX7A,-0.97,False,False
2025-12-22 17:00:00+00:00|SHORT|TBX0|3031.36|13.16,2025-12-22 17:00:00+00:00,SHORT,TBX0,1.84,False,False
2025-12-23 02:30:00+00:00|SHORT|TBX0|2995.1931|33.12,2025-12-23 02:30:00+00:00,SHORT,TBX0,1.45,False,False
2025-12-23 16:00:00+00:00|LONG|TBX0|2955.09|40.48,2025-12-23 16:00:00+00:00,LONG,TBX0,-0.92,False,False
2025-12-23 17:00:00+00:00|SHORT|TBX7B|2909.4|36.98,2025-12-23 17:00:00+00:00,SHORT,TBX7B,-0.95,False,False
2025-12-23 20:00:00+00:00|LONG|TBX0|2968.71|32.79,2025-12-23 20:00:00+00:00,LONG,TBX0,-0.9,False,False
2025-12-24 16:00:00+00:00|LONG|TBX0|2932.6181|21.63,2025-12-24 16:00:00+00:00,LONG,TBX0,0.5,False,False
2025-12-28 22:15:00+00:00|LONG|TBX7B|2942.2774|9.67,2025-12-28 22:15:00+00:00,LONG,TBX7B,3.84,False,False
2025-12-29 15:00:00+00:00|SHORT|TBX0|2918.4532|39.39,2025-12-29 15:00:00+00:00,SHORT,TBX0,-0.42,False,False
2026-01-01 14:00:00+00:00|LONG|TBX7A|2983.87|9.0,2026-01-01 14:00:00+00:00,LONG,TBX7A,-1.0,False,False
2026-01-02 03:00:00+00:00|LONG|TBX7A|3003.074|11.8,2026-01-02 03:00:00+00:00,LONG,TBX7A,1.77,False,False
2026-01-06 06:00:00+00:00|LONG|TBX7B|3239.68|22.54,2026-01-06 06:00:00+00:00,LONG,TBX7B,-0.95,False,False
2026-01-09 09:00:00+00:00|SHORT|TBX7B|3091.0|10.0,2026-01-09 09:00:00+00:00,SHORT,TBX7B,-0.97,False,False
2026-01-11 14:00:00+00:00|LONG|TBX7B|3124.35|12.07,2026-01-11 14:00:00+00:00,LONG,TBX7B,-0.97,False,False
2026-01-13 04:00:00+00:00|LONG|TBX7A|3121.13|9.0,2026-01-13 04:00:00+00:00,LONG,TBX7A,4.03,False,False
2026-01-14 19:15:00+00:00|LONG|TBX7A|3388.0629|65.93,2026-01-14 19:15:00+00:00,LONG,TBX7A,-0.26,False,False
2026-01-15 14:30:00+00:00|SHORT|TBX0 (a) or TBX1|3341.8265|36.35,2026-01-15 14:30:00+00:00,SHORT,TBX0 (a) or TBX1,0.89,False,False
2026-01-15 23:00:00+00:00|LONG|TBX0|3317.0|23.1,2026-01-15 23:00:00+00:00,LONG,TBX0,-0.42,False,False
2026-01-18 08:00:00+00:00|SHORT|TBX0|3303.0077|10.0,2026-01-18 08:00:00+00:00,SHORT,TBX0,-0.93,False,False
2026-01-18 13:00:00+00:00|LONG|TBX7A|3324.47|9.0,2026-01-18 13:00:00+00:00,LONG,TBX7A,-0.63,False,False
2026-01-18 20:00:00+00:00|SHORT|TBX0|3339.77|16.9,2026-01-18 20:00:00+00:00,SHORT,TBX0,7.07,False,False
2026-01-19 18:00:00+00:00|SHORT|TBX0|3213.0182|11.76,2026-01-19 18:00:00+00:00,SHORT,TBX0,33.42,False,False
2026-01-23 01:15:00+00:00|LONG|TBX4|2957.5|29.33,2026-01-23 01:15:00+00:00,LONG,TBX4,-0.26,False,False
2026-01-28 06:00:00+00:00|LONG|TBX0|3007.9799|11.88,2026-01-28 06:00:00+00:00,LONG,TBX0,-1.65,False,False
2026-01-28 09:30:00+00:00|LONG|TBX0|3006.5908|17.09,2026-01-28 09:30:00+00:00,LONG,TBX0,0.17,False,False
2026-01-29 00:00:00+00:00|SHORT|TBX0|3002.19|22.62,2026-01-29 00:00:00+00:00,SHORT,TBX0,12.88,False,False
2026-01-30 15:15:00+00:00|SHORT|TBX0|2714.7203|44.98,2026-01-30 15:15:00+00:00,SHORT,TBX0,-0.27,False,False
2026-01-30 20:15:00+00:00|SHORT|TBX0|2676.886|71.77,2026-01-30 20:15:00+00:00,SHORT,TBX0,1.77,False,False
2026-02-01 10:00:00+00:00|LONG|TBX0|2437.4022|31.73,2026-02-01 10:00:00+00:00,LONG,TBX0,-0.62,False,False
2026-02-06 01:00:00+00:00|LONG|TBX0|1930.79|64.0,2026-02-06 01:00:00+00:00,LONG,TBX0,-0.97,False,False
2026-02-06 10:15:00+00:00|LONG|TBX0|1931.6845|63.44,2026-02-06 10:15:00+00:00,LONG,TBX0,1.77,False,False
2026-02-09 16:00:00+00:00|LONG|TBX0|2090.26|56.75,2026-02-09 16:00:00+00:00,LONG,TBX0,0.07,False,False
2026-02-10 01:15:00+00:00|LONG|TBX0|2115.78|28.36,2026-02-10 01:15:00+00:00,LONG,TBX0,-1.25,False,False
2026-02-11 13:00:00+00:00|LONG|TBX0|1959.43|27.69,2026-02-11 13:00:00+00:00,LONG,TBX0,-0.57,False,False
2026-02-19 01:00:00+00:00|LONG|TBX0|1965.99|13.16,2026-02-19 01:00:00+00:00,LONG,TBX0,0.04,False,False
2026-02-20 09:00:00+00:00|LONG|TBX0|1966.82|10.5,2026-02-20 09:00:00+00:00,LONG,TBX0,-0.97,False,False
2026-02-20 15:00:00+00:00|LONG|TBX0|1955.2311|27.02,2026-02-20 15:00:00+00:00,LONG,TBX0,-0.61,False,False
2026-02-20 18:30:00+00:00|LONG|TBX0|1971.38|35.48,2026-02-20 18:30:00+00:00,LONG,TBX0,-0.41,False,False
2026-02-22 12:00:00+00:00|SHORT|TBX0|1973.7877|6.67,2026-02-22 12:00:00+00:00,SHORT,TBX0,4.49,False,False
2026-02-23 00:30:00+00:00|SHORT|TBX0|1944.7654|14.53,2026-02-23 00:30:00+00:00,SHORT,TBX0,4.4,False,False
2026-02-24 01:00:00+00:00|SHORT|TBX7B|1847.3665|19.64,2026-02-24 01:00:00+00:00,SHORT,TBX7B,0.2,False,False
2026-02-24 15:00:00+00:00|LONG|TBX0|1846.37|25.76,2026-02-24 15:00:00+00:00,LONG,TBX0,0.02,False,False
2026-02-25 01:00:00+00:00|LONG|TBX0|1860.5574|13.41,2026-02-25 01:00:00+00:00,LONG,TBX0,3.57,False,False
2026-02-25 08:45:00+00:00|LONG|TBX0|1910.2503|22.14,2026-02-25 08:45:00+00:00,LONG,TBX0,7.13,False,False
2026-02-26 09:00:00+00:00|LONG|TBX0|2062.2317|16.19,2026-02-26 09:00:00+00:00,LONG,TBX0,-1.29,False,False
2026-02-27 04:00:00+00:00|SHORT|TBX0 (a)|2041.8|24.41,2026-02-27 04:00:00+00:00,SHORT,TBX0 (a),7.41,False,False
2026-03-02 12:30:00+00:00|SHORT|TBX0|1931.8025|21.51,2026-03-02 12:30:00+00:00,SHORT,TBX0,-0.56,False,False
2026-03-03 03:00:00+00:00|SHORT|TBX0|2007.69|8.7,2026-03-03 03:00:00+00:00,SHORT,TBX0,-0.97,False,False
2026-03-03 13:00:00+00:00|SHORT|TBX0|1951.7093|27.37,2026-03-03 13:00:00+00:00,SHORT,TBX0,-0.51,False,False
2026-03-04 03:30:00+00:00|SHORT|TBX0|1951.2891|42.31,2026-03-04 03:30:00+00:00,SHORT,TBX0,-0.32,False,False
2026-03-04 09:00:00+00:00|LONG|TBX0 (a)|2074.45|22.55,2026-03-04 09:00:00+00:00,LONG,TBX0 (a),-0.97,False,False
2026-03-05 04:15:00+00:00|LONG|TBX0 (a)|2133.15|37.59,2026-03-05 04:15:00+00:00,LONG,TBX0 (a),-0.64,False,False
2026-03-05 07:00:00+00:00|SHORT|TBX0|2104.3|33.35,2026-03-05 07:00:00+00:00,SHORT,TBX0,-0.92,False,False
2026-03-05 13:30:00+00:00|SHORT|TBX0|2108.9785|46.44,2026-03-05 13:30:00+00:00,SHORT,TBX0,-0.17,False,False
2026-03-06 04:30:00+00:00|SHORT|TBX0|2063.7756|27.58,2026-03-06 04:30:00+00:00,SHORT,TBX0,-0.23,False,False
2026-03-06 09:00:00+00:00|SHORT|TBX0|2065.8725|17.05,2026-03-06 09:00:00+00:00,SHORT,TBX0,4.57,False,False
2026-03-16 15:30:00+00:00|LONG|TBX0 (a) or TBX1|2296.2365|26.42,2026-03-16 15:30:00+00:00,LONG,TBX0 (a) or TBX1,-0.36,False,False
2026-03-17 23:45:00+00:00|SHORT|TBX0 (a) or TBX1|2316.45|28.9,2026-03-17 23:45:00+00:00,SHORT,TBX0 (a) or TBX1,-0.34,False,False
2026-03-18 04:45:00+00:00|SHORT|TBX0 (a) or TBX1|2326.33|20.57,2026-03-18 04:45:00+00:00,SHORT,TBX0 (a) or TBX1,-0.24,False,False
2026-03-18 10:30:00+00:00|SHORT|TBX0 (a) or TBX1|2316.9471|15.38,2026-03-18 10:30:00+00:00,SHORT,TBX0 (a) or TBX1,3.09,False,False
2026-03-20 01:00:00+00:00|LONG|TBX0|2150.5354|16.65,2026-03-20 01:00:00+00:00,LONG,TBX0,-0.71,False,False
2026-03-20 07:30:00+00:00|LONG|TBX0|2149.2834|23.21,2026-03-20 07:30:00+00:00,LONG,TBX0,-0.24,False,False
2026-03-22 07:30:00+00:00|SHORT|TBX7B|2104.0262|10.1,2026-03-22 07:30:00+00:00,SHORT,TBX7B,2.28,False,False
2026-03-26 01:15:00+00:00|SHORT|TBX0|2159.7644|16.06,2026-03-26 01:15:00+00:00,SHORT,TBX0,4.33,False,False
2026-03-27 03:00:00+00:00|SHORT|TBX0|2060.9477|12.12,2026-03-27 03:00:00+00:00,SHORT,TBX0,-0.42,False,False
2026-03-27 08:15:00+00:00|SHORT|TBX0|2054.6305|14.67,2026-03-27 08:15:00+00:00,SHORT,TBX0,2.42,False,False
2026-03-29 11:00:00+00:00|LONG|TBX0 (a)|2003.2995|11.85,2026-03-29 11:00:00+00:00,LONG,TBX0 (a),-1.13,False,False
2026-03-29 13:00:00+00:00|SHORT|TBX7A|1986.12|9.68,2026-03-29 13:00:00+00:00,SHORT,TBX7A,-1.0,False,False
2026-03-29 22:00:00+00:00|SHORT|TBX7A|1993.4347|11.88,2026-03-29 22:00:00+00:00,SHORT,TBX7A,-0.76,False,False
2026-03-30 04:00:00+00:00|LONG|TBX7B|2047.26|14.58,2026-03-30 04:00:00+00:00,LONG,TBX7B,0.74,False,False
2026-03-30 14:45:00+00:00|LONG|TBX7B|2073.1356|26.48,2026-03-30 14:45:00+00:00,LONG,TBX7B,-0.97,False,False
2026-03-30 17:00:00+00:00|SHORT|TBX0|2040.67|36.75,2026-03-30 17:00:00+00:00,SHORT,TBX0,-0.17,False,False
2026-03-30 23:00:00+00:00|SHORT|TBX0|2018.1195|26.39,2026-03-30 23:00:00+00:00,SHORT,TBX0,-0.81,False,False
2026-03-31 07:00:00+00:00|SHORT|TBX0|2050.7207|17.66,2026-03-31 07:00:00+00:00,SHORT,TBX0,0.48,False,False
2026-03-31 12:00:00+00:00|LONG|TBX7B|2046.78|10.0,2026-03-31 12:00:00+00:00,LONG,TBX7B,0.2,False,False
2026-03-31 16:30:00+00:00|LONG|TBX7B|2092.715|49.76,2026-03-31 16:30:00+00:00,LONG,TBX7B,-0.07,False,False
2026-04-01 16:15:00+00:00|LONG|TBX7B|2138.237|19.73,2026-04-01 16:15:00+00:00,LONG,TBX7B,-0.62,False,False
2026-04-13 21:00:00+00:00|LONG|TBX0 (a)|2259.0|12.74,2026-04-13 21:00:00+00:00,LONG,TBX0 (a),10.36,False,False
2026-04-14 14:00:00+00:00|SHORT|TBX0|2352.08|83.24,2026-04-14 14:00:00+00:00,SHORT,TBX0,0.11,False,False
2026-04-15 02:30:00+00:00|SHORT|TBX0|2319.5126|18.2,2026-04-15 02:30:00+00:00,SHORT,TBX0,-0.91,False,False
2026-04-15 10:15:00+00:00|SHORT|TBX0|2312.863|16.8,2026-04-15 10:15:00+00:00,SHORT,TBX0,-1.0,False,False
2026-04-15 13:30:00+00:00|SHORT|TBX0|2318.4762|19.2,2026-04-15 13:30:00+00:00,SHORT,TBX0,-0.95,False,False
2026-04-16 13:00:00+00:00|SHORT|TBX7A|2307.14|21.42,2026-04-16 13:00:00+00:00,SHORT,TBX7A,-1.0,True,True
2026-04-17 10:00:00+00:00|LONG|TBX7A|2342.53|9.0,2026-04-17 10:00:00+00:00,LONG,TBX7A,24.61,False,False
2026-04-17 18:00:00+00:00|SHORT|TBX0|2419.01|24.45,2026-04-17 18:00:00+00:00,SHORT,TBX0,1.86,False,False
2026-04-20 01:00:00+00:00|LONG|TBX0|2284.73|9.81,2026-04-20 01:00:00+00:00,LONG,TBX0,-1.0,False,False
2026-04-20 20:00:00+00:00|LONG|TBX0 (a)|2336.29|15.21,2026-04-20 20:00:00+00:00,LONG,TBX0 (a),-1.0,False,False
2026-04-21 05:00:00+00:00|LONG|TBX0 (a)|2319.1676|17.07,2026-04-21 05:00:00+00:00,LONG,TBX0 (a),-0.85,False,False
2026-04-21 14:00:00+00:00|SHORT|TBX7A|2297.93|9.15,2026-04-21 14:00:00+00:00,SHORT,TBX7A,-1.21,False,False
2026-04-21 14:30:00+00:00|LONG|TBX0 (a)|2324.9868|27.58,2026-04-21 14:30:00+00:00,LONG,TBX0 (a),-1.25,False,False
2026-04-21 19:30:00+00:00|SHORT|TBX7A|2294.6862|31.2,2026-04-21 19:30:00+00:00,SHORT,TBX7A,-1.19,False,False
2026-04-24 02:45:00+00:00|SHORT|TBX0 (a)|2318.431|13.14,2026-04-24 02:45:00+00:00,SHORT,TBX0 (a),0.19,False,False
2026-04-24 09:00:00+00:00|SHORT|TBX0 (a)|2306.88|10.58,2026-04-24 09:00:00+00:00,SHORT,TBX0 (a),-0.83,False,False
2026-04-24 13:45:00+00:00|SHORT|TBX0 (a)|2311.702|21.1,2026-04-24 13:45:00+00:00,SHORT,TBX0 (a),-0.52,True,False
2026-04-24 21:30:00+00:00|SHORT|TBX0 (a)|2311.4228|12.83,2026-04-24 21:30:00+00:00,SHORT,TBX0 (a),-0.66,False,False
2026-04-26 13:30:00+00:00|LONG|TBX7B|2333.6673|6.16,2026-04-26 13:30:00+00:00,LONG,TBX7B,3.17,False,False
2026-04-28 02:15:00+00:00|SHORT|TBX4|2292.0175|13.95,2026-04-28 02:15:00+00:00,SHORT,TBX4,0.32,False,False
2026-04-29 05:00:00+00:00|LONG|TBX0 (a)|2327.84|9.14,2026-04-29 05:00:00+00:00,LONG,TBX0 (a),-0.95,False,False
2026-04-30 02:30:00+00:00|SHORT|TBX7A|2254.7147|19.29,2026-04-30 02:30:00+00:00,SHORT,TBX7A,-0.4,False,False
2026-04-30 11:45:00+00:00|SHORT|TBX7A|2251.8232|14.61,2026-04-30 11:45:00+00:00,SHORT,TBX7A,-1.16,False,False
2026-04-30 13:15:00+00:00|SHORT|TBX7A|2256.278|10.2,2026-04-30 13:15:00+00:00,SHORT,TBX7A,-1.2,False,False
2026-04-30 14:15:00+00:00|SHORT|TBX7A|2257.29|16.35,2026-04-30 14:15:00+00:00,SHORT,TBX7A,-0.88,True,True
2026-05-20 14:15:00+00:00|LONG|TBX7A|2134.4044|16.59,2026-05-20 14:15:00+00:00,LONG,TBX7A,-1.2,False,False
2026-05-21 00:45:00+00:00|LONG|TBX7A|2141.4437|16.24,2026-05-21 00:45:00+00:00,LONG,TBX7A,-0.2,False,False
2026-05-21 08:00:00+00:00|LONG|TBX7A|2136.3585|10.26,2026-05-21 08:00:00+00:00,LONG,TBX7A,-0.81,False,False
2026-05-21 17:00:00+00:00|LONG|TBX7B|2145.67|14.1,2026-05-21 17:00:00+00:00,LONG,TBX7B,-0.92,True,True
2026-05-25 19:00:00+00:00|LONG|TBX7A|2120.41|9.0,2026-05-25 19:00:00+00:00,LONG,TBX7A,-0.95,False,False
2026-05-29 05:00:00+00:00|LONG|TBX0 (a) or TBX1|2011.69|13.58,2026-05-29 05:00:00+00:00,LONG,TBX0 (a) or TBX1,-0.15,False,False
2026-05-29 15:00:00+00:00|LONG|TBX0 (a) or TBX1|2005.0979|21.11,2026-05-29 15:00:00+00:00,LONG,TBX0 (a) or TBX1,0.46,False,False
2026-05-31 21:00:00+00:00|LONG|TBX0|2011.44|9.44,2026-05-31 21:00:00+00:00,LONG,TBX0,-0.75,False,False
2026-06-01 00:15:00+00:00|LONG|TBX0|2015.0413|14.18,2026-06-01 00:15:00+00:00,LONG,TBX0,-0.74,False,False
2026-06-01 03:00:00+00:00|SHORT|TBX7A|2008.48|9.0,2026-06-01 03:00:00+00:00,SHORT,TBX7A,5.47,False,False
2026-06-03 10:00:00+00:00|LONG|TBX0|1884.03|11.1,2026-06-03 10:00:00+00:00,LONG,TBX0,-0.92,False,False
2026-06-03 19:00:00+00:00|SHORT|TBX7B|1802.41|22.88,2026-06-03 19:00:00+00:00,SHORT,TBX7B,-0.84,False,False
2026-06-09 18:00:00+00:00|LONG|TBX0|1651.32|15.76,2026-06-09 18:00:00+00:00,LONG,TBX0,-0.1,False,False
2026-06-14 20:00:00+00:00|LONG|TBX0|1669.51|10.68,2026-06-14 20:00:00+00:00,LONG,TBX0,4.02,False,False
2026-06-21 04:30:00+00:00|LONG|TBX0|1739.5648|5.21,2026-06-21 04:30:00+00:00,LONG,TBX0,-0.97,False,False
2026-06-21 20:00:00+00:00|SHORT|TBX7A|1720.56|9.0,2026-06-21 20:00:00+00:00,SHORT,TBX7A,0.11,False,False
2026-06-24 02:30:00+00:00|SHORT|TBX0|1662.6984|12.26,2026-06-24 02:30:00+00:00,SHORT,TBX0,-0.66,False,False
2026-06-24 13:00:00+00:00|SHORT|TBX0|1660.0225|19.22,2026-06-24 13:00:00+00:00,SHORT,TBX0,2.63,False,False
2026-06-25 12:00:00+00:00|SHORT|TBX7A|1634.91|9.0,2026-06-25 12:00:00+00:00,SHORT,TBX7A,-1.0,False,False
2026-06-26 00:45:00+00:00|SHORT|TBX7A|1563.9124|11.25,2026-06-26 00:45:00+00:00,SHORT,TBX7A,0.81,False,False
2026-06-26 09:45:00+00:00|SHORT|TBX7A|1553.2748|25.71,2026-06-26 09:45:00+00:00,SHORT,TBX7A,-0.14,False,False
2026-06-26 15:00:00+00:00|LONG|TBX0|1579.32|22.5,2026-06-26 15:00:00+00:00,LONG,TBX0,-0.22,False,False
2026-06-28 10:15:00+00:00|SHORT|TBX4|1571.5786|10.99,2026-06-28 10:15:00+00:00,SHORT,TBX4,-0.97,False,False
2026-06-29 14:00:00+00:00|LONG|TBX0 (a)|1572.37|18.33,2026-06-29 14:00:00+00:00,LONG,TBX0 (a),1.27,False,False
2026-06-30 00:00:00+00:00|SHORT|TBX0|1593.77|21.13,2026-06-30 00:00:00+00:00,SHORT,TBX0,-0.09,False,False
