instrument,timeframe,direction,setup,entry_price,exit_price,sl_usd,pnl,r,entry_time,exit_time,r_base,pyr_r,macro_zone,macro_mult,macro_rule,month,f11_skip,f11_type,skip_metrics,modified,pyr_triggered,exit_time_parsed,is_open,gf_blocked,sign,stop_price,in_metrics,trade_id,bars_to_fill,entry_in_signal_bar,dist_from_open_r,entry_style,mfe_r,mae_r,mfe_12h,mae_12h,stop_touched,stop_close_through,stop_wick_only,bars_to_stop,beyond_stop_r,beyond_stop_atr,atr_at_entry,cf_mfe_r,cf_mfe_no_retest_r,cf_reclaimed,cf_reached_1r,cf_reached_2r,cf_reached_5r,hours_to_cf_mfe,stop_fate,_med_beyond_r,_p75_beyond_r,_med_beyond_atr,_p75_beyond_atr
ETHUSDT,15M,SHORT,TBX0,731.5486664081818,742.1687394248177,13.47,-9.54,-0.71,2021-01-01 00:00:00+00:00,2021-01-01 01:00,-0.71,-0.71,NORMAL,1.0,,2021-01,,,False,,,2021-01-01 01:00:00+00:00,False,False,-1.0,745.0186664081818,True,2021-01-01 00:00:00+00:00|SHORT|TBX0|731.5487|13.47,0.0,True,0.011234862050351095,market_like,0.11497152250792993,-0.9607523082270373,0.4423657318620478,-1.3995050921914,False,False,False,,0.0,,,,,False,False,False,False,,not_applicable,0.1971460202159876,0.5223454612889963,0.40722260590701836,1.0827463162798883
ETHUSDT,15M,SHORT,TBX7A,733.0856393041363,742.77,9.68,-8.91,-0.92,2021-01-01 12:45:00+00:00,2021-01-01 13:45,-0.92,-0.92,NORMAL,1.0,,2021-01,,,False,,,2021-01-01 13:45:00+00:00,False,False,-1.0,742.7656393041362,True,2021-01-01 12:45:00+00:00|SHORT|TBX7A|733.0856|9.68,0.0,True,0.9302025512255928,limit_retest,0.023309845468623955,-1.055202551225585,1.914838771088465,-1.1099546173412962,True,False,True,4.0,0.05520255122558493,0.13631650404685314,3.9199999999999835,1.914838771088465,,True,True,False,False,5.0,stop_hunt,0.1971460202159876,0.5223454612889963,0.40722260590701836,1.0827463162798883
ETHUSDT,1H,LONG,TBX0 (a),1733.28,1688.28,45.0,-43.65,-0.97,2021-02-08 12:00:00+00:00,2021-02-08 13:45,-0.97,-0.97,NORMAL,1.0,,2021-02,,,False,,,2021-02-08 13:45:00+00:00,False,False,1.0,1688.28,True,2021-02-08 12:00:00+00:00|LONG|TBX0 (a)|1733.28|45.0,3.0,False,1.5371111111111126,limit_retest,0.5546666666666675,-1.9617777777777772,1.0937777777777784,-1.9617777777777772,True,True,False,0.0,0.9617777777777772,3.441749502982106,12.574999999999998,1.0937777777777784,,True,True,False,False,4.0,hopeless,0.4321185415586152,0.6756383432490256,0.6360653867547656,1.0796369927068623
ETHUSDT,15M,LONG,TBX0 (a),1739.4794480561882,1726.473857471066,35.35,-11.95,-0.34,2021-02-08 23:15:00+00:00,2021-02-09 02:00,-0.34,-0.34,NORMAL,1.0,,2021-02,,,False,,,2021-02-09 02:00:00+00:00,False,False,1.0,1704.1294480561883,True,2021-02-08 23:15:00+00:00|LONG|TBX0 (a)|1739.4794|35.35,0.0,True,0.48541578659655554,market_like,1.061401752300193,-0.7434073000336104,2.5739901539975065,-0.7434073000336104,False,False,False,,0.0,0.0,16.120000000000022,,,False,False,False,False,,not_applicable,0.1971460202159876,0.5223454612889963,0.40722260590701836,1.0827463162798883
ETHUSDT,15M,LONG,TBX0 (a),1778.0,1752.4,50.12,-11.04,-0.31,2021-02-09 19:45:00+00:00,2021-02-09 23:00,-0.31,-0.31,YELLOW,0.5,День перед CPI,2021-02,,,False,True,,2021-02-09 23:00:00+00:00,False,False,1.0,1727.88,True,2021-02-09 19:45:00+00:00|LONG|TBX0 (a)|1778.0|50.12,0.0,True,0.41899441340782123,market_like,0.3902633679169981,-0.5768156424581022,1.0853950518755007,-0.5768156424581022,False,False,False,,0.0,0.0,12.831428571428578,,,False,False,False,False,,not_applicable,0.1971460202159876,0.5223454612889963,0.40722260590701836,1.0827463162798883
ETHUSDT,15M,LONG,TBX0 (a),1826.7990414776007,1791.3714908129682,57.31,-12.09,-0.21,2021-02-10 06:00:00+00:00,2021-02-10 11:00,-0.21,-0.21,NORMAL,1.0,,2021-02,,,False,,,2021-02-10 11:00:00+00:00,False,False,1.0,1769.4890414776007,True,2021-02-10 06:00:00+00:00|LONG|TBX0 (a)|1826.799|57.31,0.0,True,0.43690527792009554,market_like,0.3699347151003199,-0.7293498774664223,0.3699347151003199,-2.5614908650776593,False,False,False,,0.0,0.0,16.055,,,False,False,False,False,,not_applicable,0.1971460202159876,0.5223454612889963,0.40722260590701836,1.0827463162798883
ETHUSDT,15M,LONG,TBX0,1781.8130717772153,1780.0200203217726,22.79,-6.23,-0.27,2021-02-12 11:15:00+00:00,2021-02-12 14:30,-0.27,-0.27,GREEN,1.25,Канун праздника (прочие),2021-02,,,False,,,2021-02-12 14:30:00+00:00,False,False,1.0,1759.0230717772154,True,2021-02-12 11:15:00+00:00|LONG|TBX0|1781.8131|22.79,0.0,True,0.23269292572248076,market_like,1.1442267759010432,-0.9545007361656597,3.995038535444694,-1.3959224123394176,False,False,False,,0.0,0.0,8.501428571428603,,,False,False,False,False,,not_applicable,0.1971460202159876,0.5223454612889963,0.40722260590701836,1.0827463162798883
ETHUSDT,1H,LONG,TBX7B,1832.34,1850.583326470568,44.89,22.8,0.51,2021-02-12 16:00:00+00:00,2021-02-13 05:15,0.51,0.51,GREEN,1.25,Канун праздника (прочие),2021-02,,,False,,,2021-02-13 05:15:00+00:00,False,False,1.0,1787.4499999999998,True,2021-02-12 16:00:00+00:00|LONG|TBX7B|1832.34|44.89,3.0,False,0.9327244375139205,limit_retest,1.0367565159278278,-0.9327244375139205,1.0367565159278278,-0.9327244375139205,False,False,False,,0.0,0.0,13.478571428571447,,,False,False,False,False,,clean_winner,0.4321185415586152,0.6756383432490256,0.6360653867547656,1.0796369927068623
ETHUSDT,1H,LONG,TBX0,1763.9,1804.2241308881516,30.75,40.32,1.31,2021-02-15 08:00:00+00:00,2021-02-15 21:45,1.31,1.31,NORMAL,1.0,,2021-02,,,False,,,2021-02-15 21:45:00+00:00,False,False,1.0,1733.15,True,2021-02-15 08:00:00+00:00|LONG|TBX0|1763.9|30.75,1.0,False,0.44455284552845764,limit_retest,2.462764227642277,-0.7323577235772352,2.4422764227642246,-0.7323577235772352,False,False,False,,0.0,0.0,13.932142857142821,,,False,False,False,False,,clean_winner,0.4321185415586152,0.6756383432490256,0.6360653867547656,1.0796369927068623
ETHUSDT,15M,SHORT,TBX0,1754.3462011497907,1765.3662291818687,30.52,-10.3,-0.34,2021-02-17 03:15:00+00:00,2021-02-17 06:15,-0.34,-0.34,GREEN,1.2,PPI утро до 09:00 UTC,2021-02,,,False,,,2021-02-17 06:15:00+00:00,False,False,-1.0,1784.8662011497906,True,2021-02-17 03:15:00+00:00|SHORT|TBX0|1754.3462|30.52,0.0,True,0.3281061222217969,market_like,0.6122608502552613,-0.45949537517068256,0.6122608502552613,-3.2124442611470982,False,False,False,,0.0,0.0,12.690714285714307,,,False,False,False,False,,not_applicable,0.1971460202159876,0.5223454612889963,0.40722260590701836,1.0827463162798883
ETHUSDT,1H,LONG,TBX7A,1816.12,1807.12,9.0,-5.4,-0.6,2021-02-17 09:00:00+00:00,2021-02-17 10:45,-0.6,-0.6,YELLOW,0.6,PPI день 09-16 UTC,2021-02,,,False,,,2021-02-17 10:45:00+00:00,False,False,1.0,1807.12,True,2021-02-17 09:00:00+00:00|LONG|TBX7A|1816.12|9.0,1.0,False,1.3177777777777666,limit_retest,1.320000000000012,-1.5666666666666567,4.030000000000023,-1.5666666666666567,True,False,True,0.0,0.5666666666666567,0.4422147900408691,11.532857142857145,4.030000000000023,1.320000000000012,True,True,True,False,3.5,ambiguous_stop,0.4321185415586152,0.6756383432490256,0.6360653867547656,1.0796369927068623
ETHUSDT,15M,LONG,TBX0,1591.8968942951956,1652.4501098700498,80.08,34.45,0.43,2021-02-24 01:15:00+00:00,2021-02-24 13:15,0.43,0.43,NORMAL,1.0,,2021-02,,,False,,,2021-02-24 13:15:00+00:00,False,False,1.0,1511.8168942951957,True,2021-02-24 01:15:00+00:00|LONG|TBX0|1591.8969|80.08,0.0,True,0.2934177609290146,market_like,1.5252635577523026,-0.30640477391603,1.5252635577523026,-0.30640477391603,False,False,False,,0.0,0.0,28.44071428571429,,,False,False,False,False,,clean_winner,0.1971460202159876,0.5223454612889963,0.40722260590701836,1.0827463162798883
ETHUSDT,15M,LONG,TBX0,1676.5193939204157,1626.86,55.6,-14.85,-0.27,2021-02-24 16:00:00+00:00,2021-02-24 19:00,-0.27,-0.27,NORMAL,1.0,,2021-02,,,False,,,2021-02-24 19:00:00+00:00,False,False,1.0,1620.9193939204158,True,2021-02-24 16:00:00+00:00|LONG|TBX0|1676.5194|55.6,0.0,True,0.2597013295038812,market_like,0.03328428200690949,-0.9114998906549605,0.03328428200690949,-2.1870394590002813,False,False,False,,0.0,0.0,27.414285714285693,,,False,False,False,False,,not_applicable,0.1971460202159876,0.5223454612889963,0.40722260590701836,1.0827463162798883
ETHUSDT,1H,SHORT,TBX0,1592.3,1607.71,15.41,-15.41,-1.0,2021-02-24 21:00:00+00:00,2021-02-24 23:00,-1.0,-1.0,NORMAL,1.0,,2021-02,,,False,,,2021-02-24 23:00:00+00:00,False,False,-1.0,1607.71,True,2021-02-24 21:00:00+00:00|SHORT|TBX0|1592.3|15.41,0.0,True,0.8377676833225232,limit_retest,2.4256975989617056,-1.473069435431541,2.4256975989617056,-4.280337443218691,True,False,True,8.0,0.473069435431541,0.37567637206905696,19.40499999999999,0.8702141466580048,,True,False,False,False,10.25,ambiguous_stop,0.4321185415586152,0.6756383432490256,0.6360653867547656,1.0796369927068623
ETHUSDT,15M,SHORT,TBX0,1607.0107369129526,1624.1099901972384,46.56,-24.0,-0.52,2021-02-25 03:15:00+00:00,2021-02-25 05:45,-0.52,-0.52,NORMAL,1.0,,2021-02,,,False,,,2021-02-25 05:45:00+00:00,False,False,-1.0,1653.5707369129525,True,2021-02-25 03:15:00+00:00|SHORT|TBX0|1607.0107|46.56,0.0,True,0.24311132059809654,market_like,0.40873575843970217,-0.40354946492799404,0.603967717202587,-1.4063415611479264,False,False,False,,0.0,0.0,15.55071428571432,,,False,False,False,False,,not_applicable,0.1971460202159876,0.5223454612889963,0.40722260590701836,1.0827463162798883
ETHUSDT,15M,SHORT,TBX0,1606.4880884740528,1634.0167905877104,37.33,-7.7,-0.21,2021-02-25 08:45:00+00:00,2021-02-25 12:00,-0.21,-0.21,NORMAL,1.0,,2021-02,,,False,,,2021-02-25 12:00:00+00:00,False,False,-1.0,1643.8180884740527,True,2021-02-25 08:45:00+00:00|SHORT|TBX0|1606.4881|37.33,0.0,True,0.2582885487797297,market_like,0.7393005216729897,-0.8039622696476614,1.3436401948581,-1.7680662074992555,False,False,False,,0.0,0.0,15.804285714285665,,,False,False,False,False,,not_applicable,0.1971460202159876,0.5223454612889963,0.40722260590701836,1.0827463162798883
ETHUSDT,15M,SHORT,TBX0,1617.0827590494384,1488.15,44.73,128.93,2.88,2021-02-25 15:45:00+00:00,2021-02-26 02:00,2.88,2.88,NORMAL,1.0,,2021-02,,,False,,,2021-02-26 02:00:00+00:00,False,False,-1.0,1661.8127590494385,True,2021-02-25 15:45:00+00:00|SHORT|TBX0|1617.0828|44.73,0.0,True,0.29951354684912995,market_like,3.757718735735266,-0.44527701655626123,3.757718735735266,-0.44527701655626123,False,False,False,,0.0,0.0,16.736428571428615,,,False,False,False,False,,clean_winner,0.1971460202159876,0.5223454612889963,0.40722260590701836,1.0827463162798883
ETHUSDT,1H,LONG,TBX0,1389.58,1425.38,45.6,35.8,0.79,2021-02-28 19:00:00+00:00,2021-03-01 06:30,0.79,0.79,NORMAL,1.0,,2021-02,,,False,,,2021-03-01 06:30:00+00:00,False,False,1.0,1343.98,True,2021-02-28 19:00:00+00:00|LONG|TBX0|1389.58|45.6,3.0,False,0.8679824561403493,limit_retest,1.496052631578948,-0.9364035087719258,1.496052631578948,-0.9364035087719258,False,False,False,,0.0,0.0,19.688571428571404,,,False,False,False,False,,clean_winner,0.4321185415586152,0.6756383432490256,0.6360653867547656,1.0796369927068623
ETHUSDT,15M,LONG,TBX0,1443.5968009577507,1523.36,17.99,81.58,4.53,2021-03-01 08:00:00+00:00,2021-03-01 17:45,4.53,4.53,NORMAL,1.0,,2021-03,,,False,,,2021-03-01 17:45:00+00:00,False,False,1.0,1425.6068009577507,True,2021-03-01 08:00:00+00:00|LONG|TBX0|1443.5968|17.99,0.0,True,0.24996114273211748,market_like,6.80062251485544,-0.263857751959466,6.80062251485544,-0.263857751959466,False,False,False,,0.0,0.0,10.197857142857174,,,False,False,False,False,,clean_winner,0.1971460202159876,0.5223454612889963,0.40722260590701836,1.0827463162798883
ETHUSDT,15M,LONG,TBX0,1534.7918057934417,1550.66692993078,27.34,4.68,0.17,2021-03-01 21:45:00+00:00,2021-03-02 02:00,0.17,-1.78,NORMAL,1.0,,2021-03,,,False,,True,2021-03-02 02:00:00+00:00,False,False,1.0,1507.4518057934417,True,2021-03-01 21:45:00+00:00|LONG|TBX0|1534.7918|27.34,0.0,True,0.25719845623415005,market_like,2.5624796710518747,-0.3896051862999837,2.5624796710518747,-0.3896051862999837,False,False,False,,0.0,0.0,13.263571428571433,,,False,False,False,False,,clean_winner,0.1971460202159876,0.5223454612889963,0.40722260590701836,1.0827463162798883
ETHUSDT,15M,LONG,TBX0,1573.53,1563.9351128646974,42.13,-8.59,-0.2,2021-03-02 09:30:00+00:00,2021-03-02 15:00,-0.2,-0.2,NORMAL,1.0,,2021-03,,,False,,,2021-03-02 15:00:00+00:00,False,False,1.0,1531.3999999999999,True,2021-03-02 09:30:00+00:00|LONG|TBX0|1573.53|42.13,0.0,True,0.16187989556135618,market_like,0.5027296463327809,-0.5347733206741033,0.5027296463327809,-2.8063137906479945,False,False,False,,0.0,0.0,11.861428571428585,,,False,False,False,False,,not_applicable,0.1971460202159876,0.5223454612889963,0.40722260590701836,1.0827463162798883
ETHUSDT,1H,LONG,TBX7B,1592.73,1608.79,19.39,16.06,0.84,2021-03-03 08:00:00+00:00,2021-03-03 13:30,0.84,0.84,NORMAL,1.0,,2021-03,,,False,,,2021-03-03 13:30:00+00:00,False,False,1.0,1573.34,True,2021-03-03 08:00:00+00:00|LONG|TBX7B|1592.73|19.39,1.0,False,1.3336771531717446,limit_retest,3.675605982465187,-1.3336771531717446,3.675605982465187,-1.3336771531717446,True,False,True,0.0,0.3336771531717446,0.6214751286449494,10.410714285714334,3.675605982465187,3.675605982465187,True,True,True,False,4.75,winner_survived_stop_touch,0.4321185415586152,0.6756383432490256,0.6360653867547656,1.0796369927068623
ETHUSDT,15M,LONG,TBX7B,1611.4403980304019,1581.4693562576126,43.75,-8.68,-0.2,2021-03-04 01:00:00+00:00,2021-03-04 03:15,-0.2,-0.2,NORMAL,1.0,,2021-03,,,False,,,2021-03-04 03:15:00+00:00,False,False,1.0,1567.6903980304019,True,2021-03-04 01:00:00+00:00|LONG|TBX7B|1611.4404|43.75,0.0,True,0.38492338355204475,market_like,0.33279090216224305,-0.7826376692663273,0.33279090216224305,-1.8969233835520416,False,False,False,,0.0,0.0,17.320714285714303,,,False,False,False,False,,not_applicable,0.1971460202159876,0.5223454612889963,0.40722260590701836,1.0827463162798883
ETHUSDT,15M,LONG,TBX7B,1583.0524828999746,1550.0512865184728,41.93,-8.89,-0.21,2021-03-04 08:00:00+00:00,2021-03-04 09:15,-0.21,-0.21,NORMAL,1.0,,2021-03,,,False,,,2021-03-04 09:15:00+00:00,False,False,1.0,1541.1224828999746,True,2021-03-04 08:00:00+00:00|LONG|TBX7B|1583.0525|41.93,0.0,True,0.23950591223407178,market_like,0.1819107345582028,-1.1278913164792423,0.5069763200578422,-1.8006792964458542,True,False,True,5.0,0.12789131647924235,0.40941681081771714,13.097857142857151,0.5069763200578422,,True,False,False,False,5.25,ambiguous_stop,0.1971460202159876,0.5223454612889963,0.40722260590701836,1.0827463162798883
ETHUSDT,15M,LONG,TBX7B,1581.53,1557.64,44.27,-7.2,-0.2,2021-03-04 14:15:00+00:00,2021-03-04 17:45,-0.2,-0.2,NORMAL,1.0,,2021-03,,,False,True,,2021-03-04 17:45:00+00:00,False,False,1.0,1537.26,True,2021-03-04 14:15:00+00:00|LONG|TBX7B|1581.53|44.27,0.0,True,0.2733227919584348,market_like,0.5145696860176185,-0.5949853173706781,0.5145696860176185,-3.0494691664784277,False,False,False,,0.0,0.0,13.168571428571454,,,False,False,False,False,,not_applicable,0.1971460202159876,0.5223454612889963,0.40722260590701836,1.0827463162798883
ETHUSDT,1H,LONG,TBX0,1780.47,1789.711001275569,20.44,9.24,0.45,2021-03-11 11:00:00+00:00,2021-03-11 15:30,0.45,0.45,NORMAL,1.0,,2021-03,,,False,,,2021-03-11 15:30:00+00:00,False,False,1.0,1760.03,True,2021-03-11 11:00:00+00:00|LONG|TBX0|1780.47|20.44,3.0,False,0.6638943248532259,limit_retest,2.161937377690805,-0.8380626223092029,3.4050880626223043,-0.8380626223092029,False,False,False,,0.0,0.0,15.287142857142905,,,False,False,False,False,,clean_winner,0.4321185415586152,0.6756383432490256,0.6360653867547656,1.0796369927068623
ETHUSDT,15M,LONG,TBX0,1823.1723112784518,1806.31,31.37,-30.9,-0.99,2021-03-11 21:00:00+00:00,2021-03-12 00:15,-0.99,-0.99,NORMAL,1.0,,2021-03,,,False,,,2021-03-12 00:15:00+00:00,False,False,1.0,1791.802311278452,True,2021-03-11 21:00:00+00:00|LONG|TBX0|1823.1723|31.37,0.0,True,0.32968795914733556,market_like,0.8574334944707712,-0.5725951953602744,0.8574334944707712,-1.4651677168776476,False,False,False,,0.0,0.0,14.505000000000043,,,False,False,False,False,,ambiguous_stop,0.1971460202159876,0.5223454612889963,0.40722260590701836,1.0827463162798883
ETHUSDT,1H,SHORT,TBX0,2057.51,2066.952,9.44,-9.16,-0.97,2021-04-02 17:00:00+00:00,2021-04-02 19:30,-0.97,-0.97,NORMAL,1.0,,2021-04,,,False,,,2021-04-02 19:30:00+00:00,False,False,-1.0,2066.9500000000003,True,2021-04-02 17:00:00+00:00|SHORT|TBX0|2057.51|9.44,0.0,True,0.509533898305079,limit_retest,2.7913135593220484,-1.6906779661016507,2.7913135593220484,-9.7976694915254,True,True,False,10.0,0.6906779661016507,0.32774406664031563,19.893571428571395,-0.494703389830468,,True,False,False,False,0.25,hopeless,0.4321185415586152,0.6756383432490256,0.6360653867547656,1.0796369927068623
ETHUSDT,1H,LONG,TBX7B,2094.09,2102.5,22.21,8.41,0.41,2021-04-02 20:00:00+00:00,2021-04-03 01:30,0.41,0.41,NORMAL,1.0,,2021-04,,,False,,,2021-04-03 01:30:00+00:00,False,False,1.0,2071.88,True,2021-04-02 20:00:00+00:00|LONG|TBX7B|2094.09|22.21,2.0,False,1.333183250787939,limit_retest,2.5173345339936897,-1.417829806393527,2.5173345339936897,-1.417829806393527,True,False,True,0.0,0.41782980639352707,0.6631955079122206,13.992857142857067,2.5173345339936897,2.5173345339936897,True,True,True,False,3.5,winner_survived_stop_touch,0.4321185415586152,0.6756383432490256,0.6360653867547656,1.0796369927068623
ETHUSDT,1H,LONG,TBX0,2082.6,2069.696948562081,16.8,-12.4,-0.74,2021-04-04 13:00:00+00:00,2021-04-04 16:15,-0.74,-0.74,NORMAL,1.0,,2021-04,,,False,,,2021-04-04 16:15:00+00:00,False,False,1.0,2065.7999999999997,True,2021-04-04 13:00:00+00:00|LONG|TBX0|2082.6|16.8,0.0,True,0.85119047619046,market_like,0.6619047619047553,-0.9285714285714232,0.6619047619047553,-1.702380952380947,False,False,False,,0.0,0.0,13.027142857142849,,,False,False,False,False,,not_applicable,0.4321185415586152,0.6756383432490256,0.6360653867547656,1.0796369927068623
ETHUSDT,15M,LONG,TBX0,2079.0375070353375,2063.87,22.35,-16.07,-0.72,2021-04-04 21:45:00+00:00,2021-04-05 00:30,-0.72,-0.72,NORMAL,1.0,,2021-04,,,False,,,2021-04-05 00:30:00+00:00,False,False,1.0,2056.6875070353376,True,2021-04-04 21:45:00+00:00|LONG|TBX0|2079.0375|22.35,0.0,True,0.5368012096347896,market_like,0.412192078955816,-0.9180092633260639,0.412192078955816,-3.439709487039706,False,False,False,,0.0,0.0,9.012857142857163,,,False,False,False,False,,not_applicable,0.1971460202159876,0.5223454612889963,0.40722260590701836,1.0827463162798883
ETHUSDT,15M,LONG,TBX0,2035.1479938606622,2105.8927328040627,19.31,70.74,3.66,2021-04-05 09:15:00+00:00,2021-04-05 23:00,3.66,3.66,NORMAL,1.0,,2021-04,,,False,,,2021-04-05 23:00:00+00:00,False,False,1.0,2015.8379938606622,True,2021-04-05 09:15:00+00:00|LONG|TBX0|2035.148|19.31,0.0,True,0.23707891562207242,market_like,5.357949567029414,-0.3499737887447983,5.357949567029414,-0.3499737887447983,False,False,False,,0.0,0.0,12.455714285714262,,,False,False,False,False,,clean_winner,0.1971460202159876,0.5223454612889963,0.40722260590701836,1.0827463162798883
ETHUSDT,15M,LONG,TBX0,2117.0176983231668,2095.7122332420586,24.89,-9.55,-0.38,2021-04-06 00:00:00+00:00,2021-04-06 07:45,-0.38,-0.38,NORMAL,1.0,,2021-04,,,False,,,2021-04-06 07:45:00+00:00,False,False,1.0,2092.127698323167,True,2021-04-06 00:00:00+00:00|LONG|TBX0|2117.0177|24.89,0.0,True,0.266279563003893,market_like,1.7678706981451673,-1.0051305071581667,1.7678706981451673,-1.1658376184478412,True,False,True,31.0,0.005130507158166653,0.009338573570490716,13.674285714285784,0.7224709392058349,,True,False,False,False,2.75,ambiguous_stop,0.1971460202159876,0.5223454612889963,0.40722260590701836,1.0827463162798883
ETHUSDT,1H,LONG,TBX0,2020.99,2014.07,25.7,-9.53,-0.37,2021-04-08 04:00:00+00:00,2021-04-08 08:30,-0.37,-0.37,NORMAL,1.0,,2021-04,,,False,,,2021-04-08 08:30:00+00:00,False,False,1.0,1995.29,True,2021-04-08 04:00:00+00:00|LONG|TBX0|2020.99|25.7,2.0,False,0.8571984435797655,limit_retest,0.7046692607003853,-0.9311284046692632,1.601167315175092,-1.3754863813229536,False,False,False,,0.0,0.0,9.648571428571472,,,False,False,False,False,,not_applicable,0.4321185415586152,0.6756383432490256,0.6360653867547656,1.0796369927068623
ETHUSDT,15M,LONG,TBX0,2019.5317803278153,2072.773042117404,26.83,51.93,1.94,2021-04-08 12:15:00+00:00,2021-04-09 03:30,1.94,1.94,NORMAL,1.0,,2021-04,,,False,,,2021-04-09 03:30:00+00:00,False,False,1.0,1992.7017803278154,True,2021-04-08 12:15:00+00:00|LONG|TBX0|2019.5318|26.83,0.0,True,0.6508304259342306,market_like,2.9962064730594387,-0.6646209589196905,2.633925444360212,-0.6646209589196905,False,False,False,,0.0,0.0,12.235714285714282,,,False,False,False,False,,clean_winner,0.1971460202159876,0.5223454612889963,0.40722260590701836,1.0827463162798883
ETHUSDT,15M,LONG,TBX0,2080.037142457821,2077.06,10.7,-2.64,-0.25,2021-04-09 09:45:00+00:00,2021-04-09 12:30,-0.25,-0.25,YELLOW,0.6,PPI день 09-16 UTC,2021-04,,,False,,,2021-04-09 12:30:00+00:00,False,False,1.0,2069.3371424578213,True,2021-04-09 09:45:00+00:00|LONG|TBX0|2080.0371|10.7,0.0,True,0.3801067717590018,market_like,2.3170894899232533,-0.7427235941888761,2.3170894899232533,-2.620293687646834,False,False,False,,0.0,0.0,8.316428571428657,,,False,False,False,False,,not_applicable,0.1971460202159876,0.5223454612889963,0.40722260590701836,1.0827463162798883
ETHUSDT,1H,LONG,TBX7A,2225.35,2179.26,46.09,-46.09,-1.0,2021-04-20 15:00:00+00:00,2021-04-20 16:00,-1.0,-1.0,NORMAL,1.0,,2021-04,,,False,,,2021-04-20 16:00:00+00:00,False,False,1.0,2179.2599999999998,True,2021-04-20 15:00:00+00:00|LONG|TBX7A|2225.35|46.09,,False,1.0783250162725062,unknown,-0.4749403341288755,-1.8461705359079992,3.0145367758732924,-1.8461705359079992,True,True,False,0.0,0.8461705359079992,2.084924392851674,18.70571428571426,3.0145367758732924,,True,True,True,False,9.25,hopeless,0.4321185415586152,0.6756383432490256,0.6360653867547656,1.0796369927068623
ETHUSDT,15M,LONG,TBX7A,2308.264520817447,2401.635088754566,58.67,51.34,0.88,2021-04-21 12:15:00+00:00,2021-04-21 20:30,0.88,0.88,NORMAL,1.0,,2021-04,,,False,,,2021-04-21 20:30:00+00:00,False,False,1.0,2249.594520817447,True,2021-04-21 12:15:00+00:00|LONG|TBX7A|2308.2645|58.67,0.0,True,0.2001793219268316,market_like,2.756698128218047,-0.34250078093484093,2.756698128218047,-0.34250078093484093,False,False,False,,0.0,0.0,24.835714285714307,,,False,False,False,False,,clean_winner,0.1971460202159876,0.5223454612889963,0.40722260590701836,1.0827463162798883
ETHUSDT,15M,LONG,TBX7A,2465.3339264695264,2571.9593120346035,81.18,106.63,1.31,2021-04-22 05:45:00+00:00,2021-04-22 17:15,1.31,1.31,NORMAL,1.0,,2021-04,,,False,,,2021-04-22 17:15:00+00:00,False,False,1.0,2384.1539264695266,True,2021-04-22 05:45:00+00:00|LONG|TBX7A|2465.3339|81.18,0.0,True,0.2774565960769461,market_like,2.2209420242728957,-0.6287746547120776,2.2209420242728957,-0.6287746547120776,False,False,False,,0.0,0.0,27.37571428571427,,,False,False,False,False,,clean_winner,0.1971460202159876,0.5223454612889963,0.40722260590701836,1.0827463162798883
ETHUSDT,1H,SHORT,TBX0,2530.36,2258.33,107.84,272.03,2.52,2021-04-22 17:00:00+00:00,2021-04-23 10:15,2.52,2.52,NORMAL,1.0,,2021-04,,,False,,,2021-04-23 10:15:00+00:00,False,False,-1.0,2638.2000000000003,True,2021-04-22 17:00:00+00:00|SHORT|TBX0|2530.36|107.84,3.0,False,0.7677114243323439,limit_retest,3.8979970326409505,-0.8880749258160235,3.870178041543028,-0.8880749258160235,False,False,False,,0.0,0.0,26.73928571428574,,,False,False,False,False,,clean_winner,0.4321185415586152,0.6756383432490256,0.6360653867547656,1.0796369927068623
ETHUSDT,1H,LONG,TBX0,2334.27,2306.8648681557006,81.78,-24.96,-0.31,2021-04-23 15:00:00+00:00,2021-04-24 00:15,-0.31,-0.31,NORMAL,1.0,,2021-04,,,False,,,2021-04-24 00:15:00+00:00,False,False,1.0,2252.49,True,2021-04-23 15:00:00+00:00|LONG|TBX0|2334.27|81.78,3.0,False,0.4497432134996356,limit_retest,0.5347273171924678,-1.0116165321594524,0.5347273171924678,-1.2750061139642943,True,False,True,1.0,0.011616532159452353,0.02460411425188728,38.61142857142857,0.5347273171924678,0.5347273171924678,True,False,False,False,4.75,ambiguous_stop,0.4321185415586152,0.6756383432490256,0.6360653867547656,1.0796369927068623
ETHUSDT,1H,SHORT,TBX0,2326.63,2271.47,33.54,55.16,1.64,2021-04-25 17:00:00+00:00,2021-04-25 22:30,1.64,1.64,NORMAL,1.0,,2021-04,,,False,,,2021-04-25 22:30:00+00:00,False,False,-1.0,2360.17,True,2021-04-25 17:00:00+00:00|SHORT|TBX0|2326.63|33.54,1.0,False,0.7686344663088773,limit_retest,4.738223017292787,-0.8884913536076245,4.738223017292787,-4.557841383422776,False,False,False,,0.0,0.0,18.23142857142849,,,False,False,False,False,,clean_winner,0.4321185415586152,0.6756383432490256,0.6360653867547656,1.0796369927068623
ETHUSDT,1H,LONG,TBX7A,2320.71,2434.69,28.19,113.98,3.77,2021-04-25 23:00:00+00:00,2021-04-26 08:00,3.77,3.77,NORMAL,1.0,,2021-04,,,False,,,2021-04-26 08:00:00+00:00,False,False,1.0,2292.52,True,2021-04-25 23:00:00+00:00|LONG|TBX7A|2320.71|28.19,3.0,False,1.4998226321390635,limit_retest,6.004966300106411,-2.135154310039023,6.324583185526781,-2.135154310039023,True,True,False,0.0,1.135154310039023,0.9252757239043359,34.58428571428567,6.3600567577155,,True,True,True,True,12.0,winner_survived_stop_touch,0.4321185415586152,0.6756383432490256,0.6360653867547656,1.0796369927068623
ETHUSDT,1H,LONG,TBX0,3351.84,3282.0698796666525,192.51,-63.99,-0.33,2021-05-17 18:00:00+00:00,2021-05-17 21:45,-0.33,-0.33,NORMAL,1.0,,2021-05,,,False,,,2021-05-17 21:45:00+00:00,False,False,1.0,3159.33,True,2021-05-17 18:00:00+00:00|LONG|TBX0|3351.84|192.51,3.0,False,0.766245909303414,limit_retest,0.5340501792114692,-0.9434834554049146,1.029349124720793,-0.9434834554049146,False,False,False,,0.0,0.0,66.23357142857142,,,False,False,False,False,,not_applicable,0.4321185415586152,0.6756383432490256,0.6360653867547656,1.0796369927068623
ETHUSDT,1H,LONG,TBX0,2856.12,2705.43,150.69,-182.71,-1.21,2021-05-19 16:00:00+00:00,2021-05-19 18:00,-1.21,-1.21,GREEN,1.25,День FOMC Minutes,2021-05,,,False,,,2021-05-19 18:00:00+00:00,False,False,1.0,2705.43,True,2021-05-19 16:00:00+00:00|LONG|TBX0|2856.12|150.69,2.0,False,0.7013736810670917,limit_retest,0.47640852080429996,-1.6773508527440426,0.47640852080429996,-4.685911473886787,True,True,False,0.0,0.6773508527440426,0.33942114701725556,300.71785714285716,0.47640852080429996,,True,False,False,False,1.25,hopeless,0.4321185415586152,0.6756383432490256,0.6360653867547656,1.0796369927068623
ETHUSDT,15M,LONG,TBX0 (a) or TBX1,2748.04,2663.74,155.73,-84.3,-0.54,2021-05-21 09:15:00+00:00,2021-05-21 11:15,-0.54,-0.54,NORMAL,1.0,,2021-05,,,False,,,2021-05-21 11:15:00+00:00,False,False,1.0,2592.31,True,2021-05-21 09:15:00+00:00|LONG|TBX0 (a) or TBX1|2748.04|155.73,0.0,True,0.17478970012200476,market_like,0.2424709432993015,-0.6102870352533228,0.2424709432993015,-3.7620240159249994,False,False,False,,0.0,0.0,46.31071428571425,,,False,False,False,False,,not_applicable,0.1971460202159876,0.5223454612889963,0.40722260590701836,1.0827463162798883
ETHUSDT,1H,LONG,TBX0,2063.96,2539.080173876023,99.42,475.12,4.78,2021-05-23 20:00:00+00:00,2021-05-24 22:30,4.78,4.78,NORMAL,1.0,,2021-05,,,False,,,2021-05-24 22:30:00+00:00,False,False,1.0,1964.54,True,2021-05-23 20:00:00+00:00|LONG|TBX0|2063.96|99.42,2.0,False,0.9748541540937444,limit_retest,6.146047073023536,-0.9781734057533695,2.3364514182257086,-0.9781734057533695,False,False,False,,0.0,0.0,70.74428571428574,,,False,False,False,False,,clean_winner,0.4321185415586152,0.6756383432490256,0.6360653867547656,1.0796369927068623
ETHUSDT,1H,SHORT,TBX0,2532.88,2568.98,51.04,-37.22,-0.73,2021-06-14 18:00:00+00:00,2021-06-14 21:45,-0.73,-0.73,NORMAL,1.0,,2021-06,,,False,,,2021-06-14 21:45:00+00:00,False,False,-1.0,2583.92,True,2021-06-14 18:00:00+00:00|SHORT|TBX0|2532.88|51.04,3.0,False,0.747061128526648,limit_retest,0.2543103448275866,-0.8781347962382389,0.2543103448275866,-2.0985501567398055,False,False,False,,0.0,0.0,18.39857142857149,,,False,False,False,False,,not_applicable,0.4321185415586152,0.6756383432490256,0.6360653867547656,1.0796369927068623
ETHUSDT,1H,LONG,TBX0,2433.31,2414.17,19.14,-22.28,-1.16,2021-06-17 03:00:00+00:00,2021-06-17 05:00,-1.16,-1.16,GREEN,1.2,FOMC+1 (день после решения),2021-06,,,False,,,2021-06-17 05:00:00+00:00,False,False,1.0,2414.17,True,2021-06-17 03:00:00+00:00|LONG|TBX0|2433.31|19.14,0.0,True,0.8693834900731385,market_like,0.5334378265412767,-1.165621734587249,1.3824451410658325,-3.707941483803542,True,False,True,8.0,0.16562173458724905,0.2350262140549668,13.487857142857106,1.3824451410658325,-0.38192267502612043,True,True,False,False,2.0,stop_hunt,0.4321185415586152,0.6756383432490256,0.6360653867547656,1.0796369927068623
ETHUSDT,1H,SHORT,TBX7B,2363.44,2372.1651499377303,39.45,-9.06,-0.23,2021-06-17 16:00:00+00:00,2021-06-17 23:00,-0.23,-0.23,GREEN,1.2,FOMC+1 (день после решения),2021-06,,,False,,,2021-06-17 23:00:00+00:00,False,False,-1.0,2402.89,True,2021-06-17 16:00:00+00:00|SHORT|TBX7B|2363.44|39.45,3.0,False,1.333333333333331,limit_retest,1.502915082382762,-1.560456273764257,1.502915082382762,-1.560456273764257,True,False,True,0.0,0.5604562737642571,1.2778763984642663,17.302142857142858,1.502915082382762,1.502915082382762,True,True,False,False,1.5,hopeless,0.4321185415586152,0.6756383432490256,0.6360653867547656,1.0796369927068623
ETHUSDT,15M,SHORT,TBX7B,2327.8016897823013,2210.25966187591,34.48,81.37,2.36,2021-06-18 06:15:00+00:00,2021-06-18 21:00,2.36,2.36,NORMAL,1.0,,2021-06,,,False,,,2021-06-18 21:00:00+00:00,False,False,-1.0,2362.2816897823013,True,2021-06-18 06:15:00+00:00|SHORT|TBX7B|2327.8017|34.48,0.0,True,0.2775031965689844,market_like,5.590536246586466,-0.8732108531815124,3.9907682651479552,-0.8732108531815124,False,False,False,,0.0,0.0,13.9992857142857,,,False,False,False,False,,clean_winner,0.1971460202159876,0.5223454612889963,0.40722260590701836,1.0827463162798883
ETHUSDT,1H,LONG,TBX0,2220.22,2213.48,36.96,-10.58,-0.29,2021-06-18 21:00:00+00:00,2021-06-19 02:30,-0.29,-0.29,NORMAL,1.0,,2021-06,,,False,,,2021-06-19 02:30:00+00:00,False,False,1.0,2183.2599999999998,True,2021-06-18 21:00:00+00:00|LONG|TBX0|2220.22|36.96,3.0,False,0.7540584415584386,limit_retest,0.9077380952381001,-0.8814935064935046,1.0492424242424296,-1.450487012987004,False,False,False,,0.0,0.0,25.26142857142866,,,False,False,False,False,,not_applicable,0.4321185415586152,0.6756383432490256,0.6360653867547656,1.0796369927068623
ETHUSDT,1H,LONG,TBX0,2112.39,2221.71,60.29,109.32,1.81,2021-06-20 14:00:00+00:00,2021-06-21 00:30,1.81,1.81,NORMAL,1.0,,2021-06,,,False,,,2021-06-21 00:30:00+00:00,False,False,1.0,2052.1,True,2021-06-20 14:00:00+00:00|LONG|TBX0|2112.39|60.29,3.0,False,0.5534914579532243,limit_retest,2.730303532924202,-0.7848731132857806,2.730303532924202,-0.7848731132857806,False,False,False,,0.0,0.0,23.030714285714307,,,False,False,False,False,,clean_winner,0.4321185415586152,0.6756383432490256,0.6360653867547656,1.0796369927068623
ETHUSDT,1H,LONG,TBX0,1974.69,1932.2303,42.46,-40.34,-0.95,2021-06-22 03:00:00+00:00,2021-06-22 05:30,-0.95,-0.95,NORMAL,1.0,,2021-06,,,False,,,2021-06-22 05:30:00+00:00,False,False,1.0,1932.23,True,2021-06-22 03:00:00+00:00|LONG|TBX0|1974.69|42.46,2.0,False,0.1231747527084319,limit_retest,0.544276966556757,-1.0650023551577963,0.544276966556757,-6.501413094677342,True,False,True,10.0,0.06500235515779629,0.09227462686567266,29.910714285714285,-0.44182760244936387,,True,False,False,False,1.5,ambiguous_stop,0.4321185415586152,0.6756383432490256,0.6360653867547656,1.0796369927068623
ETHUSDT,15M,LONG,TBX0,1911.3862462232992,1864.25,47.14,-44.78,-0.95,2021-06-22 10:30:00+00:00,2021-06-22 11:15,-0.95,-0.95,NORMAL,1.0,,2021-06,,,False,,,2021-06-22 11:15:00+00:00,False,False,1.0,1864.246246223299,True,2021-06-22 10:30:00+00:00|LONG|TBX0|1911.3862|47.14,0.0,True,0.849305180808215,market_like,0.3736477254285285,-1.0234672512367218,0.8991038136763007,-4.5130726818688816,True,True,False,3.0,0.023467251236721776,0.04104157071811245,26.954285714285692,0.8991038136763007,,True,False,False,False,7.25,ambiguous_stop,0.1971460202159876,0.5223454612889963,0.40722260590701836,1.0827463162798883
ETHUSDT,1H,LONG,TBX0,1910.71,1836.32,68.69,-74.39,-1.08,2021-06-22 16:00:00+00:00,2021-06-23 00:00,-1.08,-1.08,NORMAL,1.0,,2021-06,,,False,,,2021-06-23 00:00:00+00:00,False,False,1.0,1842.02,True,2021-06-22 16:00:00+00:00|LONG|TBX0|1910.71|68.69,0.0,True,0.7589168729072662,market_like,0.6268743630805058,-1.1029261901295675,1.7736206143543447,-1.3162032319114876,True,True,False,32.0,0.1029261901295675,0.15437403496732516,45.79785714285715,1.9455524821662524,,True,True,False,False,5.75,ambiguous_stop,0.4321185415586152,0.6756383432490256,0.6360653867547656,1.0796369927068623
ETHUSDT,1H,SHORT,TBX0,1993.29,2036.557005289645,53.74,-41.66,-0.78,2021-06-28 10:00:00+00:00,2021-06-28 14:15,-0.78,-0.78,NORMAL,1.0,,2021-06,,,False,,,2021-06-28 14:15:00+00:00,False,False,-1.0,2047.03,True,2021-06-28 10:00:00+00:00|SHORT|TBX0|1993.29|53.74,2.0,False,0.7655377744696706,limit_retest,0.33196873836992774,-0.8870487532564211,0.33196873836992774,-2.858578340156306,False,False,False,,0.0,0.0,21.11571428571431,,,False,False,False,False,,not_applicable,0.4321185415586152,0.6756383432490256,0.6360653867547656,1.0796369927068623
ETHUSDT,15M,SHORT,TBX0,2122.982582295541,2159.66,36.68,-35.58,-0.97,2021-06-30 08:45:00+00:00,2021-06-30 11:45,-0.97,-0.97,NORMAL,1.0,,2021-06,,,False,,,2021-06-30 11:45:00+00:00,False,False,-1.0,2159.6625822955407,True,2021-06-30 08:45:00+00:00|SHORT|TBX0|2122.9826|36.68,0.0,True,0.873157516479263,limit_retest,0.5047050789405957,-1.1280648229132846,0.8768424835207385,-4.4170506462502495,True,False,True,12.0,0.12806482291328458,0.2549381604218862,18.42571428571432,0.8768424835207385,,True,False,False,False,3.75,ambiguous_stop,0.1971460202159876,0.5223454612889963,0.40722260590701836,1.0827463162798883
ETHUSDT,15M,LONG,TBX7B,2294.694527872395,2273.4017696959263,30.34,-7.16,-0.24,2021-07-05 10:00:00+00:00,2021-07-05 11:15,-0.24,-0.24,NORMAL,1.0,,2021-07,,,False,,,2021-07-05 11:15:00+00:00,False,False,1.0,2264.354527872395,True,2021-07-05 10:00:00+00:00|LONG|TBX7B|2294.6945|30.34,0.0,True,0.5268466668554753,market_like,0.40558576557695597,-2.428956093355147,0.40558576557695597,-4.602983779577956,True,True,False,5.0,1.428956093355147,3.24111384745838,13.376428571428603,-1.3083232654052457,,False,False,False,False,8.75,hopeless,0.1971460202159876,0.5223454612889963,0.40722260590701836,1.0827463162798883
ETHUSDT,15M,LONG,TBX4,1975.6266986636733,1955.2774194986769,24.12,-19.62,-0.81,2021-07-15 09:15:00+00:00,2021-07-15 10:15,-0.81,-0.81,NORMAL,1.0,,2021-07,,,False,,,2021-07-15 10:15:00+00:00,False,False,1.0,1951.5066986636734,True,2021-07-15 09:15:00+00:00|LONG|TBX4|1975.6267|24.12,0.0,True,0.3729974570345445,market_like,0.09839557779132158,-1.8501948036348808,0.09839557779132158,-3.9525994470843018,True,True,False,4.0,0.8501948036348808,1.5451764332154305,13.271428571428553,-1.4770604752766718,,False,False,False,False,1.75,hopeless,0.1971460202159876,0.5223454612889963,0.40722260590701836,1.0827463162798883
ETHUSDT,15M,LONG,TBX0,1969.6108815605303,1956.15,13.46,-8.74,-0.65,2021-07-18 08:15:00+00:00,2021-07-18 10:00,-0.65,-0.65,NORMAL,1.0,,2021-07,,,False,,,2021-07-18 10:00:00+00:00,False,False,1.0,1956.1508815605303,True,2021-07-18 08:15:00+00:00|LONG|TBX0|1969.6109|13.46,0.0,True,0.3135870401582606,market_like,0.34094490634990765,-1.4569748559086395,0.34094490634990765,-7.029040234809085,True,True,False,7.0,0.4569748559086395,0.5939191795808274,10.356428571428555,0.28002365820726755,,True,False,False,False,2.0,hopeless,0.1971460202159876,0.5223454612889963,0.40722260590701836,1.0827463162798883
ETHUSDT,15M,SHORT,TBX0,1889.439879751635,1902.2284435097642,24.79,-10.81,-0.44,2021-07-18 22:15:00+00:00,2021-07-19 05:00,-0.44,-0.44,NORMAL,1.0,,2021-07,,,False,,,2021-07-19 05:00:00+00:00,False,False,-1.0,1914.229879751635,True,2021-07-18 22:15:00+00:00|SHORT|TBX0|1889.4399|24.79,0.0,True,0.7446599535443728,limit_retest,1.025408622494357,-0.7446599535443728,1.025408622494357,-1.1448213089296027,False,False,False,,0.0,0.0,10.42357142857145,,,False,False,False,False,,not_applicable,0.1971460202159876,0.5223454612889963,0.40722260590701836,1.0827463162798883
ETHUSDT,15M,LONG,TBX0 (a) or TBX1,1795.73350899907,1956.28,31.44,160.55,5.11,2021-07-21 02:30:00+00:00,2021-07-21 18:45,5.11,5.11,NORMAL,1.0,,2021-07,,,False,,,2021-07-21 18:45:00+00:00,False,False,1.0,1764.29350899907,True,2021-07-21 02:30:00+00:00|LONG|TBX0 (a) or TBX1|1795.7335|31.44,0.0,True,0.46957725824013763,market_like,7.70567719468607,-0.49406835238771973,4.365028339724239,-0.49406835238771973,False,False,False,,0.0,0.0,13.285000000000016,,,False,False,False,False,,clean_winner,0.1971460202159876,0.5223454612889963,0.40722260590701836,1.0827463162798883
ETHUSDT,15M,LONG,TBX0 (a) or TBX1,2008.4,1975.4384889093037,64.61,-31.02,-0.48,2021-07-22 07:15:00+00:00,2021-07-22 09:30,-0.48,-0.48,NORMAL,1.0,,2021-07,,,False,,,2021-07-22 09:30:00+00:00,False,False,1.0,1943.7900000000002,True,2021-07-22 07:15:00+00:00|LONG|TBX0 (a) or TBX1|2008.4|64.61,0.0,True,0.06237424547284012,market_like,0.15167930660888337,-0.6252902027549929,0.5819532580095946,-0.9812722488778841,False,False,False,,0.0,0.0,15.913571428571442,,,False,False,False,False,,not_applicable,0.1971460202159876,0.5223454612889963,0.40722260590701836,1.0827463162798883
ETHUSDT,1H,LONG,TBX0 (a),3149.59,3211.7595793667874,18.9,62.17,3.64,2021-08-19 19:00:00+00:00,2021-08-20 07:45,3.64,3.64,NORMAL,1.0,,2021-08,,,False,,,2021-08-20 07:45:00+00:00,False,False,1.0,3130.69,True,2021-08-19 19:00:00+00:00|LONG|TBX0 (a)|3149.59|18.9,0.0,True,0.829100529100533,market_like,5.2851851851851785,-0.8677248677248726,5.2851851851851785,-0.8677248677248726,False,False,False,,0.0,0.0,22.649285714285725,,,False,False,False,False,,clean_winner,0.4321185415586152,0.6756383432490256,0.6360653867547656,1.0796369927068623
ETHUSDT,15M,LONG,TBX7B,3268.517108574598,3253.33,36.03,-4.6,-0.13,2021-08-20 20:00:00+00:00,2021-08-20 22:30,-0.13,-0.13,NORMAL,1.0,,2021-08,,,False,,,2021-08-20 22:30:00+00:00,False,False,1.0,3232.4871085745976,True,2021-08-20 20:00:00+00:00|LONG|TBX7B|3268.5171|36.03,0.0,True,0.4190149479488695,market_like,0.8307768921843457,-0.6418847786455167,1.2401579635137934,-0.9108273265222876,False,False,False,,0.0,0.0,16.831428571428628,,,False,False,False,False,,not_applicable,0.1971460202159876,0.5223454612889963,0.40722260590701836,1.0827463162798883
ETHUSDT,1H,LONG,TBX0,3241.29,3325.3714383362408,35.62,84.08,2.36,2021-08-22 23:00:00+00:00,2021-08-23 10:00,2.36,2.36,NORMAL,1.0,,2021-08,,,False,,,2021-08-23 10:00:00+00:00,False,False,1.0,3205.67,True,2021-08-22 23:00:00+00:00|LONG|TBX0|3241.29|35.62,1.0,False,0.718697361033125,limit_retest,3.585345311622685,-0.8644020213363269,3.585345311622685,-0.8644020213363269,False,False,False,,0.0,0.0,18.28928571428576,,,False,False,False,False,,clean_winner,0.4321185415586152,0.6756383432490256,0.6360653867547656,1.0796369927068623
ETHUSDT,15M,LONG,TBX0,3342.352170173831,3302.362450957988,41.41,-37.92,-0.92,2021-08-23 20:45:00+00:00,2021-08-24 00:45,-0.92,-0.92,NORMAL,1.0,,2021-08,,,False,,,2021-08-24 00:45:00+00:00,False,False,1.0,3300.942170173831,True,2021-08-23 20:45:00+00:00|LONG|TBX0|3342.3522|41.41,0.0,True,0.30843202544870807,market_like,0.2725870520687985,-1.1362513927512858,0.47447065506324737,-1.3849835830434902,True,False,True,16.0,0.13625139275128584,0.32070800825672163,17.592857142857124,0.47447065506324737,,True,False,False,False,6.75,ambiguous_stop,0.1971460202159876,0.5223454612889963,0.40722260590701836,1.0827463162798883
ETHUSDT,1H,SHORT,TBX0,3750.64,3760.6518200114824,47.34,-6.22,-0.13,2021-09-02 02:00:00+00:00,2021-09-02 10:30,-0.13,-0.13,NORMAL,1.0,,2021-09,,,False,,,2021-09-02 10:30:00+00:00,False,False,-1.0,3797.98,True,2021-09-02 02:00:00+00:00|SHORT|TBX0|3750.64|47.34,3.0,False,0.5988593155893517,limit_retest,0.5654837346852551,-0.8067173637515854,0.5654837346852551,-1.2285593578369307,False,False,False,,0.0,0.0,28.982857142857124,,,False,False,False,False,,not_applicable,0.4321185415586152,0.6756383432490256,0.6360653867547656,1.0796369927068623
ETHUSDT,15M,SHORT,TBX0,3766.2583950381577,3808.4908923182393,56.76,-40.53,-0.71,2021-09-02 14:30:00+00:00,2021-09-02 20:45,-0.71,-0.71,NORMAL,1.0,,2021-09,,,False,,,2021-09-02 20:45:00+00:00,False,False,-1.0,3823.018395038158,True,2021-09-02 14:30:00+00:00|SHORT|TBX0|3766.2584|56.76,0.0,True,0.8673644285032082,limit_retest,0.437251498205737,-0.8872728146906661,0.9775968118068659,-1.207568797777352,False,False,False,,0.0,0.0,25.112142857142835,,,False,False,False,False,,not_applicable,0.1971460202159876,0.5223454612889963,0.40722260590701836,1.0827463162798883
ETHUSDT,15M,SHORT,TBX0,3902.14,3523.77,57.79,378.37,6.55,2021-09-07 06:45:00+00:00,2021-09-08 01:45,6.55,6.55,NORMAL,1.0,,2021-09,,,False,True,,2021-09-08 01:45:00+00:00,False,False,-1.0,3959.93,True,2021-09-07 06:45:00+00:00|SHORT|TBX0|3902.14|57.79,0.0,True,0.3540404914345049,limit_retest,16.94306973524831,-0.39332064370998476,16.94306973524831,-0.39332064370998476,False,False,False,,0.0,0.0,14.334285714285638,,,False,False,False,False,,clean_winner,0.1971460202159876,0.5223454612889963,0.40722260590701836,1.0827463162798883
ETHUSDT,15M,LONG,TBX0 (a) or TBX1,3548.878448944217,3470.58,125.94,-22.13,-0.18,2021-09-09 13:15:00+00:00,2021-09-09 18:30,-0.18,-0.18,NORMAL,1.0,,2021-09,,,False,,,2021-09-09 18:30:00+00:00,False,False,1.0,3422.938448944217,True,2021-09-09 13:15:00+00:00|LONG|TBX0 (a) or TBX1|3548.8784|125.94,0.0,True,0.22914442547416936,market_like,0.08036804077960243,-0.6452155704638477,0.08036804077960243,-1.1027350241719618,False,False,False,,0.0,0.0,40.94357142857137,,,False,False,False,False,,not_applicable,0.1971460202159876,0.5223454612889963,0.40722260590701836,1.0827463162798883
ETHUSDT,1H,LONG,TBX0,3334.47,3279.46,63.64,-55.01,-0.86,2021-09-10 17:00:00+00:00,2021-09-10 20:30,-0.86,-0.86,NORMAL,1.0,,2021-09,,,False,,,2021-09-10 20:30:00+00:00,False,False,1.0,3270.83,True,2021-09-10 17:00:00+00:00|LONG|TBX0|3334.47|63.64,3.0,False,0.5881521055939635,limit_retest,0.15807668133250158,-0.9560025141420442,0.15807668133250158,-3.0054996857322434,False,False,False,,0.0,0.0,38.32142857142857,,,False,False,False,False,,not_applicable,0.4321185415586152,0.6756383432490256,0.6360653867547656,1.0796369927068623
ETHUSDT,15M,LONG,TBX0 (a) or TBX1,3321.241023792968,3394.311830805096,25.78,119.04,4.62,2021-09-12 07:45:00+00:00,2021-09-12 19:15,4.62,4.62,NORMAL,1.0,,2021-09,,,False,,,2021-09-12 19:15:00+00:00,False,False,1.0,3295.461023792968,True,2021-09-12 07:45:00+00:00|LONG|TBX0 (a) or TBX1|3321.241|25.78,0.0,True,0.4585346700142721,market_like,5.962334220598596,-0.4589225676093155,5.962334220598596,-0.4589225676093155,False,False,False,,0.0,0.0,15.004285714285711,,,False,False,False,False,,clean_winner,0.1971460202159876,0.5223454612889963,0.40722260590701836,1.0827463162798883
ETHUSDT,15M,LONG,TBX0,3324.0,3388.99,67.9,64.99,1.44,2021-09-14 06:30:00+00:00,2021-09-15 05:00,1.44,1.44,NORMAL,1.0,,2021-09,,,False,,,2021-09-15 05:00:00+00:00,False,False,1.0,3256.1,True,2021-09-14 06:30:00+00:00|LONG|TBX0|3324.0|67.9,0.0,True,0.5150220913107482,market_like,1.9122238586156133,-0.6166421207658305,1.2568483063328444,-0.6166421207658305,False,False,False,,0.0,0.0,18.71142857142854,,,False,False,False,False,,clean_winner,0.1971460202159876,0.5223454612889963,0.40722260590701836,1.0827463162798883
ETHUSDT,15M,LONG,TBX0,3409.040334194896,3576.1,43.11,167.06,3.88,2021-09-15 07:45:00+00:00,2021-09-16 03:00,3.88,3.88,NORMAL,1.0,,2021-09,,,False,,,2021-09-16 03:00:00+00:00,False,False,1.0,3365.9303341948957,True,2021-09-15 07:45:00+00:00|LONG|TBX0|3409.0403|43.11,0.0,True,0.22733319867539076,market_like,4.957774664929346,-0.6863914218254711,3.3857496127372797,-0.6863914218254711,False,False,False,,0.0,0.0,15.43928571428572,,,False,False,False,False,,clean_winner,0.1971460202159876,0.5223454612889963,0.40722260590701836,1.0827463162798883
ETHUSDT,15M,LONG,TBX0 (a) or TBX1,3047.4432887148632,2993.73,53.71,-39.53,-0.74,2021-09-21 15:30:00+00:00,2021-09-21 16:30,-0.74,-0.74,YELLOW,0.8,День перед FOMC,2021-09,,,False,,,2021-09-21 16:30:00+00:00,False,False,1.0,2993.733288714863,True,2021-09-21 15:30:00+00:00|LONG|TBX0 (a) or TBX1|3047.4433|53.71,0.0,True,0.6889459824029636,market_like,0.29876580311183304,-1.3819268053409688,0.29876580311183304,-7.4407612868155475,True,True,False,4.0,0.3819268053409688,0.6313862636211671,32.48928571428574,-1.1730271590925931,,False,False,False,False,0.25,hopeless,0.1971460202159876,0.5223454612889963,0.40722260590701836,1.0827463162798883
ETHUSDT,1H,LONG,TBX7A,3422.21,3413.21,9.0,-9.0,-1.0,2021-10-04 18:00:00+00:00,2021-10-04 19:00,-1.0,-1.0,NORMAL,1.0,,2021-10,,,False,,,2021-10-04 19:00:00+00:00,False,False,1.0,3413.21,True,2021-10-04 18:00:00+00:00|LONG|TBX7A|3422.21|9.0,2.0,False,1.1566666666666505,limit_retest,1.9766666666666626,-3.428888888888903,1.9766666666666626,-7.468888888888917,True,True,False,0.0,2.428888888888903,0.6210353294506842,35.199285714285615,1.9766666666666626,,True,True,False,False,0.5,hopeless,0.4321185415586152,0.6756383432490256,0.6360653867547656,1.0796369927068623
ETHUSDT,15M,LONG,TBX7A,3444.3562292599163,3488.8565727633013,30.3,27.99,0.92,2021-10-05 18:00:00+00:00,2021-10-06 01:00,0.92,0.92,NORMAL,1.0,,2021-10,,,False,,,2021-10-06 01:00:00+00:00,False,False,1.0,3414.056229259916,True,2021-10-05 18:00:00+00:00|LONG|TBX7A|3444.3562|30.3,0.0,True,0.3051560811853519,market_like,3.483292763699135,-0.306476213198552,3.483292763699135,-0.306476213198552,False,False,False,,0.0,0.0,16.500000000000064,,,False,False,False,False,,clean_winner,0.1971460202159876,0.5223454612889963,0.40722260590701836,1.0827463162798883
ETHUSDT,15M,LONG,TBX7A,3573.6267562264943,3534.55,39.08,-17.55,-0.45,2021-10-10 14:15:00+00:00,2021-10-10 16:15,-0.45,-0.45,NORMAL,1.0,,2021-10,,,False,,,2021-10-10 16:15:00+00:00,False,False,1.0,3534.5467562264944,True,2021-10-10 14:15:00+00:00|LONG|TBX7A|3573.6268|39.08,0.0,True,0.3320561982214488,market_like,0.24112701569871736,-1.032414437730146,0.24112701569871736,-5.261687723298217,True,False,True,8.0,0.03241443773014607,0.06910566641046441,18.330714285714325,-0.016037774475289358,,True,False,False,False,4.0,ambiguous_stop,0.1971460202159876,0.5223454612889963,0.40722260590701836,1.0827463162798883
ETHUSDT,1H,LONG,TBX0,3526.71,3536.168854233749,41.3,9.46,0.23,2021-10-11 05:00:00+00:00,2021-10-11 11:00,0.23,0.23,NORMAL,1.0,,2021-10,,,False,,,2021-10-11 11:00:00+00:00,False,False,1.0,3485.41,True,2021-10-11 05:00:00+00:00|LONG|TBX0|3526.71|41.3,0.0,True,0.11404358353510985,market_like,2.476755447941888,-0.5731234866828105,2.476755447941888,-0.5731234866828105,False,False,False,,0.0,0.0,18.397857142857188,,,False,False,False,False,,clean_winner,0.4321185415586152,0.6756383432490256,0.6360653867547656,1.0796369927068623
ETHUSDT,15M,SHORT,TBX7B,3495.512757204405,3466.12,34.36,36.74,1.07,2021-10-13 05:30:00+00:00,2021-10-13 10:15,1.07,1.07,GREEN,1.25,День FOMC Minutes,2021-10,,,False,,,2021-10-13 10:15:00+00:00,False,False,-1.0,3529.872757204405,True,2021-10-13 05:30:00+00:00|SHORT|TBX7B|3495.5128|34.36,0.0,True,0.45975677519194236,limit_retest,2.397344505366849,-0.49235281710113593,2.422082572887219,-0.6698848310708787,False,False,False,,0.0,0.0,15.244285714285686,,,False,False,False,False,,clean_winner,0.1971460202159876,0.5223454612889963,0.40722260590701836,1.0827463162798883
ETHUSDT,15M,SHORT,TBX7B,3439.9332500902065,3468.937624276884,34.6,-33.56,-0.97,2021-10-13 13:45:00+00:00,2021-10-13 14:30,-0.97,-0.97,GREEN,1.2,CPI после 12:00 UTC,2021-10,,,False,,,2021-10-13 14:30:00+00:00,False,False,-1.0,3474.5332500902064,True,2021-10-13 13:45:00+00:00|SHORT|TBX7B|3439.9333|34.6,0.0,True,0.5395014424795795,limit_retest,0.7989378638788004,-1.9672471072194664,0.7989378638788004,-5.782276008953571,True,True,False,3.0,0.9672471072194664,1.90592888881385,17.559285714285743,-1.163489881785942,,False,False,False,False,1.0,hopeless,0.1971460202159876,0.5223454612889963,0.40722260590701836,1.0827463162798883
ETHUSDT,1H,LONG,TBX7A,3512.32,3761.56,11.97,299.09,23.33,2021-10-13 17:00:00+00:00,2021-10-14 20:45,23.33,23.33,GREEN,1.2,CPI после 12:00 UTC,2021-10,,,False,,,2021-10-14 20:45:00+00:00,False,False,1.0,3500.3500000000004,True,2021-10-13 17:00:00+00:00|LONG|TBX7A|3512.32|11.97,1.0,False,1.499582289055996,limit_retest,26.539682539682524,-1.5304928989139652,12.527151211361721,-1.5304928989139652,True,True,False,0.0,0.5304928989139652,0.27434884582150987,23.145714285714348,13.101086048454444,,True,True,True,True,12.0,winner_survived_stop_touch,0.4321185415586152,0.6756383432490256,0.6360653867547656,1.0796369927068623
ETHUSDT,1H,LONG,TBX7B,4232.65,4173.58,59.07,-54.34,-0.92,2021-10-21 12:00:00+00:00,2021-10-21 14:15,-0.92,-0.92,NORMAL,1.0,,2021-10,,,False,,,2021-10-21 14:15:00+00:00,False,False,1.0,4173.58,True,2021-10-21 12:00:00+00:00|LONG|TBX7B|4232.65|59.07,0.0,True,0.23599119688504486,market_like,0.8015913323175955,-2.6321313695615296,0.8015913323175955,-3.8229219570001645,True,True,False,0.0,1.6321313695615296,1.7727780185717792,54.38357142857136,0.8015913323175955,,True,False,False,False,1.5,hopeless,0.4321185415586152,0.6756383432490256,0.6360653867547656,1.0796369927068623
ETHUSDT,1H,SHORT,TBX0 (a),4107.45,4152.45,45.0,-42.75,-0.95,2021-10-22 01:00:00+00:00,2021-10-22 03:15,-0.95,-0.95,NORMAL,1.0,,2021-10,,,False,,,2021-10-22 03:15:00+00:00,False,False,-1.0,4152.45,True,2021-10-22 01:00:00+00:00|SHORT|TBX0 (a)|4107.45|45.0,3.0,False,0.3344444444444485,limit_retest,0.1291111111110998,-1.029777777777781,0.47666666666666263,-1.4460000000000137,True,False,True,9.0,0.02977777777778101,0.042352409978557375,31.639285714285798,3.298888888888885,,True,True,True,False,12.0,stop_hunt,0.4321185415586152,0.6756383432490256,0.6360653867547656,1.0796369927068623
ETHUSDT,15M,SHORT,TBX0 (a),4097.54,4005.18,74.51,70.94,1.24,2021-10-22 10:15:00+00:00,2021-10-23 00:45,1.24,1.24,NORMAL,1.0,,2021-10,,,False,True,,2021-10-23 00:45:00+00:00,False,False,-1.0,4172.05,True,2021-10-22 10:15:00+00:00|SHORT|TBX0 (a)|4097.54|74.51,0.0,True,0.323178096899744,market_like,2.8122399677895578,-0.6879613474701411,2.8122399677895578,-0.6879613474701411,False,False,False,,0.0,0.0,19.55428571428573,,,False,False,False,False,,clean_winner,0.1971460202159876,0.5223454612889963,0.40722260590701836,1.0827463162798883
ETHUSDT,1H,LONG,TBX7A,4135.86,4117.08,34.17,-18.78,-0.51,2021-10-25 00:00:00+00:00,2021-10-25 10:30,-0.51,-0.51,NORMAL,1.0,,2021-10,,,False,,,2021-10-25 10:30:00+00:00,False,False,1.0,4101.69,True,2021-10-25 00:00:00+00:00|LONG|TBX7A|4135.86|34.17,3.0,False,1.5001463271875846,limit_retest,1.3640620427275558,-1.8873280655545737,1.3640620427275558,-1.8873280655545737,True,True,False,0.0,0.8873280655545737,1.4183373429564219,21.377142857142807,1.3640620427275558,,True,True,False,False,7.5,hopeless,0.4321185415586152,0.6756383432490256,0.6360653867547656,1.0796369927068623
ETHUSDT,15M,LONG,TBX7A,4166.8,4182.97,56.47,16.17,0.29,2021-10-25 15:30:00+00:00,2021-10-26 06:15,0.29,0.29,NORMAL,1.0,,2021-10,,,False,True,,2021-10-26 06:15:00+00:00,False,False,1.0,4110.33,True,2021-10-25 15:30:00+00:00|LONG|TBX7A|4166.8|56.47,0.0,True,0.2679298742695256,market_like,1.7389764476713268,-0.3384097751018343,1.7389764476713268,-0.3384097751018343,False,False,False,,0.0,0.0,18.94499999999997,,,False,False,False,False,,clean_winner,0.1971460202159876,0.5223454612889963,0.40722260590701836,1.0827463162798883
ETHUSDT,15M,LONG,TBX7A,4223.93999910974,4191.157174913351,38.85,-14.18,-0.36,2021-10-26 08:00:00+00:00,2021-10-26 12:30,-0.36,-0.36,NORMAL,1.0,,2021-10,,,False,,,2021-10-26 12:30:00+00:00,False,False,1.0,4185.089999109739,True,2021-10-26 08:00:00+00:00|LONG|TBX7A|4223.94|38.85,0.0,True,0.5855855626702754,market_like,0.3508365737518638,-0.9590733361580311,0.3508365737518638,-2.393822370907084,False,False,False,,0.0,0.0,13.457857142857133,,,False,False,False,False,,not_applicable,0.1971460202159876,0.5223454612889963,0.40722260590701836,1.0827463162798883
ETHUSDT,1H,SHORT,TBX7B,4020.0,4025.967569923508,57.97,-4.23,-0.07,2021-10-27 09:00:00+00:00,2021-10-27 20:00,-0.07,-0.07,NORMAL,1.0,,2021-10,,,False,,,2021-10-27 20:00:00+00:00,False,False,-1.0,4077.97,True,2021-10-27 09:00:00+00:00|SHORT|TBX7B|4020.0|57.97,0.0,True,0.5078488873555297,limit_retest,1.3800241504226325,-0.5078488873555297,1.3800241504226325,-0.5078488873555297,False,False,False,,0.0,0.0,50.20285714285712,,,False,False,False,False,,not_applicable,0.4321185415586152,0.6756383432490256,0.6360653867547656,1.0796369927068623
ETHUSDT,15M,LONG,TBX0 (a),4419.750309369884,4375.4895719056485,49.25,-42.78,-0.87,2021-10-29 20:00:00+00:00,2021-10-30 00:15,-0.87,-0.87,NORMAL,1.0,,2021-10,,,False,,,2021-10-30 00:15:00+00:00,False,False,1.0,4370.500309369884,True,2021-10-29 20:00:00+00:00|LONG|TBX0 (a)|4419.7503|49.25,0.0,True,0.2686357232463715,market_like,0.3878109772612412,-1.0458946064951158,0.3878109772612412,-1.7614276014189691,True,False,True,17.0,0.045894606495115786,0.08841668392954068,25.564285714285493,-0.44975247451540856,-0.44975247451540856,True,False,False,False,0.25,ambiguous_stop,0.1971460202159876,0.5223454612889963,0.40722260590701836,1.0827463162798883
ETHUSDT,15M,LONG,TBX0,4633.030934144787,4714.488921673511,36.79,41.96,1.14,2021-11-08 00:00:00+00:00,2021-11-08 13:45,1.14,1.14,NORMAL,1.0,,2021-11,,,False,,,2021-11-08 13:45:00+00:00,False,False,1.0,4596.240934144787,True,2021-11-08 00:00:00+00:00|LONG|TBX0|4633.0309|36.79,0.0,True,0.44906045514507026,market_like,3.817316277662759,-0.48439614419101157,3.817316277662759,-0.48439614419101157,False,False,False,,0.0,0.0,15.625714285714366,,,False,False,False,False,,clean_winner,0.1971460202159876,0.5223454612889963,0.40722260590701836,1.0827463162798883
ETHUSDT,15M,LONG,TBX0,4758.568213459196,4745.696145375845,52.63,-17.5,-0.33,2021-11-08 15:30:00+00:00,2021-11-08 20:00,-0.33,-0.33,NORMAL,1.0,,2021-11,,,False,,,2021-11-08 20:00:00+00:00,False,False,1.0,4705.938213459196,True,2021-11-08 15:30:00+00:00|LONG|TBX0|4758.5682|52.63,0.0,True,0.2788944225573975,market_like,0.7410561759605463,-0.49094078394825375,1.369785037826405,-0.49094078394825375,False,False,False,,0.0,0.0,21.43999999999999,,,False,False,False,False,,not_applicable,0.1971460202159876,0.5223454612889963,0.40722260590701836,1.0827463162798883
ETHUSDT,1H,SHORT,TBX7A,4706.16,4651.8,53.88,65.23,1.13,2021-11-10 19:00:00+00:00,2021-11-11 05:00,1.13,1.13,GREEN,1.2,CPI после 12:00 UTC,2021-11,,,False,,,2021-11-11 05:00:00+00:00,False,False,-1.0,4760.04,True,2021-11-10 19:00:00+00:00|SHORT|TBX7A|4706.16|53.88,3.0,False,1.4999999999999944,limit_retest,4.754268745360056,-1.9771714922048949,4.754268745360056,-1.9771714922048949,True,True,False,0.0,0.9771714922048949,2.4296262113520792,21.670000000000073,4.754268745360056,,True,True,True,False,2.25,winner_survived_stop_touch,0.4321185415586152,0.6756383432490256,0.6360653867547656,1.0796369927068623
ETHUSDT,15M,SHORT,TBX7A,4743.6,4603.76,83.25,139.84,2.52,2021-11-12 05:45:00+00:00,2021-11-12 17:30,2.52,2.52,NORMAL,1.0,,2021-11,,,False,,,2021-11-12 17:30:00+00:00,False,False,-1.0,4826.85,True,2021-11-12 05:45:00+00:00|SHORT|TBX7A|4743.6|83.25,0.0,True,0.16672672672671712,market_like,2.8300300300300343,-0.18714714714714628,2.8300300300300343,-0.18714714714714628,False,False,False,,0.0,0.0,15.980714285714319,,,False,False,False,False,,clean_winner,0.1971460202159876,0.5223454612889963,0.40722260590701836,1.0827463162798883
ETHUSDT,1H,LONG,TBX0,4669.99,4650.49,19.5,-18.91,-0.97,2021-11-12 20:00:00+00:00,2021-11-12 22:15,-0.97,-0.97,NORMAL,1.0,,2021-11,,,False,,,2021-11-12 22:15:00+00:00,False,False,1.0,4650.49,True,2021-11-12 20:00:00+00:00|LONG|TBX0|4669.99|19.5,0.0,True,0.8020512820512522,market_like,1.2666666666666573,-1.5661538461538442,1.9492307692307804,-3.0307692307692027,True,True,False,9.0,0.5661538461538442,0.39400428265524423,28.020000000000046,1.9492307692307804,,True,True,False,False,1.75,ambiguous_stop,0.4321185415586152,0.6756383432490256,0.6360653867547656,1.0796369927068623
ETHUSDT,15M,SHORT,TBX0,4598.594554080454,4590.487787750117,25.85,16.03,0.62,2021-11-14 14:00:00+00:00,2021-11-14 21:30,0.62,0.62,NORMAL,1.0,,2021-11,,,False,,,2021-11-14 21:30:00+00:00,False,False,-1.0,4624.4445540804545,True,2021-11-14 14:00:00+00:00|SHORT|TBX0|4598.5946|25.85,0.0,True,0.6106555481449115,limit_retest,3.2013367149111795,-0.6110423953402778,3.2013367149111795,-4.959978565553047,False,False,False,,0.0,0.0,15.2364285714286,,,False,False,False,False,,clean_winner,0.1971460202159876,0.5223454612889963,0.40722260590701836,1.0827463162798883
ETHUSDT,15M,SHORT,TBX0,4550.055671367901,4594.55,44.49,-13.55,-0.3,2021-11-14 23:00:00+00:00,2021-11-14 23:15,-0.3,-0.3,NORMAL,1.0,,2021-11,,,False,,,2021-11-14 23:15:00+00:00,False,False,-1.0,4594.5456713679005,True,2021-11-14 23:00:00+00:00|SHORT|TBX0|4550.0557|44.49,0.0,True,0.5979844601505769,limit_retest,0.0012513231715146362,-1.2534126462598116,0.0012513231715146362,-4.494140899799939,True,True,False,1.0,0.25341264625981164,0.5373662916603226,20.980714285714253,-0.9722258627129627,,False,False,False,False,0.25,hopeless,0.1971460202159876,0.5223454612889963,0.40722260590701836,1.0827463162798883
ETHUSDT,1H,LONG,TBX0 (a),4707.84,4697.5,10.34,-9.82,-0.95,2021-11-15 04:00:00+00:00,2021-11-15 05:45,-0.95,-0.95,NORMAL,1.0,,2021-11,,,False,,,2021-11-15 05:45:00+00:00,False,False,1.0,4697.5,True,2021-11-15 04:00:00+00:00|LONG|TBX0 (a)|4707.84|10.34,0.0,True,0.12862669245647265,market_like,1.9796905222437384,-1.4574468085106103,6.188588007736923,-6.956479690522272,True,True,False,7.0,0.45744680851061026,0.23663522012577,19.988571428571568,6.188588007736923,,True,True,True,True,7.25,ambiguous_stop,0.4321185415586152,0.6756383432490256,0.6360653867547656,1.0796369927068623
ETHUSDT,15M,LONG,TBX0 (a),4706.10541158567,4693.407708260016,33.72,-9.86,-0.29,2021-11-15 08:30:00+00:00,2021-11-15 14:00,-0.29,-0.29,NORMAL,1.0,,2021-11,,,False,,,2021-11-15 14:00:00+00:00,False,False,1.0,4672.385411585669,True,2021-11-15 08:30:00+00:00|LONG|TBX0 (a)|4706.1054|33.72,0.0,True,0.8323075796461924,market_like,1.9491277702944947,-0.9402553851029044,1.9491277702944947,-4.30324470894631,False,False,False,,0.0,0.0,15.238571428571374,,,False,False,False,False,,not_applicable,0.1971460202159876,0.5223454612889963,0.40722260590701836,1.0827463162798883
ETHUSDT,1H,SHORT,TBX0,4651.35,4291.27,41.25,360.08,8.73,2021-11-15 15:00:00+00:00,2021-11-16 11:45,8.73,8.73,NORMAL,1.0,,2021-11,,,False,,,2021-11-16 11:45:00+00:00,False,False,-1.0,4692.6,True,2021-11-15 15:00:00+00:00|SHORT|TBX0|4651.35|41.25,0.0,True,0.8399999999999912,limit_retest,13.923636363636373,-0.9229090909090839,10.480000000000004,-0.9229090909090839,False,False,False,,0.0,0.0,25.262142857142994,,,False,False,False,False,,clean_winner,0.4321185415586152,0.6756383432490256,0.6360653867547656,1.0796369927068623
ETHUSDT,15M,SHORT,TBX0,4170.777175712179,4078.57,73.98,92.21,1.25,2021-11-18 12:00:00+00:00,2021-11-18 19:00,1.25,1.25,NORMAL,1.0,,2021-11,,,False,,,2021-11-18 19:00:00+00:00,False,False,-1.0,4244.757175712179,True,2021-11-18 12:00:00+00:00|SHORT|TBX0|4170.7772|73.98,0.0,True,0.2598381223009045,market_like,2.8474881821056934,-0.8771671301408621,2.876685262397662,-0.8771671301408621,False,False,False,,0.0,0.0,27.884285714285916,,,False,False,False,False,,clean_winner,0.1971460202159876,0.5223454612889963,0.40722260590701836,1.0827463162798883
ETHUSDT,1H,LONG,TBX0 (a),4250.58,4268.669175286499,41.37,43.73,2.19,2021-11-19 16:00:00+00:00,2021-11-20 04:00,2.19,2.19,NORMAL,1.0,,2021-11,,,False,,,2021-11-20 04:00:00+00:00,False,False,1.0,4209.21,True,2021-11-19 16:00:00+00:00|LONG|TBX0 (a)|4250.58|41.37,3.0,False,0.814841672709694,limit_retest,1.9922649262750804,-0.9395697365240486,1.9922649262750804,-0.9395697365240486,False,False,False,,0.0,0.0,24.19071428571429,,,False,False,False,False,,clean_winner,0.4321185415586152,0.6756383432490256,0.6360653867547656,1.0796369927068623
ETHUSDT,15M,LONG,TBX0 (a),4367.17,4337.711694320432,48.59,-27.99,-0.58,2021-11-21 05:45:00+00:00,2021-11-21 08:45,-0.58,-0.58,NORMAL,1.0,,2021-11,,,False,,,2021-11-21 08:45:00+00:00,False,False,1.0,4318.58,True,2021-11-21 05:45:00+00:00|LONG|TBX0 (a)|4367.17|48.59,0.0,True,0.18481168964808545,market_like,0.3052068326816202,-0.6447828771352114,1.2051862523152805,-1.3280510393084943,False,False,False,,0.0,0.0,20.23785714285727,,,False,False,False,False,,not_applicable,0.1971460202159876,0.5223454612889963,0.40722260590701836,1.0827463162798883
ETHUSDT,15M,LONG,TBX0 (a),4358.66,4345.02,73.02,-4.85,-0.1,2021-11-21 15:15:00+00:00,2021-11-21 22:15,-0.1,-0.1,NORMAL,1.0,,2021-11,,,False,True,,2021-11-21 22:15:00+00:00,False,False,1.0,4285.639999999999,True,2021-11-21 15:15:00+00:00|LONG|TBX0 (a)|4358.66|73.02,0.0,True,0.2964941112024053,market_like,0.9185154752122667,-0.36346206518761937,0.9185154752122667,-2.720624486442069,False,False,False,,0.0,0.0,20.2221428571429,,,False,False,False,False,,not_applicable,0.1971460202159876,0.5223454612889963,0.40722260590701836,1.0827463162798883
ETHUSDT,15M,SHORT,TBX7B,4174.277957921595,4224.97,50.69,-19.97,-0.39,2021-11-22 10:00:00+00:00,2021-11-22 12:30,-0.39,-0.39,NORMAL,1.0,,2021-11,,,False,,,2021-11-22 12:30:00+00:00,False,False,-1.0,4224.9679579215945,True,2021-11-22 10:00:00+00:00|SHORT|TBX7B|4174.278|50.69,0.0,True,0.29852124834099414,market_like,0.1615300438270806,-1.1584541739673533,3.0563810992620826,-3.027659145362106,True,False,True,10.0,0.15845417396735328,0.3511165587262584,22.875714285714366,3.0563810992620826,0.912960306206251,True,True,True,False,8.75,stop_hunt,0.1971460202159876,0.5223454612889963,0.40722260590701836,1.0827463162798883
ETHUSDT,15M,SHORT,TBX7B,4085.029951832521,4138.35,53.32,-53.32,-1.0,2021-11-23 09:30:00+00:00,2021-11-23 09:30,-1.0,-1.0,NORMAL,1.0,,2021-11,,,False,,,2021-11-23 09:30:00+00:00,False,False,-1.0,4138.349951832521,True,2021-11-23 09:30:00+00:00|SHORT|TBX7B|4085.03|53.32,0.0,True,0.7625665447764185,limit_retest,0.4778685640007649,-1.6245320361492623,0.4778685640007649,-5.663354241700657,True,True,False,0.0,0.6245320361492623,0.9739297115916739,34.191428571428496,-0.5497008283473215,,True,False,False,False,0.5,hopeless,0.1971460202159876,0.5223454612889963,0.40722260590701836,1.0827463162798883
ETHUSDT,1H,LONG,TBX0,4183.25,4320.791753210988,50.91,137.54,2.7,2021-11-23 13:00:00+00:00,2021-11-24 01:15,2.7,2.7,NORMAL,1.0,,2021-11,,,False,,,2021-11-24 01:15:00+00:00,False,False,1.0,4132.34,True,2021-11-23 13:00:00+00:00|LONG|TBX0|4183.25|50.91,1.0,False,0.9078766450599147,limit_retest,4.0021606757022195,-0.955607935572572,4.0021606757022195,-0.955607935572572,False,False,False,,0.0,0.0,37.45999999999997,,,False,False,False,False,,clean_winner,0.4321185415586152,0.6756383432490256,0.6360653867547656,1.0796369927068623
ETHUSDT,15M,SHORT,TBX0,4270.034249657676,4306.561641149539,45.33,-34.26,-0.76,2021-11-25 05:45:00+00:00,2021-11-25 07:15,-0.76,-0.76,NORMAL,1.0,,2021-11,,,False,,,2021-11-25 07:15:00+00:00,False,False,-1.0,4315.364249657676,True,2021-11-25 05:45:00+00:00|SHORT|TBX0|4270.0342|45.33,0.0,True,0.2269082360980324,market_like,0.07664349564693361,-0.95291750148519,0.07664349564693361,-5.612083616640732,False,False,False,,0.0,0.0,15.758571428571615,,,False,False,False,False,,not_applicable,0.1971460202159876,0.5223454612889963,0.40722260590701836,1.0827463162798883
ETHUSDT,1H,LONG,TBX7A,4368.88,4478.672105109232,45.45,109.79,2.25,2021-11-25 10:00:00+00:00,2021-11-25 22:00,2.25,2.25,NORMAL,1.0,,2021-11,,,False,,,2021-11-25 22:00:00+00:00,False,False,1.0,4323.43,True,2021-11-25 10:00:00+00:00|LONG|TBX7A|4368.88|45.45,2.0,False,1.4998899889989015,limit_retest,3.6556655665566473,-1.6422442244224493,3.6556655665566473,-1.6422442244224493,True,False,True,0.0,0.6422442244224493,1.3786054043113312,21.173571428571254,3.6556655665566473,,True,True,True,False,7.75,winner_survived_stop_touch,0.4321185415586152,0.6756383432490256,0.6360653867547656,1.0796369927068623
ETHUSDT,15M,LONG,TBX7A,4540.7571775134975,4484.65,56.11,-53.3,-0.95,2021-11-25 23:00:00+00:00,2021-11-26 02:00,-0.95,-0.95,NORMAL,1.0,,2021-11,,,False,,,2021-11-26 02:00:00+00:00,False,False,1.0,4484.647177513498,True,2021-11-25 23:00:00+00:00|LONG|TBX7A|4540.7572|56.11,0.0,True,0.34837243830863385,market_like,0.31247233089471543,-1.0172371683032826,0.31247233089471543,-9.655269604589154,True,False,True,12.0,0.01723716830328259,0.04416767847134638,21.897857142857056,-0.6158826860363155,,True,False,False,False,0.75,ambiguous_stop,0.1971460202159876,0.5223454612889963,0.40722260590701836,1.0827463162798883
ETHUSDT,1H,SHORT,TBX0,4430.64,4105.36,54.68,325.28,5.95,2021-11-26 03:00:00+00:00,2021-11-26 14:15,5.95,5.95,NORMAL,1.0,,2021-11,,,False,,,2021-11-26 14:15:00+00:00,False,False,-1.0,4485.320000000001,True,2021-11-26 03:00:00+00:00|SHORT|TBX0|4430.64|54.68,3.0,False,0.5877834674469535,limit_retest,9.503291880029268,-0.8013899049012383,9.503291880029268,-0.8013899049012383,False,False,False,,0.0,0.0,23.599999999999973,,,False,False,False,False,,clean_winner,0.4321185415586152,0.6756383432490256,0.6360653867547656,1.0796369927068623
ETHUSDT,15M,LONG,TBX0,4374.62,4428.98463805917,127.73,54.36,0.64,2021-11-29 16:30:00+00:00,2021-11-30 03:30,0.64,0.64,NORMAL,1.0,,2021-11,,,False,,,2021-11-30 03:30:00+00:00,False,False,1.0,4246.89,True,2021-11-29 16:30:00+00:00|LONG|TBX0|4374.62|127.73,0.0,True,0.27448524230798943,market_like,1.0260706177092336,-0.28348860878415433,1.0260706177092336,-0.28348860878415433,False,False,False,,0.0,0.0,24.609285714285566,,,False,False,False,False,,clean_winner,0.1971460202159876,0.5223454612889963,0.40722260590701836,1.0827463162798883
ETHUSDT,1H,SHORT,TBX0,4563.84,4664.13,100.29,-97.28,-0.97,2021-11-30 16:00:00+00:00,2021-11-30 18:45,-0.97,-0.97,NORMAL,1.0,,2021-11,,,False,,,2021-11-30 18:45:00+00:00,False,False,-1.0,4664.13,True,2021-11-30 16:00:00+00:00|SHORT|TBX0|4563.84|100.29,3.0,False,0.551301226443314,limit_retest,0.3872768969987052,-1.357662777943961,0.3872768969987052,-2.1081862598464483,True,True,False,2.0,0.35766277794396095,0.7726321619791943,46.425714285714356,0.3872768969987052,0.3872768969987052,True,False,False,False,0.5,hopeless,0.4321185415586152,0.6756383432490256,0.6360653867547656,1.0796369927068623
ETHUSDT,1H,SHORT,TBX0,4676.96,4735.486094151572,64.35,-56.6,-0.88,2021-12-01 11:00:00+00:00,2021-12-01 14:15,-0.88,-0.88,NORMAL,1.0,,2021-12,,,False,,,2021-12-01 14:15:00+00:00,False,False,-1.0,4741.31,True,2021-12-01 11:00:00+00:00|SHORT|TBX0|4676.96|64.35,3.0,False,0.7036519036518998,limit_retest,0.37871017871017704,-1.1350427350427346,2.3070707070707077,-1.3681429681429678,True,True,False,13.0,0.13504273504273456,0.283530261716655,30.649285714285725,2.3070707070707077,,True,True,True,False,8.25,stop_hunt,0.4321185415586152,0.6756383432490256,0.6360653867547656,1.0796369927068623
ETHUSDT,15M,SHORT,TBX0 (a),4547.168007174833,4585.444727152213,71.52,-41.84,-0.58,2021-12-02 03:00:00+00:00,2021-12-02 07:15,-0.58,-0.58,NORMAL,1.0,,2021-12,,,False,,,2021-12-02 07:15:00+00:00,False,False,-1.0,4618.688007174834,True,2021-12-02 03:00:00+00:00|SHORT|TBX0 (a)|4547.168|71.52,0.0,True,0.4632549332377921,limit_retest,1.3232383553528182,-0.568819810195289,1.3232383553528182,-0.7666665663474093,False,False,False,,0.0,0.0,37.16071428571409,,,False,False,False,False,,not_applicable,0.1971460202159876,0.5223454612889963,0.40722260590701836,1.0827463162798883
ETHUSDT,15M,SHORT,TBX0 (a),4511.651428313928,4541.81,83.11,-30.16,-0.36,2021-12-02 15:30:00+00:00,2021-12-02 20:30,-0.36,-0.36,NORMAL,1.0,,2021-12,,,False,,,2021-12-02 20:30:00+00:00,False,False,-1.0,4594.761428313927,True,2021-12-02 15:30:00+00:00|SHORT|TBX0 (a)|4511.6514|83.11,0.0,True,0.6567028238006484,limit_retest,0.9131443666698046,-0.7593378857667252,0.9131443666698046,-0.7593378857667252,False,False,False,,0.0,0.0,43.31214285714298,,,False,False,False,False,,not_applicable,0.1971460202159876,0.5223454612889963,0.40722260590701836,1.0827463162798883
ETHUSDT,15M,SHORT,TBX0 (a),4514.32,4526.13,55.99,-45.81,-0.89,2021-12-02 23:45:00+00:00,2021-12-03 04:15,-0.89,-0.89,NORMAL,1.0,,2021-12,,,False,True,,2021-12-03 04:15:00+00:00,False,False,-1.0,4570.3099999999995,True,2021-12-02 23:45:00+00:00|SHORT|TBX0 (a)|4514.32|55.99,0.0,True,0.305233077335241,market_like,0.7599571352027017,-0.6372566529737504,0.7599571352027017,-1.879621360957326,False,False,False,,0.0,0.0,20.515000000000004,,,False,False,False,False,,not_applicable,0.1971460202159876,0.5223454612889963,0.40722260590701836,1.0827463162798883
ETHUSDT,1H,LONG,TBX0,4531.59,4566.427175954994,44.25,34.84,0.79,2021-12-03 04:00:00+00:00,2021-12-03 14:30,0.79,0.79,NORMAL,1.0,,2021-12,,,False,,,2021-12-03 14:30:00+00:00,False,False,1.0,4487.34,True,2021-12-03 04:00:00+00:00|LONG|TBX0|4531.59|44.25,2.0,False,0.8447457627118669,limit_retest,2.8567231638418047,-0.9251977401130058,2.8567231638418047,-1.6836158192090396,False,False,False,,0.0,0.0,22.034285714285684,,,False,False,False,False,,clean_winner,0.4321185415586152,0.6756383432490256,0.6360653867547656,1.0796369927068623
ETHUSDT,15M,SHORT,TBX0,4131.177712950002,4194.73,63.55,-21.51,-0.34,2021-12-06 00:15:00+00:00,2021-12-06 04:15,-0.34,-0.34,NORMAL,1.0,,2021-12,,,False,,,2021-12-06 04:15:00+00:00,False,False,-1.0,4194.727712950003,True,2021-12-06 00:15:00+00:00|SHORT|TBX0|4131.1777|63.55,0.0,True,0.23811623996849746,market_like,0.436155986624742,-1.0593593556254541,3.32301672619988,-1.0593593556254541,True,False,True,16.0,0.059359355625454135,0.10268718393926973,36.735714285714366,3.32301672619988,,True,True,True,False,5.25,stop_hunt,0.1971460202159876,0.5223454612889963,0.40722260590701836,1.0827463162798883
ETHUSDT,15M,SHORT,TBX0,4143.4797006003155,4131.809631740334,47.35,11.67,0.25,2021-12-06 05:45:00+00:00,2021-12-06 08:00,0.25,0.25,NORMAL,1.0,,2021-12,,,False,,,2021-12-06 08:00:00+00:00,False,False,-1.0,4190.829700600316,True,2021-12-06 05:45:00+00:00|SHORT|TBX0|4143.4797|47.35,0.0,True,0.24499048362585946,market_like,2.7083358099327497,-0.45597253220030043,4.719740244990823,-1.1423505681031516,False,False,False,,0.0,0.0,22.28928571428573,,,False,False,False,False,,clean_winner,0.1971460202159876,0.5223454612889963,0.40722260590701836,1.0827463162798883
ETHUSDT,1H,LONG,TBX7A,4167.49,4341.0,29.68,173.51,5.46,2021-12-06 16:00:00+00:00,2021-12-07 13:45,5.46,5.46,NORMAL,1.0,,2021-12,,,False,,,2021-12-07 13:45:00+00:00,False,False,1.0,4137.8099999999995,True,2021-12-06 16:00:00+00:00|LONG|TBX7A|4167.49|29.68,3.0,False,1.499999999999984,limit_retest,8.676212938005397,-2.4086927223719603,7.328504043126692,-2.4086927223719603,True,True,False,0.0,1.4086927223719603,1.1262169546311571,37.12428571428567,7.328504043126692,,True,True,True,True,9.25,winner_survived_stop_touch,0.4321185415586152,0.6756383432490256,0.6360653867547656,1.0796369927068623
ETHUSDT,15M,SHORT,TBX0,4318.2,4301.12,68.84,17.08,0.25,2021-12-08 09:45:00+00:00,2021-12-08 13:00,0.25,0.25,NORMAL,1.0,,2021-12,,,False,True,,2021-12-08 13:00:00+00:00,False,False,-1.0,4387.04,True,2021-12-08 09:45:00+00:00|SHORT|TBX0|4318.2|68.84,0.0,True,0.5164148750726348,limit_retest,1.3541545613015724,-0.6040092969203941,1.3541545613015724,-1.9814061592097696,False,False,False,,0.0,0.0,20.56642857142859,,,False,False,False,False,,clean_winner,0.1971460202159876,0.5223454612889963,0.40722260590701836,1.0827463162798883
ETHUSDT,1H,SHORT,TBX0,4358.86,4402.1716,43.31,-21.66,-0.5,2021-12-09 03:00:00+00:00,2021-12-09 07:30,-0.5,-0.5,YELLOW,0.5,День перед CPI,2021-12,,,False,,,2021-12-09 07:30:00+00:00,False,False,-1.0,4402.17,True,2021-12-09 03:00:00+00:00|SHORT|TBX0|4358.86|43.31,3.0,False,0.7718771646271135,limit_retest,0.4347725698452996,-1.2491341491572467,3.090741168321396,-1.2491341491572467,True,False,True,18.0,0.24913414915724674,0.36330840087545396,29.69928571428571,6.068806280304761,6.068806280304761,True,True,True,True,11.25,stop_hunt,0.4321185415586152,0.6756383432490256,0.6360653867547656,1.0796369927068623
ETHUSDT,1H,SHORT,TBX0 (a),3985.03,4009.1,24.07,-24.07,-1.0,2021-12-13 07:00:00+00:00,2021-12-13 08:00,-1.0,-1.0,NORMAL,1.0,,2021-12,,,False,,,2021-12-13 08:00:00+00:00,False,False,-1.0,4009.1000000000004,True,2021-12-13 07:00:00+00:00|SHORT|TBX0 (a)|3985.03|24.07,0.0,True,0.10511009555462174,market_like,1.579144162858339,-1.2268383880348877,9.609472372247618,-1.8616535105940983,True,False,True,4.0,0.22683838803488765,0.26502097562665594,20.602142857142876,13.15704196094724,,True,True,True,True,11.5,stop_hunt,0.4321185415586152,0.6756383432490256,0.6360653867547656,1.0796369927068623
ETHUSDT,15M,LONG,TBX0 (a) or TBX1,3819.9961196246118,3850.9966220038705,86.32,24.8,0.29,2021-12-14 20:30:00+00:00,2021-12-15 11:15,0.29,0.29,YELLOW,0.8,День перед FOMC,2021-12,,,False,,,2021-12-15 11:15:00+00:00,False,False,1.0,3733.6761196246116,True,2021-12-14 20:30:00+00:00|LONG|TBX0 (a) or TBX1|3819.9961|86.32,0.0,True,0.24647960640189953,market_like,0.9135064918372121,-0.3045194581164473,0.847473127611079,-0.3045194581164473,False,False,False,,0.0,0.0,26.495714285714225,,,False,False,False,False,,clean_winner,0.1971460202159876,0.5223454612889963,0.40722260590701836,1.0827463162798883
ETHUSDT,15M,SHORT,TBX4,3982.6,3986.745538482589,49.64,-0.18,0.0,2021-12-22 23:00:00+00:00,2021-12-23 02:00,0.0,0.0,NORMAL,1.0,,2021-12,,,False,,,2021-12-23 02:00:00+00:00,False,False,-1.0,4032.24,True,2021-12-22 23:00:00+00:00|SHORT|TBX4|3982.6|49.64,0.0,True,0.33481063658339827,market_like,1.5271958098307805,-0.43795326349718444,1.8881950040290092,-0.43795326349718444,False,False,False,,0.0,0.0,12.655000000000005,,,False,False,False,False,,not_applicable,0.1971460202159876,0.5223454612889963,0.40722260590701836,1.0827463162798883
ETHUSDT,1H,LONG,TBX7B,4042.0,4098.98,49.98,71.22,1.42,2021-12-23 17:00:00+00:00,2021-12-24 02:45,1.42,1.42,GREEN,1.25,Канун праздника (прочие),2021-12,,,False,,,2021-12-24 02:45:00+00:00,False,False,1.0,3992.02,True,2021-12-23 17:00:00+00:00|LONG|TBX7B|4042.0|49.98,3.0,False,1.1712685074029605,limit_retest,2.2350940376150468,-1.195878351340536,2.2350940376150468,-1.195878351340536,True,True,False,0.0,0.195878351340536,0.6045075640629829,16.19499999999997,2.2350940376150468,,True,True,True,False,2.75,winner_survived_stop_touch,0.4321185415586152,0.6756383432490256,0.6360653867547656,1.0796369927068623
ETHUSDT,15M,SHORT,TBX7B,3743.292810602336,3758.6000314935673,35.41,-21.02,-0.59,2021-12-29 19:00:00+00:00,2021-12-29 20:30,-0.59,-0.59,NORMAL,1.0,,2021-12,,,False,,,2021-12-29 20:30:00+00:00,False,False,-1.0,3778.702810602336,True,2021-12-29 19:00:00+00:00|SHORT|TBX7B|3743.2928|35.41,0.0,True,0.24137784235143095,market_like,0.9402092799304146,-0.672047144808364,4.611488579563287,-0.672047144808364,False,False,False,,0.0,0.0,14.95857142857137,,,False,False,False,False,,not_applicable,0.1971460202159876,0.5223454612889963,0.40722260590701836,1.0827463162798883
ETHUSDT,1H,LONG,TBX0,3694.03,3721.1765825009984,35.91,27.15,0.76,2021-12-30 06:00:00+00:00,2021-12-30 20:45,0.76,0.76,NORMAL,1.0,,2021-12,,,False,,,2021-12-30 20:45:00+00:00,False,False,1.0,3658.1200000000003,True,2021-12-30 06:00:00+00:00|LONG|TBX0|3694.03|35.91,3.0,False,0.6087440824282966,limit_retest,2.0239487607908617,-0.8114731272626101,1.8927875243664662,-0.8114731272626101,False,False,False,,0.0,0.0,14.373571428571397,,,False,False,False,False,,clean_winner,0.4321185415586152,0.6756383432490256,0.6360653867547656,1.0796369927068623
ETHUSDT,1H,LONG,TBX0,3453.56,3411.9807014381017,46.46,-39.91,-0.86,2022-01-06 18:00:00+00:00,2022-01-06 23:15,-0.86,-0.86,NORMAL,1.0,,2022-01,,,False,,,2022-01-06 23:15:00+00:00,False,False,1.0,3407.1,True,2022-01-06 18:00:00+00:00|LONG|TBX0|3453.56|46.46,3.0,False,0.7163151097718412,limit_retest,0.10202324580284625,-1.045200172191131,0.10202324580284625,-6.792079207920791,True,False,True,21.0,0.04520017219113104,0.09250810232528643,22.70071428571428,-0.651743435213081,,True,False,False,False,0.5,ambiguous_stop,0.4321185415586152,0.6756383432490256,0.6360653867547656,1.0796369927068623
ETHUSDT,1H,LONG,TBX0,3158.57,3163.4470985824078,73.72,4.88,0.07,2022-01-09 16:00:00+00:00,2022-01-09 23:00,0.07,0.07,NORMAL,1.0,,2022-01,,,False,,,2022-01-09 23:00:00+00:00,False,False,1.0,3084.8500000000004,True,2022-01-09 16:00:00+00:00|LONG|TBX0|3158.57|73.72,3.0,False,0.8373575691806839,limit_retest,0.6895008138903951,-0.9215952251763436,0.6895008138903951,-0.9215952251763436,False,False,False,,0.0,0.0,18.49857142857143,,,False,False,False,False,,clean_winner,0.4321185415586152,0.6756383432490256,0.6360653867547656,1.0796369927068623
ETHUSDT,15M,LONG,TBX0,3167.215580197235,3149.9116399827653,29.81,-10.76,-0.36,2022-01-10 04:15:00+00:00,2022-01-10 08:15,-0.36,-0.36,NORMAL,1.0,,2022-01,,,False,,,2022-01-10 08:15:00+00:00,False,False,1.0,3137.405580197235,True,2022-01-10 04:15:00+00:00|LONG|TBX0|3167.2156|29.81,0.0,True,0.4362824621682271,market_like,0.40068499841546357,-0.8958597852141787,0.40068499841546357,-8.132693062637863,False,False,False,,0.0,0.0,11.284285714285684,,,False,False,False,False,,not_applicable,0.1971460202159876,0.5223454612889963,0.40722260590701836,1.0827463162798883
ETHUSDT,1H,LONG,TBX0,3082.5,3098.83,75.0,16.33,0.22,2022-01-10 20:00:00+00:00,2022-01-11 09:00,0.22,0.22,NORMAL,1.0,,2022-01,,,False,,,2022-01-11 09:00:00+00:00,False,False,1.0,3007.5,True,2022-01-10 20:00:00+00:00|LONG|TBX0|3082.5|75.0,3.0,False,0.7146666666666655,limit_retest,0.8438666666666662,-0.862533333333334,0.7,-0.862533333333334,False,False,False,,0.0,0.0,33.08785714285711,,,False,False,False,False,,clean_winner,0.4321185415586152,0.6756383432490256,0.6360653867547656,1.0796369927068623
ETHUSDT,15M,LONG,TBX0,3135.6896092279735,3204.8448847128566,47.79,6.18,0.13,2022-01-11 15:00:00+00:00,2022-01-12 07:15,0.13,-0.45,YELLOW,0.5,День перед CPI,2022-01,,,False,,True,2022-01-12 07:15:00+00:00,False,False,1.0,3087.8996092279735,True,2022-01-11 15:00:00+00:00|LONG|TBX0|3135.6896|47.79,0.0,True,0.4624316641132739,market_like,2.6568401500737884,-0.56789305771026,2.6568401500737884,-0.56789305771026,False,False,False,,0.0,0.0,20.202142857142753,,,False,False,False,False,,clean_winner,0.1971460202159876,0.5223454612889963,0.40722260590701836,1.0827463162798883
ETHUSDT,1H,LONG,TBX0,3306.76,3309.84,18.57,-1.88,-0.1,2022-01-14 19:00:00+00:00,2022-01-15 12:15,-0.1,-0.1,GREEN,1.25,День Retail Sales,2022-01,,,False,,,2022-01-15 12:15:00+00:00,False,False,1.0,3288.19,True,2022-01-14 19:00:00+00:00|LONG|TBX0|3306.76|18.57,1.0,False,0.8653742595584364,limit_retest,1.9316101238556753,-0.883683360258498,1.9316101238556753,-0.883683360258498,False,False,False,,0.0,0.0,15.77357142857139,,,False,False,False,False,,not_applicable,0.4321185415586152,0.6756383432490256,0.6360653867547656,1.0796369927068623
ETHUSDT,15M,LONG,TBX0,3331.1742421357876,3311.5100605425646,27.14,-16.11,-0.59,2022-01-16 06:45:00+00:00,2022-01-16 08:45,-0.59,-0.59,NORMAL,1.0,,2022-01,,,False,,,2022-01-16 08:45:00+00:00,False,False,1.0,3304.0342421357877,True,2022-01-16 06:45:00+00:00|LONG|TBX0|3331.1742|27.14,0.0,True,0.3284540212154528,market_like,0.26476631776759463,-0.7963980153201055,2.337721365667365,-2.2905026579140526,False,False,False,,0.0,0.0,8.699999999999948,,,False,False,False,False,,not_applicable,0.1971460202159876,0.5223454612889963,0.40722260590701836,1.0827463162798883
ETHUSDT,1H,SHORT,TBX0,3319.25,3350.5457,31.3,-29.74,-0.95,2022-01-16 19:00:00+00:00,2022-01-16 22:45,-0.95,-0.95,NORMAL,1.0,,2022-01,,,False,,,2022-01-16 22:45:00+00:00,False,False,-1.0,3350.55,True,2022-01-16 19:00:00+00:00|SHORT|TBX0|3319.25|31.3,3.0,False,0.8463258785942422,limit_retest,0.34440894568690733,-1.0335463258785913,2.688178913738015,-1.3345047923322677,True,False,True,15.0,0.0335463258785913,0.07847952591959184,13.379285714285677,2.688178913738015,,True,True,True,False,6.25,stop_hunt,0.4321185415586152,0.6756383432490256,0.6360653867547656,1.0796369927068623
ETHUSDT,15M,SHORT,TBX0,3333.6803746522937,3289.833218015955,25.06,43.85,1.75,2022-01-17 00:15:00+00:00,2022-01-17 07:00,1.75,1.75,NORMAL,1.0,,2022-01,,,False,,,2022-01-17 07:00:00+00:00,False,False,-1.0,3358.7403746522937,True,2022-01-17 00:15:00+00:00|SHORT|TBX0|3333.6804|25.06,0.0,True,0.6109188087672012,limit_retest,3.933374886364469,-0.6141111471550855,3.933374886364469,-0.6141111471550855,False,False,False,,0.0,0.0,10.45071428571438,,,False,False,False,False,,clean_winner,0.1971460202159876,0.5223454612889963,0.40722260590701836,1.0827463162798883
ETHUSDT,15M,SHORT,TBX0,3250.241767156822,3201.9640339875364,41.19,48.28,1.17,2022-01-17 08:30:00+00:00,2022-01-17 22:30,1.17,1.17,NORMAL,1.0,,2022-01,,,False,,,2022-01-17 22:30:00+00:00,False,False,-1.0,3291.431767156822,True,2022-01-17 08:30:00+00:00|SHORT|TBX0|3250.2418|41.19,0.0,True,0.21165896681665836,market_like,2.691715638670114,-0.7348442059523753,1.7249761387914986,-0.7348442059523753,False,False,False,,0.0,0.0,15.662857142857158,,,False,False,False,False,,clean_winner,0.1971460202159876,0.5223454612889963,0.40722260590701836,1.0827463162798883
ETHUSDT,15M,LONG,TBX0 (a) or TBX1,3124.51,3124.12,36.34,-0.39,-0.01,2022-01-20 02:30:00+00:00,2022-01-20 08:30,-0.01,-0.01,NORMAL,1.0,,2022-01,,,False,,,2022-01-20 08:30:00+00:00,False,False,1.0,3088.17,True,2022-01-20 02:30:00+00:00|LONG|TBX0 (a) or TBX1|3124.51|36.34,0.0,True,0.08668134287286985,market_like,0.7905888827737909,-0.34865162355531293,1.9746835443037907,-0.34865162355531293,False,False,False,,0.0,0.0,15.32571428571425,,,False,False,False,False,,not_applicable,0.1971460202159876,0.5223454612889963,0.40722260590701836,1.0827463162798883
ETHUSDT,15M,LONG,TBX0 (a) or TBX1,3140.23,3204.293925195017,27.14,64.06,2.36,2022-01-20 09:30:00+00:00,2022-01-20 18:45,2.36,2.36,NORMAL,1.0,,2022-01,,,False,,,2022-01-20 18:45:00+00:00,False,False,1.0,3113.09,True,2022-01-20 09:30:00+00:00|LONG|TBX0 (a) or TBX1|3140.23|27.14,0.0,True,0.5128960943257211,market_like,4.8640383198231305,-0.5976418570375756,4.8640383198231305,-0.5976418570375756,False,False,False,,0.0,0.0,11.197142857142873,,,False,False,False,False,,clean_winner,0.1971460202159876,0.5223454612889963,0.40722260590701836,1.0827463162798883
ETHUSDT,1H,LONG,TBX0,2347.38,2373.559031839405,133.0,26.18,0.2,2022-01-24 17:00:00+00:00,2022-01-25 04:45,0.2,0.2,NORMAL,1.0,,2022-01,,,False,,,2022-01-25 04:45:00+00:00,False,False,1.0,2214.38,True,2022-01-24 17:00:00+00:00|LONG|TBX0|2347.38|133.0,3.0,False,0.6616541353383458,limit_retest,0.9971428571428563,-1.023759398496243,0.9971428571428563,-1.023759398496243,True,False,True,1.0,0.02375939849624298,0.06894294752918755,45.83500000000007,0.9971428571428563,0.9971428571428563,True,False,False,False,3.5,winner_survived_stop_touch,0.4321185415586152,0.6756383432490256,0.6360653867547656,1.0796369927068623
ETHUSDT,15M,LONG,TBX0,2451.002677470844,2414.7226589761453,45.08,-27.94,-0.62,2022-01-25 23:15:00+00:00,2022-01-26 00:45,-0.62,-0.62,YELLOW,0.8,День перед FOMC,2022-01,,,False,,,2022-01-26 00:45:00+00:00,False,False,1.0,2405.922677470844,True,2022-01-25 23:15:00+00:00|LONG|TBX0|2451.0027|45.08,0.0,True,0.22854209118997723,market_like,0.42318816613034466,-0.8416743005954758,2.0465244571685055,-0.8416743005954758,False,False,False,,0.0,0.0,20.52857142857137,,,False,False,False,False,,not_applicable,0.1971460202159876,0.5223454612889963,0.40722260590701836,1.0827463162798883
ETHUSDT,15M,LONG,TBX0,2461.54,2454.1723205034996,56.9,-2.82,-0.05,2022-01-26 03:15:00+00:00,2022-01-26 06:30,-0.05,-0.05,NORMAL,1.0,,2022-01,,,False,,,2022-01-26 06:30:00+00:00,False,False,1.0,2404.64,True,2022-01-26 03:15:00+00:00|LONG|TBX0|2461.54|56.9,0.0,True,0.09314586994727912,market_like,0.6671353251318108,-0.17908611599297108,3.648154657293496,-0.32073813708260107,False,False,False,,0.0,0.0,16.906428571428574,,,False,False,False,False,,not_applicable,0.1971460202159876,0.5223454612889963,0.40722260590701836,1.0827463162798883
ETHUSDT,1H,SHORT,TBX0,2450.25,2486.6585925026206,43.82,-32.9,-0.75,2022-01-26 06:00:00+00:00,2022-01-26 08:15,-0.75,-0.75,NORMAL,1.0,,2022-01,,,False,,,2022-01-26 08:15:00+00:00,False,False,-1.0,2494.07,True,2022-01-26 06:00:00+00:00|SHORT|TBX0|2450.25|43.82,3.0,False,0.5449566408032886,limit_retest,0.15883158375171239,-0.8854404381560973,0.15883158375171239,-4.99475125513464,False,False,False,,0.0,0.0,15.039285714285759,,,False,False,False,False,,not_applicable,0.4321185415586152,0.6756383432490256,0.6360653867547656,1.0796369927068623
ETHUSDT,15M,SHORT,TBX0,2543.333422902654,2435.6225184773393,109.75,129.25,1.18,2022-01-26 20:00:00+00:00,2022-01-27 08:45,1.18,1.18,GREEN,1.2,FOMC после решения 18+ UTC,2022-01,,,False,,,2022-01-27 08:45:00+00:00,False,False,-1.0,2653.083422902654,True,2022-01-26 20:00:00+00:00|SHORT|TBX0|2543.3334|109.75,0.0,True,0.265663572640963,market_like,1.7471838077690585,-0.26584580498720844,1.7471838077690585,-0.26584580498720844,False,False,False,,0.0,0.0,44.090714285714284,,,False,False,False,False,,clean_winner,0.1971460202159876,0.5223454612889963,0.40722260590701836,1.0827463162798883
ETHUSDT,1H,LONG,TBX7A,2454.67,2455.6866115497974,21.14,1.22,0.05,2022-01-27 11:00:00+00:00,2022-01-27 16:00,0.05,0.05,GREEN,1.2,FOMC+1 (день после решения),2022-01,,,False,,,2022-01-27 16:00:00+00:00,False,False,1.0,2433.53,True,2022-01-27 11:00:00+00:00|LONG|TBX7A|2454.67|21.14,2.0,False,1.5000000000000018,limit_retest,3.0903500473036862,-1.5676442762535416,3.0903500473036862,-6.638599810785248,True,False,True,0.0,0.5676442762535416,0.6942722539052765,17.28428571428565,3.0903500473036862,,True,True,True,False,3.5,winner_survived_stop_touch,0.4321185415586152,0.6756383432490256,0.6360653867547656,1.0796369927068623
ETHUSDT,1H,LONG,TBX0,2442.15,2523.87,60.18,100.77,1.67,2022-01-28 15:00:00+00:00,2022-01-29 05:30,1.67,1.67,NORMAL,1.0,,2022-01,,,False,,,2022-01-29 05:30:00+00:00,False,False,1.0,2381.9700000000003,True,2022-01-28 15:00:00+00:00|LONG|TBX0|2442.15|60.18,3.0,False,0.8034230641409091,limit_retest,2.390329012961115,-0.9052841475573283,2.390329012961115,-0.9052841475573283,False,False,False,,0.0,0.0,26.285000000000018,,,False,False,False,False,,clean_winner,0.4321185415586152,0.6756383432490256,0.6360653867547656,1.0796369927068623
ETHUSDT,1H,LONG,TBX7B,2619.36,2733.34,29.84,113.98,3.82,2022-01-31 15:00:00+00:00,2022-02-01 09:45,3.82,3.82,NORMAL,1.0,,2022-01,,,False,,,2022-02-01 09:45:00+00:00,False,False,1.0,2589.52,True,2022-01-31 15:00:00+00:00|LONG|TBX7B|2619.36|29.84,1.0,False,1.1132707774799013,limit_retest,5.88605898123324,-1.2875335120643456,3.372654155495974,-1.2875335120643456,True,False,True,0.0,0.28753351206434563,0.36358133058902314,23.59857142857134,4.220844504021442,4.220844504021442,True,True,True,False,12.0,winner_survived_stop_touch,0.4321185415586152,0.6756383432490256,0.6360653867547656,1.0796369927068623
ETHUSDT,15M,LONG,TBX7B,2798.211813854376,2758.3829772065656,62.25,-11.39,-0.18,2022-02-01 16:45:00+00:00,2022-02-02 00:30,-0.18,-0.18,NORMAL,1.0,,2022-02,,,False,,,2022-02-02 00:30:00+00:00,False,False,1.0,2735.961813854376,True,2022-02-01 16:45:00+00:00|LONG|TBX7B|2798.2118|62.25,0.0,True,0.2870974113152753,market_like,0.23659736780118912,-0.7992259253715019,0.23659736780118912,-0.9476596603112648,False,False,False,,0.0,0.0,28.647857142857188,,,False,False,False,False,,not_applicable,0.1971460202159876,0.5223454612889963,0.40722260590701836,1.0827463162798883
ETHUSDT,1H,LONG,TBX0 (a),2795.57,2796.5597823763064,29.36,0.99,0.05,2022-02-04 06:00:00+00:00,2022-02-04 13:30,0.05,0.05,NORMAL,1.0,,2022-02,,,False,,,2022-02-04 13:30:00+00:00,False,False,1.0,2766.21,True,2022-02-04 06:00:00+00:00|LONG|TBX0 (a)|2795.57|29.36,0.0,True,0.9104223433242513,market_like,2.633514986376012,-0.9148501362397864,5.770776566757488,-1.1151226158038228,False,False,False,,0.0,0.0,18.52214285714282,,,False,False,False,False,,clean_winner,0.4321185415586152,0.6756383432490256,0.6360653867547656,1.0796369927068623
ETHUSDT,1H,LONG,TBX7B,2870.99,2987.2092522014614,58.07,83.51,1.44,2022-02-04 15:00:00+00:00,2022-02-05 08:30,1.44,1.44,NORMAL,1.0,,2022-02,,,False,,,2022-02-05 08:30:00+00:00,False,False,1.0,2812.9199999999996,True,2022-02-04 15:00:00+00:00|LONG|TBX7B|2870.99|58.07,0.0,True,0.7723437230928174,market_like,2.857413466505946,-0.8345100740485548,2.562596865851565,-0.8345100740485548,False,False,False,,0.0,0.0,24.782142857142812,,,False,False,False,False,,clean_winner,0.4321185415586152,0.6756383432490256,0.6360653867547656,1.0796369927068623
ETHUSDT,15M,LONG,TBX7B,3081.3144432993995,3143.020063701039,23.5,18.54,0.79,2022-02-07 12:45:00+00:00,2022-02-07 20:45,0.79,0.79,NORMAL,1.0,,2022-02,,,False,,,2022-02-07 20:45:00+00:00,False,False,1.0,3057.8144432993995,True,2022-02-07 12:45:00+00:00|LONG|TBX7B|3081.3144|23.5,0.0,True,0.29040184252764756,market_like,4.454279008536182,-0.6014656723148792,4.454279008536182,-0.6014656723148792,False,False,False,,0.0,0.0,12.64499999999995,,,False,False,False,False,,clean_winner,0.1971460202159876,0.5223454612889963,0.40722260590701836,1.0827463162798883
ETHUSDT,1H,LONG,TBX7A,2935.67,2926.67,9.0,-8.73,-0.97,2022-02-14 13:00:00+00:00,2022-02-14 15:30,-0.97,-0.97,NORMAL,1.0,,2022-02,,,False,,,2022-02-14 15:30:00+00:00,False,False,1.0,2926.67,True,2022-02-14 13:00:00+00:00|LONG|TBX7A|2935.67|9.0,0.0,True,1.037777777777794,market_like,3.1966666666666645,-2.1511111111111254,3.1966666666666645,-8.95222222222224,True,True,False,0.0,1.1511111111111254,0.665412671468561,15.569285714285668,3.1966666666666645,,True,True,True,False,1.25,hopeless,0.4321185415586152,0.6756383432490256,0.6360653867547656,1.0796369927068623
ETHUSDT,15M,LONG,TBX7A,2926.9701263494344,3100.6797839238234,61.46,166.43,2.71,2022-02-14 22:00:00+00:00,2022-02-15 17:15,2.71,2.71,NORMAL,1.0,,2022-02,,,False,,,2022-02-15 17:15:00+00:00,False,False,1.0,2865.5101263494344,True,2022-02-14 22:00:00+00:00|LONG|TBX7A|2926.9701|61.46,0.0,True,0.23299912706531573,market_like,3.693294397178094,-0.2460157232254228,2.765861920770674,-0.2460157232254228,False,False,False,,0.0,0.0,22.098571428571535,,,False,False,False,False,,clean_winner,0.1971460202159876,0.5223454612889963,0.40722260590701836,1.0827463162798883
ETHUSDT,15M,LONG,TBX0,2642.952016644515,2593.76,49.19,-14.02,-0.29,2022-02-22 20:00:00+00:00,2022-02-22 20:30,-0.29,-0.29,NORMAL,1.0,,2022-02,,,False,,,2022-02-22 20:30:00+00:00,False,False,1.0,2593.762016644515,True,2022-02-22 20:00:00+00:00|LONG|TBX0|2642.952|49.19,0.0,True,0.22630649816049617,market_like,0.031062885860643392,-1.0390733206854,1.1048583727482255,-1.091116418876088,True,False,True,2.0,0.039073320685399926,0.08509070304274607,22.58785714285708,1.5866636177167115,,True,True,False,False,11.75,stop_hunt,0.1971460202159876,0.5223454612889963,0.40722260590701836,1.0827463162798883
ETHUSDT,1H,LONG,TBX0,2434.81,2585.23,76.66,150.42,1.96,2022-02-24 14:00:00+00:00,2022-02-25 05:00,1.96,1.96,NORMAL,1.0,,2022-02,,,False,,,2022-02-25 05:00:00+00:00,False,False,1.0,2358.15,True,2022-02-24 14:00:00+00:00|LONG|TBX0|2434.81|76.66,2.0,False,0.5798330289590375,limit_retest,4.468040699191234,-0.7975476128358971,4.468040699191234,-0.7975476128358971,False,False,False,,0.0,0.0,25.3321428571428,,,False,False,False,False,,clean_winner,0.4321185415586152,0.6756383432490256,0.6360653867547656,1.0796369927068623
ETHUSDT,15M,LONG,TBX0,2634.51435184452,2590.51,44.0,-40.48,-0.92,2022-02-25 06:15:00+00:00,2022-02-25 09:00,-0.92,-0.92,NORMAL,1.0,,2022-02,,,False,,,2022-02-25 09:00:00+00:00,False,False,1.0,2590.51435184452,True,2022-02-25 06:15:00+00:00|LONG|TBX0|2634.5144|44.0,0.0,True,0.3455534510118241,market_like,0.2571738217154482,-1.0805534510118273,2.56490109444272,-1.4280534510118266,True,False,True,11.0,0.08055345101182732,0.17824248652353075,19.88499999999996,2.56490109444272,,True,True,True,False,7.0,stop_hunt,0.1971460202159876,0.5223454612889963,0.40722260590701836,1.0827463162798883
ETHUSDT,15M,LONG,TBX0,2625.1353367469646,2760.4235901255965,49.02,81.86,1.67,2022-02-25 09:45:00+00:00,2022-02-26 08:45,1.67,1.67,NORMAL,1.0,,2022-02,,,False,,,2022-02-26 08:45:00+00:00,False,False,1.0,2576.1153367469647,True,2022-02-25 09:45:00+00:00|LONG|TBX0|2625.1353|49.02,0.0,True,0.6794234342506061,market_like,5.239997210384238,-0.7761186606887901,2.4935671818244645,-0.7761186606887901,False,False,False,,0.0,0.0,20.430714285714235,,,False,False,False,False,,clean_winner,0.1971460202159876,0.5223454612889963,0.40722260590701836,1.0827463162798883
ETHUSDT,15M,LONG,TBX7B,2807.5236450944494,2752.67,54.85,-15.63,-0.29,2022-02-27 15:15:00+00:00,2022-02-27 18:00,-0.29,-0.29,NORMAL,1.0,,2022-02,,,False,,,2022-02-27 18:00:00+00:00,False,False,1.0,2752.6736450944495,True,2022-02-27 15:15:00+00:00|LONG|TBX7B|2807.5236|54.85,0.0,True,0.8410874219589708,market_like,0.229286324622616,-1.4133754802998983,0.229286324622616,-4.627960712752043,True,True,False,11.0,0.41337548029989835,0.7337409997741468,30.901428571428628,-0.7229470390966186,,True,False,False,False,0.25,hopeless,0.1971460202159876,0.5223454612889963,0.40722260590701836,1.0827463162798883
ETHUSDT,15M,LONG,TBX7B,2976.192078568284,2933.602212045116,46.89,-12.36,-0.26,2022-03-01 20:30:00+00:00,2022-03-02 00:30,-0.26,-0.26,NORMAL,1.0,,2022-03,,,False,,,2022-03-02 00:30:00+00:00,False,False,1.0,2929.3020785682843,True,2022-03-01 20:30:00+00:00|LONG|TBX7B|2976.1921|46.89,0.0,True,0.3468133625140611,market_like,0.11447902392228163,-1.1555145781250573,1.4985694483198098,-1.3485194832220968,True,False,True,16.0,0.1555145781250573,0.3610961373655036,20.1942857142857,1.4985694483198098,-0.3824286322943899,True,True,False,False,3.5,stop_hunt,0.1971460202159876,0.5223454612889963,0.40722260590701836,1.0827463162798883
ETHUSDT,15M,LONG,TBX7B,2989.7090822263845,2935.71,54.0,-15.71,-0.29,2022-03-02 14:30:00+00:00,2022-03-02 18:30,-0.29,-0.29,NORMAL,1.0,,2022-03,,,False,,,2022-03-02 18:30:00+00:00,False,False,1.0,2935.7090822263845,True,2022-03-02 14:30:00+00:00|LONG|TBX7B|2989.7091|54.0,0.0,True,0.5499830041923006,market_like,0.8570540328447284,-1.1242422634515639,0.8570540328447284,-1.4110941153034118,True,True,False,16.0,0.12424226345156386,0.22224440094026088,30.187857142857087,-0.03164967085897135,,True,False,False,False,3.5,hopeless,0.1971460202159876,0.5223454612889963,0.40722260590701836,1.0827463162798883
ETHUSDT,15M,SHORT,TBX7B,2611.470523725751,2562.1542491562523,25.48,11.34,0.44,2022-03-06 23:00:00+00:00,2022-03-07 12:15,0.44,0.44,NORMAL,1.0,,2022-03,,,False,,,2022-03-07 12:15:00+00:00,False,False,-1.0,2636.950523725751,True,2022-03-06 23:00:00+00:00|SHORT|TBX7B|2611.4705|25.48,0.0,True,0.6585351755984769,limit_retest,5.081653207447057,-0.8009998537774451,5.081653207447057,-0.8009998537774451,False,False,False,,0.0,0.0,15.837142857142876,,,False,False,False,False,,clean_winner,0.1971460202159876,0.5223454612889963,0.40722260590701836,1.0827463162798883
ETHUSDT,1H,LONG,TBX0,2558.29,2552.8536525264994,23.94,-4.72,-0.2,2022-03-07 12:00:00+00:00,2022-03-07 18:00,-0.2,-0.2,NORMAL,1.0,,2022-03,,,False,,,2022-03-07 18:00:00+00:00,False,False,1.0,2534.35,True,2022-03-07 12:00:00+00:00|LONG|TBX0|2558.29|23.94,1.0,False,0.8955722639933189,limit_retest,3.8308270676691745,-1.2802840434419418,3.8308270676691745,-5.291144527986636,True,True,False,24.0,0.2802840434419418,0.5963687150838084,11.251428571428537,0.5847953216374269,,True,False,False,False,8.75,ambiguous_stop,0.4321185415586152,0.6756383432490256,0.6360653867547656,1.0796369927068623
ETHUSDT,1H,SHORT,TBX7B,2521.46,2523.7247352691566,45.51,-0.89,-0.02,2022-03-07 18:00:00+00:00,2022-03-07 23:30,-0.02,-0.02,NORMAL,1.0,,2022-03,,,False,,,2022-03-07 23:30:00+00:00,False,False,-1.0,2566.9700000000003,True,2022-03-07 18:00:00+00:00|SHORT|TBX7B|2521.46|45.51,2.0,False,1.0518567347835617,limit_retest,1.9740716326082213,-1.0520764667106155,1.9740716326082213,-1.1168973851900665,True,False,True,0.0,0.0520764667106155,0.11459952336545984,20.680714285714267,1.9740716326082213,1.9740716326082213,True,True,False,False,1.5,stop_hunt,0.4321185415586152,0.6756383432490256,0.6360653867547656,1.0796369927068623
ETHUSDT,15M,SHORT,TBX7B,2518.3612840761075,2535.021777419014,33.43,-10.87,-0.33,2022-03-08 05:30:00+00:00,2022-03-08 07:30,-0.33,-0.33,NORMAL,1.0,,2022-03,,,False,,,2022-03-08 07:30:00+00:00,False,False,-1.0,2551.7912840761073,True,2022-03-08 05:30:00+00:00|SHORT|TBX7B|2518.3613|33.43,0.0,True,0.19379945928485345,market_like,0.7388957246816524,-0.7792017925184672,0.7388957246816524,-2.71129871145356,False,False,False,,0.0,0.0,16.575000000000014,,,False,False,False,False,,not_applicable,0.1971460202159876,0.5223454612889963,0.40722260590701836,1.0827463162798883
ETHUSDT,1H,SHORT,TBX0,2726.9,2748.3768,21.48,-10.42,-0.48,2022-03-09 13:00:00+00:00,2022-03-09 15:30,-0.48,-0.48,YELLOW,0.5,День перед CPI,2022-03,,,False,,,2022-03-09 15:30:00+00:00,False,False,-1.0,2748.38,True,2022-03-09 13:00:00+00:00|SHORT|TBX0|2726.9|21.48,2.0,False,0.5721601489757897,limit_retest,0.7597765363128568,-1.8202979515828634,2.307728119180641,-1.8202979515828634,True,True,False,10.0,0.8202979515828634,1.2327220028983903,14.293571428571536,3.4869646182495386,,True,True,True,False,10.25,hopeless,0.4321185415586152,0.6756383432490256,0.6360653867547656,1.0796369927068623
ETHUSDT,1H,LONG,TBX7B,2756.58,2734.987944286243,21.59,-10.47,-0.49,2022-03-09 15:00:00+00:00,2022-03-09 17:15,-0.49,-0.49,YELLOW,0.5,День перед CPI,2022-03,,,False,,,2022-03-09 17:15:00+00:00,False,False,1.0,2734.99,True,2022-03-09 15:00:00+00:00|LONG|TBX7B|2756.58|21.59,2.0,False,0.8957850856878252,limit_retest,0.43631310792033684,-1.1347846225104214,0.43631310792033684,-4.843909217230196,True,False,True,0.0,0.13478462251042145,0.17600552987428117,16.53357142857148,0.43631310792033684,,True,False,False,False,0.5,ambiguous_stop,0.4321185415586152,0.6756383432490256,0.6360653867547656,1.0796369927068623
ETHUSDT,1H,SHORT,TBX0,2710.1,2717.91,35.44,-3.9,-0.11,2022-03-09 18:00:00+00:00,2022-03-09 22:15,-0.11,-0.11,YELLOW,0.5,День перед CPI,2022-03,,,False,,,2022-03-09 22:15:00+00:00,False,False,-1.0,2745.54,True,2022-03-09 18:00:00+00:00|SHORT|TBX0|2710.1|35.44,2.0,False,0.9294582392776539,limit_retest,0.9246613995485323,-0.9596501128668233,3.953160270880359,-0.9596501128668233,False,False,False,,0.0,0.0,13.710714285714273,,,False,False,False,False,,not_applicable,0.4321185415586152,0.6756383432490256,0.6360653867547656,1.0796369927068623
ETHUSDT,15M,SHORT,TBX0,2693.164793386945,2608.63,34.29,84.53,2.47,2022-03-10 01:30:00+00:00,2022-03-10 12:15,2.47,2.47,NORMAL,1.0,,2022-03,,,False,,,2022-03-10 12:15:00+00:00,False,False,-1.0,2727.454793386945,True,2022-03-10 01:30:00+00:00|SHORT|TBX0|2693.1648|34.29,0.0,True,0.8222574107044396,limit_retest,3.591857491599443,-0.8823332345597894,3.591857491599443,-0.8823332345597894,False,False,False,,0.0,0.0,14.63357142857142,,,False,False,False,False,,clean_winner,0.1971460202159876,0.5223454612889963,0.40722260590701836,1.0827463162798883
ETHUSDT,15M,SHORT,TBX0,2581.9433311135394,2602.52,28.25,-24.7,-0.88,2022-03-10 13:30:00+00:00,2022-03-10 15:00,-0.88,-0.88,GREEN,1.2,CPI после 12:00 UTC,2022-03,,,False,,,2022-03-10 15:00:00+00:00,False,False,-1.0,2610.1933311135394,True,2022-03-10 13:30:00+00:00|SHORT|TBX0|2581.9433|28.25,0.0,True,0.6795281021755905,limit_retest,1.2429497739306024,-2.2894396066003697,1.2429497739306024,-2.2894396066003697,True,False,True,0.0,1.2894396066003697,2.0640845283136193,17.647857142857156,1.045073667735907,1.045073667735907,True,True,False,False,0.25,hopeless,0.1971460202159876,0.5223454612889963,0.40722260590701836,1.0827463162798883
ETHUSDT,15M,SHORT,TBX0,2590.614315695124,2616.26,25.65,-8.49,-0.33,2022-03-10 22:00:00+00:00,2022-03-10 23:00,-0.33,-0.33,GREEN,1.2,CPI после 12:00 UTC,2022-03,,,False,,,2022-03-10 23:00:00+00:00,False,False,-1.0,2616.264315695124,True,2022-03-10 22:00:00+00:00|SHORT|TBX0|2590.6143|25.65,0.0,True,0.4509038715351251,limit_retest,0.02317020253894332,-1.0208843783577506,2.7335015865545373,-1.1066543588645663,True,False,True,4.0,0.020884378357750588,0.051247644309609645,10.452857142857088,2.7335015865545373,2.7335015865545373,True,True,True,False,4.0,stop_hunt,0.1971460202159876,0.5223454612889963,0.40722260590701836,1.0827463162798883
ETHUSDT,15M,SHORT,TBX0,2580.4394469967015,2579.5578723360045,36.23,-23.84,-0.66,2022-03-11 01:00:00+00:00,2022-03-11 06:15,-0.66,-0.66,NORMAL,1.0,,2022-03,,,False,,,2022-03-11 06:15:00+00:00,False,False,-1.0,2616.6694469967015,True,2022-03-11 01:00:00+00:00|SHORT|TBX0|2580.4394|36.23,0.0,True,0.3406169749737438,market_like,1.6544147666768276,-0.41127664927680607,1.6544147666768276,-2.643128705583725,False,False,False,,0.0,0.0,12.515000000000002,,,False,False,False,False,,not_applicable,0.1971460202159876,0.5223454612889963,0.40722260590701836,1.0827463162798883
ETHUSDT,1H,SHORT,TBX7A,2579.43,2583.732200952923,19.71,-4.3,-0.2,2022-03-11 15:00:00+00:00,2022-03-11 21:15,-0.2,-0.2,NORMAL,1.0,,2022-03,,,False,,,2022-03-11 21:15:00+00:00,False,False,-1.0,2599.14,True,2022-03-11 15:00:00+00:00|SHORT|TBX7A|2579.43|19.71,1.0,False,1.5002536783358784,limit_retest,2.7143581938102486,-1.5002536783358784,2.7143581938102486,-1.5002536783358784,True,False,True,0.0,0.5002536783358784,0.4390585241730358,22.45714285714283,2.7143581938102486,2.7143581938102486,True,True,True,False,5.75,ambiguous_stop,0.4321185415586152,0.6756383432490256,0.6360653867547656,1.0796369927068623
ETHUSDT,15M,SHORT,TBX7A,2578.5622292928965,2582.997051105026,8.91,-4.17,-0.47,2022-03-13 08:00:00+00:00,2022-03-13 10:00,-0.47,-0.47,NORMAL,1.0,,2022-03,,,False,,,2022-03-13 10:00:00+00:00,False,False,-1.0,2587.4722292928964,True,2022-03-13 08:00:00+00:00|SHORT|TBX7A|2578.5622|8.91,0.0,True,0.21299334535393022,market_like,1.1079943089670554,-0.7012088335694082,5.225839426812179,-1.8448676438948912,False,False,False,,0.0,0.0,5.166428571428631,,,False,False,False,False,,not_applicable,0.1971460202159876,0.5223454612889963,0.40722260590701836,1.0827463162798883
ETHUSDT,15M,SHORT,TBX7A,2574.0394066403423,2579.230783429884,16.89,-5.19,-0.31,2022-03-13 11:30:00+00:00,2022-03-13 15:00,-0.31,-0.31,NORMAL,1.0,,2022-03,,,False,,,2022-03-13 15:00:00+00:00,False,False,-1.0,2590.929406640342,True,2022-03-13 11:30:00+00:00|SHORT|TBX7A|2574.0394|16.89,0.0,True,0.6151920283989039,limit_retest,2.4890116424122173,-0.6163761610217565,4.96088849261944,-0.9449729638636856,False,False,False,,0.0,0.0,7.049285714285751,,,False,False,False,False,,not_applicable,0.1971460202159876,0.5223454612889963,0.40722260590701836,1.0827463162798883
ETHUSDT,1H,LONG,TBX0,2569.72,2573.38,39.99,3.66,0.09,2022-03-14 04:00:00+00:00,2022-03-14 12:00,0.09,0.09,NORMAL,1.0,,2022-03,,,False,,,2022-03-14 12:00:00+00:00,False,False,1.0,2529.73,True,2022-03-14 04:00:00+00:00|LONG|TBX0|2569.72|39.99,0.0,True,0.9227306826706585,market_like,0.9902475618904817,-0.9627406851712927,0.9902475618904817,-0.9627406851712927,False,False,False,,0.0,0.0,14.022857142857188,,,False,False,False,False,,clean_winner,0.4321185415586152,0.6756383432490256,0.6360653867547656,1.0796369927068623
ETHUSDT,15M,LONG,TBX0,2584.6427099674274,2570.4474014053862,14.8,-14.06,-0.95,2022-03-14 14:00:00+00:00,2022-03-14 15:30,-0.95,-0.95,NORMAL,1.0,,2022-03,,,False,,,2022-03-14 15:30:00+00:00,False,False,1.0,2569.8427099674273,True,2022-03-14 14:00:00+00:00|LONG|TBX0|2584.6427|14.8,0.0,True,0.49612905185319284,market_like,0.5153574346332801,-1.0420749977991646,1.237654731930581,-4.835318241042399,True,False,True,6.0,0.04207499779916457,0.05297083208158268,11.755714285714314,1.237654731930581,,True,True,False,False,9.25,stop_hunt,0.1971460202159876,0.5223454612889963,0.40722260590701836,1.0827463162798883
ETHUSDT,1H,LONG,TBX7A,2588.96,2576.34,12.62,-12.24,-0.97,2022-03-14 23:00:00+00:00,2022-03-15 00:15,-0.97,-0.97,NORMAL,1.0,,2022-03,,,False,,,2022-03-15 00:15:00+00:00,False,False,1.0,2576.34,True,2022-03-14 23:00:00+00:00|LONG|TBX7A|2588.96|12.62,0.0,True,1.4999999999999871,market_like,0.7377179080824046,-1.5007923930269458,1.109350237717908,-6.692551505546755,True,False,True,0.0,0.5007923930269458,0.4382367508667714,14.421428571428512,1.109350237717908,0.7377179080824046,True,True,False,False,1.75,ambiguous_stop,0.4321185415586152,0.6756383432490256,0.6360653867547656,1.0796369927068623
ETHUSDT,15M,SHORT,TBX7B,2529.208992542467,2545.58,16.37,-5.14,-0.31,2022-03-15 13:30:00+00:00,2022-03-15 14:15,-0.31,-0.31,YELLOW,0.6,PPI день 09-16 UTC,2022-03,,,False,,,2022-03-15 14:15:00+00:00,False,False,-1.0,2545.578992542467,True,2022-03-15 13:30:00+00:00|SHORT|TBX7B|2529.209|16.37,0.0,True,0.3574225691834384,limit_retest,0.6706776140786218,-1.5223584274607849,0.6706776140786218,-8.52724541585419,True,True,False,3.0,0.5223584274607849,0.9295295007800471,9.199285714285745,-1.4350035099286964,,False,False,False,False,0.25,hopeless,0.1971460202159876,0.5223454612889963,0.40722260590701836,1.0827463162798883
ETHUSDT,1H,LONG,TBX7A,2598.25,2614.69,9.0,13.15,-0.8,2022-03-15 17:00:00+00:00,2022-03-15 21:00,-0.8,-0.8,YELLOW,0.8,День перед FOMC,2022-03,,,False,,,2022-03-15 21:00:00+00:00,False,False,1.0,2589.25,True,2022-03-15 17:00:00+00:00|LONG|TBX7A|2598.25|9.0,0.0,True,-0.3611111111111111,limit_retest,7.838888888888909,-2.016666666666677,15.627777777777787,-2.016666666666677,True,True,False,0.0,1.0166666666666768,0.5058842113577172,18.087142857142876,15.627777777777787,,True,True,True,True,9.0,hopeless,0.4321185415586152,0.6756383432490256,0.6360653867547656,1.0796369927068623
ETHUSDT,15M,LONG,TBX7A,2652.1853410173426,2635.105325279096,37.67,-55.04,-1.46,2022-03-16 02:00:00+00:00,2022-03-16 03:00,-1.46,-1.46,GREEN,1.25,День Retail Sales,2022-03,,,False,,,2022-03-16 03:00:00+00:00,False,False,1.0,2614.5153410173425,True,2022-03-16 02:00:00+00:00|LONG|TBX7A|2652.1853|37.67,0.0,True,0.2722415985490508,market_like,2.301955375170096,-0.889974542536308,2.301955375170096,-1.252597319281725,False,False,False,,0.0,0.0,19.90071428571436,,,False,False,False,False,,ambiguous_stop,0.1971460202159876,0.5223454612889963,0.40722260590701836,1.0827463162798883
ETHUSDT,15M,LONG,TBX7A,2707.3375963758867,2752.9930885141057,47.84,-9.39,-0.2,2022-03-16 19:15:00+00:00,2022-03-17 10:00,-0.2,-0.2,GREEN,1.2,FOMC после решения 18+ UTC,2022-03,,,False,,,2022-03-17 10:00:00+00:00,False,False,1.0,2659.4975963758866,True,2022-03-16 19:15:00+00:00|LONG|TBX7A|2707.3376|47.84,0.0,True,0.22235778377690038,market_like,1.724966630938825,-0.2946821984926202,1.724966630938825,-0.2946821984926202,False,False,False,,0.0,0.0,30.32357142857141,,,False,False,False,False,,not_applicable,0.1971460202159876,0.5223454612889963,0.40722260590701836,1.0827463162798883
ETHUSDT,15M,LONG,TBX7A,2774.845820962757,2792.4376982383073,22.91,21.11,0.92,2022-03-17 10:30:00+00:00,2022-03-17 16:45,0.92,0.92,GREEN,1.2,FOMC+1 (день после решения),2022-03,,,False,,,2022-03-17 16:45:00+00:00,False,False,1.0,2751.935820962757,True,2022-03-17 10:30:00+00:00|LONG|TBX7A|2774.8458|22.91,0.0,True,0.6999485361308181,market_like,2.80026970917691,-0.871925838618817,2.80026970917691,-0.871925838618817,False,False,False,,0.0,0.0,10.723571428571404,,,False,False,False,False,,clean_winner,0.1971460202159876,0.5223454612889963,0.40722260590701836,1.0827463162798883
ETHUSDT,15M,SHORT,TBX4,2784.06,2805.52257518816,30.0,-19.96,-0.67,2022-03-18 11:15:00+00:00,2022-03-18 12:00,-0.67,-0.67,NORMAL,1.0,,2022-03,,,False,,,2022-03-18 12:00:00+00:00,False,False,-1.0,2814.06,True,2022-03-18 11:15:00+00:00|SHORT|TBX4|2784.06|30.0,0.0,True,0.21566666666667517,market_like,0.15466666666666243,-0.7636666666666618,0.15466666666666243,-6.688666666666662,False,False,False,,0.0,0.0,12.886428571428528,,,False,False,False,False,,not_applicable,0.1971460202159876,0.5223454612889963,0.40722260590701836,1.0827463162798883
ETHUSDT,1H,LONG,TBX0 (a),2954.13,2913.04,41.09,-37.8,-0.92,2022-03-21 15:00:00+00:00,2022-03-21 16:45,-0.92,-0.92,NORMAL,1.0,,2022-03,,,False,,,2022-03-21 16:45:00+00:00,False,False,1.0,2913.04,True,2022-03-21 15:00:00+00:00|LONG|TBX0 (a)|2954.13|41.09,2.0,False,0.7454368459479218,limit_retest,0.14285714285714018,-1.247748844000973,0.576295935750787,-1.7739109272329112,True,True,False,7.0,0.24774884400097297,0.522051282051281,19.5,2.476758335361401,,True,True,True,False,11.5,stop_hunt,0.4321185415586152,0.6756383432490256,0.6360653867547656,1.0796369927068623
ETHUSDT,15M,LONG,TBX0 (a),2991.878791784013,2973.61814656242,72.55,-36.91,-0.51,2022-03-22 03:15:00+00:00,2022-03-22 06:00,-0.51,-0.51,NORMAL,1.0,,2022-03,,,False,,,2022-03-22 06:00:00+00:00,False,False,1.0,2919.328791784013,True,2022-03-22 03:15:00+00:00|LONG|TBX0 (a)|2991.8788|72.55,0.0,True,0.22934240915249335,market_like,0.8824425667262152,-0.38427004526551584,0.8824425667262152,-0.38427004526551584,False,False,False,,0.0,0.0,20.653571428571468,,,False,False,False,False,,not_applicable,0.1971460202159876,0.5223454612889963,0.40722260590701836,1.0827463162798883
ETHUSDT,15M,LONG,TBX0 (a),3008.52,2994.43,25.97,-14.09,-0.81,2022-03-22 21:15:00+00:00,2022-03-22 22:30,-0.81,-0.81,NORMAL,1.0,,2022-03,,,False,,,2022-03-22 22:30:00+00:00,False,False,1.0,2982.55,True,2022-03-22 21:15:00+00:00|LONG|TBX0 (a)|3008.52|25.97,0.0,True,0.09164420485175623,market_like,0.2495186753946869,-0.6137851366961901,0.2495186753946869,-3.58144012321909,False,False,False,,0.0,0.0,11.265714285714173,,,False,False,False,False,,not_applicable,0.1971460202159876,0.5223454612889963,0.40722260590701836,1.0827463162798883
ETHUSDT,15M,LONG,TBX7B,3071.620917488588,3106.6082312319113,62.85,13.84,0.22,2022-03-24 14:45:00+00:00,2022-03-25 08:00,0.22,0.22,NORMAL,1.0,,2022-03,,,False,,,2022-03-25 08:00:00+00:00,False,False,1.0,3008.770917488588,True,2022-03-24 14:45:00+00:00|LONG|TBX7B|3071.6209|62.85,0.0,True,0.5973097452440428,market_like,1.3266361576994745,-0.6191076768271755,1.3266361576994745,-0.6191076768271755,False,False,False,,0.0,0.0,18.20285714285712,,,False,False,False,False,,clean_winner,0.1971460202159876,0.5223454612889963,0.40722260590701836,1.0827463162798883
ETHUSDT,15M,SHORT,TBX0,3244.813184665717,3247.2535033202766,17.35,-1.92,-0.11,2022-04-10 05:15:00+00:00,2022-04-10 11:15,-0.11,-0.11,NORMAL,1.0,,2022-04,,,False,,,2022-04-10 11:15:00+00:00,False,False,-1.0,3262.163184665717,True,2022-04-10 05:15:00+00:00|SHORT|TBX0|3244.8132|17.35,0.0,True,0.41480203655810954,limit_retest,0.7385120844793669,-0.5952054947713461,0.8180509893785086,-2.546790509180575,False,False,False,,0.0,0.0,6.214999999999983,,,False,False,False,False,,not_applicable,0.1971460202159876,0.5223454612889963,0.40722260590701836,1.0827463162798883
ETHUSDT,15M,SHORT,TBX0,3239.0439564655526,3254.9177327963716,17.46,-14.77,-0.85,2022-04-10 12:45:00+00:00,2022-04-10 15:30,-0.85,-0.85,NORMAL,1.0,,2022-04,,,False,,,2022-04-10 15:30:00+00:00,False,False,-1.0,3256.5039564655526,True,2022-04-10 12:45:00+00:00|SHORT|TBX0|3239.044|17.46,0.0,True,0.5461651508847276,limit_retest,0.48247173342226185,-1.0003461359935644,3.8060685260912046,-3.9041262047220764,True,False,True,11.0,0.0003461359935643671,0.0006990208382920873,8.64571428571425,5.042609190466929,,True,True,True,True,11.5,stop_hunt,0.1971460202159876,0.5223454612889963,0.40722260590701836,1.0827463162798883
ETHUSDT,1H,SHORT,TBX7A,3220.58,3035.18,32.18,185.4,5.38,2022-04-10 22:00:00+00:00,2022-04-11 18:45,5.38,5.38,NORMAL,1.0,,2022-04,,,False,,,2022-04-11 18:45:00+00:00,False,False,-1.0,3252.7599999999998,True,2022-04-10 22:00:00+00:00|SHORT|TBX7A|3220.58|32.18,2.0,False,1.4999999999999996,limit_retest,7.6786824114356715,-1.7613424487259257,4.679303915475448,-1.7613424487259257,True,True,False,0.0,0.7613424487259257,2.6838810641627817,9.128571428571442,5.238657551274081,,True,True,True,True,12.0,winner_survived_stop_touch,0.4321185415586152,0.6756383432490256,0.6360653867547656,1.0796369927068623
ETHUSDT,15M,SHORT,TBX0 (a) or TBX1,3014.99,3036.3006453755092,30.53,-20.39,-0.67,2022-04-15 07:00:00+00:00,2022-04-15 07:45,-0.67,-0.67,NORMAL,1.0,,2022-04,,,False,,,2022-04-15 07:45:00+00:00,False,False,-1.0,3045.52,True,2022-04-15 07:00:00+00:00|SHORT|TBX0 (a) or TBX1|3014.99|30.53,0.0,True,0.21880117916804098,market_like,0.1762201113658583,-0.9829675728791424,0.8165738617752976,-1.5663282017687574,False,False,False,,0.0,0.0,8.522142857142821,,,False,False,False,False,,not_applicable,0.1971460202159876,0.5223454612889963,0.40722260590701836,1.0827463162798883
ETHUSDT,15M,SHORT,TBX0 (a) or TBX1,3009.2996330523847,3026.6000224126055,25.3,-17.3,-0.68,2022-04-15 13:45:00+00:00,2022-04-15 14:45,-0.68,-0.68,NORMAL,1.0,,2022-04,,,False,,,2022-04-15 14:45:00+00:00,False,False,-1.0,3034.599633052385,True,2022-04-15 13:45:00+00:00|SHORT|TBX0 (a) or TBX1|3009.2996|25.3,0.0,True,0.5142437528701675,limit_retest,0.7604598044420854,-2.1150342667041597,0.7604598044420854,-2.1150342667041597,True,True,False,4.0,1.1150342667041597,2.66099674751796,10.601428571428512,0.09089458705077891,,True,False,False,False,1.5,hopeless,0.1971460202159876,0.5223454612889963,0.40722260590701836,1.0827463162798883
ETHUSDT,15M,SHORT,TBX0,3030.610448861832,2919.65,37.66,84.5,2.24,2022-04-17 23:00:00+00:00,2022-04-18 12:00,2.24,2.24,NORMAL,1.0,,2022-04,,,False,,,2022-04-18 12:00:00+00:00,False,False,-1.0,3068.270448861832,True,2022-04-17 23:00:00+00:00|SHORT|TBX0|3030.6104|37.66,0.0,True,0.35474113484247793,limit_retest,4.108880745136277,-0.3550066685652665,4.108880745136277,-0.3550066685652665,False,False,False,,0.0,0.0,13.746428571428591,,,False,False,False,False,,clean_winner,0.1971460202159876,0.5223454612889963,0.40722260590701836,1.0827463162798883
ETHUSDT,1H,LONG,TBX0,2938.79,2914.0254863152677,31.72,-22.22,-0.7,2022-04-18 12:00:00+00:00,2022-04-18 13:45,-0.7,-0.7,NORMAL,1.0,,2022-04,,,False,,,2022-04-18 13:45:00+00:00,False,False,1.0,2907.07,True,2022-04-18 12:00:00+00:00|LONG|TBX0|2938.79|31.72,1.0,False,0.9211853720050378,limit_retest,0.40132408575031586,-0.956494325346789,4.104981084489283,-1.4706809583858793,False,False,False,,0.0,0.0,9.887142857142928,,,False,False,False,False,,not_applicable,0.4321185415586152,0.6756383432490256,0.6360653867547656,1.0796369927068623
ETHUSDT,15M,LONG,TBX0,2930.158477880491,3040.37,30.6,63.23,2.07,2022-04-18 16:45:00+00:00,2022-04-19 02:30,2.07,2.07,NORMAL,1.0,,2022-04,,,False,,,2022-04-19 02:30:00+00:00,False,False,1.0,2899.558477880491,True,2022-04-18 16:45:00+00:00|LONG|TBX0|2930.1585|30.6,0.0,True,0.24668228367616785,market_like,5.51312163789246,-0.2666169241990478,5.51312163789246,-0.2666169241990478,False,False,False,,0.0,0.0,16.820714285714335,,,False,False,False,False,,clean_winner,0.1971460202159876,0.5223454612889963,0.40722260590701836,1.0827463162798883
ETHUSDT,15M,LONG,TBX0,3115.281978508877,3084.045338005221,36.42,-15.5,-0.43,2022-04-19 19:15:00+00:00,2022-04-19 20:30,-0.43,-0.43,NORMAL,1.0,,2022-04,,,False,,,2022-04-19 20:30:00+00:00,False,False,1.0,3078.8619785088767,True,2022-04-19 19:15:00+00:00|LONG|TBX0|3115.282|36.42,0.0,True,0.1980224741591613,market_like,0.09659586741140481,-0.8605705246808556,0.09659586741140481,-1.3531570156199015,False,False,False,,0.0,0.0,12.122142857142828,,,False,False,False,False,,not_applicable,0.1971460202159876,0.5223454612889963,0.40722260590701836,1.0827463162798883
ETHUSDT,1H,SHORT,TBX0 (a),3074.01,3087.27,13.26,-12.86,-0.97,2022-04-20 23:00:00+00:00,2022-04-21 00:45,-0.97,-0.97,NORMAL,1.0,,2022-04,,,False,,,2022-04-21 00:45:00+00:00,False,False,-1.0,3087.2700000000004,True,2022-04-20 23:00:00+00:00|SHORT|TBX0 (a)|3074.01|13.26,0.0,True,0.6726998491704086,limit_retest,0.5279034690799397,-1.0837104072398107,0.7096530920060565,-4.8612368024132415,True,False,True,7.0,0.08371040723981071,0.09502262443438,11.681428571428537,0.7096530920060565,-0.3310708898944097,True,False,False,False,5.25,ambiguous_stop,0.4321185415586152,0.6756383432490256,0.6360653867547656,1.0796369927068623
ETHUSDT,1H,SHORT,TBX7B,3056.85,3005.65,22.73,51.2,2.25,2022-04-21 18:00:00+00:00,2022-04-22 03:00,2.25,2.25,NORMAL,1.0,,2022-04,,,False,,,2022-04-22 03:00:00+00:00,False,False,-1.0,3079.58,True,2022-04-21 18:00:00+00:00|SHORT|TBX7B|3056.85|22.73,0.0,True,0.31500219973604526,market_like,5.43422789265288,-0.6146062472503412,5.43422789265288,-0.6146062472503412,False,False,False,,0.0,0.0,17.007857142857183,,,False,False,False,False,,clean_winner,0.4321185415586152,0.6756383432490256,0.6360653867547656,1.0796369927068623
ETHUSDT,15M,SHORT,TBX7B,2993.039512341758,3005.22,27.81,-3.78,-0.14,2022-04-22 08:45:00+00:00,2022-04-22 10:30,-0.14,-0.14,NORMAL,1.0,,2022-04,,,False,,,2022-04-22 10:30:00+00:00,False,False,-1.0,3020.849512341758,True,2022-04-22 08:45:00+00:00|SHORT|TBX7B|2993.0395|27.81,0.0,True,0.4894098402819908,limit_retest,0.6483104042343657,-0.508108150242436,2.257443809484276,-0.8975364134571044,False,False,False,,0.0,0.0,14.894285714285811,,,False,False,False,False,,not_applicable,0.1971460202159876,0.5223454612889963,0.40722260590701836,1.0827463162798883
ETHUSDT,15M,SHORT,TBX7B,2986.4530125649526,2976.728514130743,29.02,2.99,0.1,2022-04-22 13:30:00+00:00,2022-04-22 19:15,0.1,0.1,NORMAL,1.0,,2022-04,,,False,,,2022-04-22 19:15:00+00:00,False,False,-1.0,3015.4730125649526,True,2022-04-22 13:30:00+00:00|SHORT|TBX7B|2986.453|29.02,0.0,True,0.5987935022414659,limit_retest,1.936354671431853,-0.9809437434544275,1.936354671431853,-0.9809437434544275,False,False,False,,0.0,0.0,14.680000000000032,,,False,False,False,False,,clean_winner,0.1971460202159876,0.5223454612889963,0.40722260590701836,1.0827463162798883
ETHUSDT,1H,LONG,TBX0,2825.55,2997.148279722077,42.96,171.6,3.99,2022-04-25 09:00:00+00:00,2022-04-26 06:15,3.99,3.99,NORMAL,1.0,,2022-04,,,False,,,2022-04-26 06:15:00+00:00,False,False,1.0,2782.59,True,2022-04-25 09:00:00+00:00|LONG|TBX0|2825.55|42.96,2.0,False,0.43831471135941297,limit_retest,5.061685288640591,-0.7292830540037333,4.666433891992546,-0.7292830540037333,False,False,False,,0.0,0.0,16.254999999999946,,,False,False,False,False,,clean_winner,0.4321185415586152,0.6756383432490256,0.6360653867547656,1.0796369927068623
ETHUSDT,1H,SHORT,TBX0,2977.2,2836.72,44.11,140.48,3.18,2022-04-26 12:00:00+00:00,2022-04-27 02:15,3.18,3.18,NORMAL,1.0,,2022-04,,,False,,,2022-04-27 02:15:00+00:00,False,False,-1.0,3021.31,True,2022-04-26 12:00:00+00:00|SHORT|TBX0|2977.2|44.11,3.0,False,0.5506687825889812,limit_retest,4.89526184538653,-0.7834958059397052,4.89526184538653,-0.7834958059397052,False,False,False,,0.0,0.0,9.07857142857139,,,False,False,False,False,,clean_winner,0.4321185415586152,0.6756383432490256,0.6360653867547656,1.0796369927068623
ETHUSDT,15M,LONG,TBX0,3008.7893198880492,2996.27,12.52,-12.52,-1.0,2022-04-26 12:30:00+00:00,2022-04-26 12:30,-1.0,-1.0,NORMAL,1.0,,2022-04,,,False,,,2022-04-26 12:30:00+00:00,False,False,1.0,2996.2693198880493,True,2022-04-26 12:30:00+00:00|LONG|TBX0|3008.7893|12.52,0.0,True,0.2794983936141602,market_like,0.2372747693251573,-1.6269424830710206,0.2372747693251573,-19.76991372907742,True,True,False,0.0,0.6269424830710206,0.7687336721419281,10.210714285714273,-1.1397220357866826,,False,False,False,False,0.25,hopeless,0.1971460202159876,0.5223454612889963,0.40722260590701836,1.0827463162798883
ETHUSDT,1H,LONG,TBX0,2898.55,2874.241078940209,35.03,-22.56,-0.64,2022-04-27 09:00:00+00:00,2022-04-27 11:15,-0.64,-0.64,NORMAL,1.0,,2022-04,,,False,,,2022-04-27 11:15:00+00:00,False,False,1.0,2863.52,True,2022-04-27 09:00:00+00:00|LONG|TBX0|2898.55|35.03,1.0,False,0.4213531258920987,limit_retest,0.1886954039394711,-1.1453040251213344,0.5792178133028821,-2.2766200399657435,True,False,True,9.0,0.14530402512133445,0.31896513137283417,15.957857142857133,0.5792178133028821,-0.10134170710819816,True,False,False,False,2.5,ambiguous_stop,0.4321185415586152,0.6756383432490256,0.6360653867547656,1.0796369927068623
ETHUSDT,15M,LONG,TBX0,2898.4460739245105,2857.66,40.79,-21.07,-0.52,2022-04-27 13:30:00+00:00,2022-04-27 14:00,-0.52,-0.52,NORMAL,1.0,,2022-04,,,False,,,2022-04-27 14:00:00+00:00,False,False,1.0,2857.6560739245106,True,2022-04-27 13:30:00+00:00|LONG|TBX0|2898.4461|40.79,0.0,True,0.6686951195025853,market_like,0.4999736718678504,-1.4576139721625583,0.4999736718678504,-1.9525882305592142,True,True,False,2.0,0.4576139721625583,1.0910363850331937,17.108571428571427,0.3970072585312416,,True,False,False,False,11.0,hopeless,0.1971460202159876,0.5223454612889963,0.40722260590701836,1.0827463162798883
ETHUSDT,1H,SHORT,TBX7A,2860.94,2873.16,12.22,-11.61,-0.95,2022-04-29 10:00:00+00:00,2022-04-29 12:30,-0.95,-0.95,NORMAL,1.0,,2022-04,,,False,,,2022-04-29 12:30:00+00:00,False,False,-1.0,2873.16,True,2022-04-29 10:00:00+00:00|SHORT|TBX7A|2860.94|12.22,3.0,False,1.499999999999994,limit_retest,2.5180032733224205,-2.27986906710312,6.950900163666125,-2.27986906710312,True,True,False,0.0,1.27986906710312,1.4269143043336767,10.960714285714241,6.950900163666125,,True,True,True,True,9.75,hopeless,0.4321185415586152,0.6756383432490256,0.6360653867547656,1.0796369927068623
ETHUSDT,1H,LONG,TBX0 (a),2823.38,2838.6933631498046,25.34,15.31,0.77,2022-05-01 23:00:00+00:00,2022-05-02 08:15,0.77,0.77,NORMAL,1.0,,2022-05,,,False,,,2022-05-02 08:15:00+00:00,False,False,1.0,2798.04,True,2022-05-01 23:00:00+00:00|LONG|TBX0 (a)|2823.38|25.34,1.0,False,0.7115232833464956,limit_retest,2.028018942383578,-0.9013417521704872,2.028018942383578,-0.9013417521704872,False,False,False,,0.0,0.0,16.165714285714362,,,False,False,False,False,,clean_winner,0.4321185415586152,0.6756383432490256,0.6360653867547656,1.0796369927068623
ETHUSDT,15M,SHORT,TBX0,2788.2816597748106,2818.9,30.62,-30.62,-1.0,2022-05-02 13:30:00+00:00,2022-05-02 13:30,-1.0,-1.0,NORMAL,1.0,,2022-05,,,False,,,2022-05-02 13:30:00+00:00,False,False,-1.0,2818.9016597748105,True,2022-05-02 13:30:00+00:00|SHORT|TBX0|2788.2817|30.62,0.0,True,0.9124213006266891,limit_retest,0.4347374191642971,-1.9803507584973707,0.4347374191642971,-3.0655891647677826,True,True,False,0.0,0.9803507584973707,1.6879137406725526,17.784285714285748,0.40077269022894707,,True,False,False,False,4.5,hopeless,0.1971460202159876,0.5223454612889963,0.40722260590701836,1.0827463162798883
ETHUSDT,15M,SHORT,TBX0,2807.945495870521,2812.356363989491,24.28,-2.47,-0.1,2022-05-02 16:45:00+00:00,2022-05-02 19:00,-0.1,-0.1,NORMAL,1.0,,2022-05,,,False,,,2022-05-02 19:00:00+00:00,False,False,-1.0,2832.225495870521,True,2022-05-02 16:45:00+00:00|SHORT|TBX0|2807.9455|24.28,0.0,True,0.6410421799620777,limit_retest,1.3153004889011841,-0.7110586544266501,1.3153004889011841,-3.0561986873755815,False,False,False,,0.0,0.0,22.52428571428563,,,False,False,False,False,,not_applicable,0.1971460202159876,0.5223454612889963,0.40722260590701836,1.0827463162798883
ETHUSDT,1H,SHORT,TBX7A,2821.0,2830.0,9.0,-7.2,-0.8,2022-05-03 14:00:00+00:00,2022-05-03 15:00,-0.8,-0.8,YELLOW,0.8,День перед FOMC,2022-05,,,False,,,2022-05-03 15:00:00+00:00,False,False,-1.0,2830.0,True,2022-05-03 14:00:00+00:00|SHORT|TBX7A|2821.0|9.0,2.0,False,1.366666666666687,limit_retest,0.7699999999999818,-2.8633333333333315,7.555555555555555,-2.8633333333333315,True,True,False,0.0,1.8633333333333315,1.3709781021897869,12.232142857142792,7.555555555555555,,True,True,True,True,6.25,hopeless,0.4321185415586152,0.6756383432490256,0.6360653867547656,1.0796369927068623
ETHUSDT,1H,LONG,TBX0,2815.69,2837.691708037327,25.97,22.0,0.85,2022-05-04 06:00:00+00:00,2022-05-04 13:45,0.85,0.85,NORMAL,1.0,,2022-05,,,False,,,2022-05-04 13:45:00+00:00,False,False,1.0,2789.7200000000003,True,2022-05-04 06:00:00+00:00|LONG|TBX0|2815.69|25.97,3.0,False,0.9037350789372451,limit_retest,2.9768964189449343,-0.9353099730458208,2.9768964189449343,-0.9353099730458208,False,False,False,,0.0,0.0,7.934285714285677,,,False,False,False,False,,clean_winner,0.4321185415586152,0.6756383432490256,0.6360653867547656,1.0796369927068623
ETHUSDT,15M,SHORT,TBX0 (a),2715.6056039655423,2708.2834089507733,39.77,-23.03,-0.58,2022-05-06 07:30:00+00:00,2022-05-06 12:30,-0.58,-0.58,NORMAL,1.0,,2022-05,,,False,,,2022-05-06 12:30:00+00:00,False,False,-1.0,2755.3756039655423,True,2022-05-06 07:30:00+00:00|SHORT|TBX0 (a)|2715.6056|39.77,0.0,True,0.5812018112762763,limit_retest,1.4358965040367684,-0.7220114667955211,2.1525170723043066,-0.7220114667955211,False,False,False,,0.0,0.0,9.221428571428532,,,False,False,False,False,,not_applicable,0.1971460202159876,0.5223454612889963,0.40722260590701836,1.0827463162798883
ETHUSDT,15M,SHORT,TBX0 (a),2650.9288883121176,2708.83,57.9,-55.01,-0.95,2022-05-06 13:30:00+00:00,2022-05-06 15:00,-0.95,-0.95,NORMAL,1.0,,2022-05,,,False,,,2022-05-06 15:00:00+00:00,False,False,-1.0,2708.8288883121177,True,2022-05-06 13:30:00+00:00|SHORT|TBX0 (a)|2650.9289|57.9,0.0,True,0.7682402709478804,limit_retest,0.36146611938026907,-1.015563241586916,0.36146611938026907,-1.2988102191344133,True,False,True,6.0,0.015563241586916021,0.033188371120578056,27.151428571428564,-0.30347343156964457,,True,False,False,False,4.25,ambiguous_stop,0.1971460202159876,0.5223454612889963,0.40722260590701836,1.0827463162798883
ETHUSDT,15M,SHORT,TBX0 (a),2547.6012658661703,2542.0929137956473,32.52,-6.78,-0.21,2022-05-08 13:00:00+00:00,2022-05-08 18:15,-0.21,-0.21,NORMAL,1.0,,2022-05,,,False,,,2022-05-08 18:15:00+00:00,False,False,-1.0,2580.1212658661702,True,2022-05-08 13:00:00+00:00|SHORT|TBX0 (a)|2547.6013|32.52,0.0,True,0.2422734973502388,market_like,2.078759712981865,-0.3923349979652483,2.078759712981865,-0.7530361049763189,False,False,False,,0.0,0.0,11.072142857142873,,,False,False,False,False,,not_applicable,0.1971460202159876,0.5223454612889963,0.40722260590701836,1.0827463162798883
ETHUSDT,1H,LONG,TBX0,2561.83,2525.854088441969,64.79,-34.04,-0.53,2022-05-08 18:00:00+00:00,2022-05-08 22:00,-0.53,-0.53,NORMAL,1.0,,2022-05,,,False,,,2022-05-08 22:00:00+00:00,False,False,1.0,2497.04,True,2022-05-08 18:00:00+00:00|LONG|TBX0|2561.83|64.79,2.0,False,0.5070226886865242,limit_retest,0.15835777126100042,-0.7624633431085057,0.15835777126100042,-2.1813551473992887,False,False,False,,0.0,0.0,19.37642857142857,,,False,False,False,False,,not_applicable,0.4321185415586152,0.6756383432490256,0.6360653867547656,1.0796369927068623
ETHUSDT,1H,SHORT,TBX7B,2504.87,2326.9417324251867,24.3,177.93,7.32,2022-05-09 01:00:00+00:00,2022-05-09 20:00,7.32,7.32,NORMAL,1.0,,2022-05,,,False,,,2022-05-09 20:00:00+00:00,False,False,-1.0,2529.17,True,2022-05-09 01:00:00+00:00|SHORT|TBX7B|2504.87|24.3,3.0,False,0.7950617283950684,limit_retest,11.62181069958847,-1.0703703703703793,6.37325102880658,-1.0703703703703793,True,False,True,1.0,0.0703703703703793,0.13932375021825597,12.273571428571488,6.37325102880658,6.37325102880658,True,True,True,True,9.5,winner_survived_stop_touch,0.4321185415586152,0.6756383432490256,0.6360653867547656,1.0796369927068623
ETHUSDT,1H,LONG,TBX0,2096.19,2053.7368946280812,99.7,-47.35,-0.47,2022-05-11 21:00:00+00:00,2022-05-12 02:30,-0.47,-0.47,GREEN,1.2,CPI после 12:00 UTC,2022-05,,,False,,,2022-05-12 02:30:00+00:00,False,False,1.0,1996.49,True,2022-05-11 21:00:00+00:00|LONG|TBX0|2096.19|99.7,3.0,False,0.5486459378134407,limit_retest,0.9780341023069183,-0.944734202607824,0.9780341023069183,-3.217251755265797,False,False,False,,0.0,0.0,49.33499999999997,,,False,False,False,False,,not_applicable,0.4321185415586152,0.6756383432490256,0.6360653867547656,1.0796369927068623
ETHUSDT,1H,LONG,TBX0,1965.01,1943.68,21.33,-20.26,-0.95,2022-05-19 06:00:00+00:00,2022-05-19 07:30,-0.95,-0.95,NORMAL,1.0,,2022-05,,,False,,,2022-05-19 07:30:00+00:00,False,False,1.0,1943.68,True,2022-05-19 06:00:00+00:00|LONG|TBX0|1965.01|21.33,3.0,False,0.8827941865916517,limit_retest,0.454758556024381,-1.1504922644163134,3.4828879512423803,-2.4669479606188416,True,False,True,6.0,0.15049226441631336,0.24832845222964847,12.926428571428573,3.4828879512423803,-0.5860290670417253,True,True,True,False,8.25,stop_hunt,0.4321185415586152,0.6756383432490256,0.6360653867547656,1.0796369927068623
ETHUSDT,15M,SHORT,TBX0,2044.1201505269596,1984.939753569151,21.44,59.18,2.76,2022-05-23 18:45:00+00:00,2022-05-24 11:15,2.76,2.76,NORMAL,1.0,,2022-05,,,False,,,2022-05-24 11:15:00+00:00,False,False,-1.0,2065.5601505269597,True,2022-05-23 18:45:00+00:00|SHORT|TBX0|2044.1202|21.44,0.0,True,0.535907158257487,limit_retest,4.389932393981325,-0.6072690985559825,4.156257020846997,-0.6072690985559825,False,False,False,,0.0,0.0,11.773571428571456,,,False,False,False,False,,clean_winner,0.1971460202159876,0.5223454612889963,0.40722260590701836,1.0827463162798883
ETHUSDT,15M,LONG,TBX7A,1791.8723369503862,1795.6729703314966,15.61,1.74,0.11,2022-05-29 10:00:00+00:00,2022-05-29 15:00,0.11,0.11,NORMAL,1.0,,2022-05,,,False,,,2022-05-29 15:00:00+00:00,False,False,1.0,1776.2623369503863,True,2022-05-29 10:00:00+00:00|LONG|TBX7A|1791.8723|15.61,0.0,True,0.8233399711970653,market_like,2.37845375077603,-0.8886827002169232,2.37845375077603,-0.8886827002169232,False,False,False,,0.0,0.0,7.031428571428592,,,False,False,False,False,,clean_winner,0.1971460202159876,0.5223454612889963,0.40722260590701836,1.0827463162798883
ETHUSDT,1H,SHORT,TBX0 (a),1929.73,1943.13,13.4,-13.0,-0.97,2022-06-01 03:00:00+00:00,2022-06-01 07:00,-0.97,-0.97,NORMAL,1.0,,2022-06,,,False,,,2022-06-01 07:00:00+00:00,False,False,-1.0,1943.13,True,2022-06-01 03:00:00+00:00|SHORT|TBX0 (a)|1929.73|13.4,1.0,False,0.7328358208955176,limit_retest,1.2716417910447733,-1.2119402985074634,3.188805970149255,-3.21194029850746,True,False,True,16.0,0.21194029850746343,0.2494666833981686,11.384285714285722,9.204477611940293,-0.13208955223880461,True,True,True,True,12.0,stop_hunt,0.4321185415586152,0.6756383432490256,0.6360653867547656,1.0796369927068623
ETHUSDT,15M,SHORT,TBX0 (a),1930.1711674286737,1942.8,13.09,-12.63,-0.96,2022-06-01 11:15:00+00:00,2022-06-01 12:15,-0.96,-0.96,NORMAL,1.0,,2022-06,,,False,,,2022-06-01 12:15:00+00:00,False,False,-1.0,1943.2611674286736,True,2022-06-01 11:15:00+00:00|SHORT|TBX0 (a)|1930.1712|13.09,0.0,True,0.8746243369997092,limit_retest,0.2942068318314562,-0.9800483247766465,13.113152591953684,-3.254303481384743,False,False,False,,0.0,0.0,7.00428571428571,,,False,False,False,False,,ambiguous_stop,0.1971460202159876,0.5223454612889963,0.40722260590701836,1.0827463162798883
ETHUSDT,15M,SHORT,TBX0 (a),1819.9812537708817,1828.0173827939827,17.69,-8.24,-0.47,2022-06-02 13:00:00+00:00,2022-06-02 15:15,-0.47,-0.47,NORMAL,1.0,,2022-06,,,False,,,2022-06-02 15:15:00+00:00,False,False,-1.0,1837.6712537708818,True,2022-06-02 13:00:00+00:00|SHORT|TBX0 (a)|1819.9813|17.69,0.0,True,0.4482049875137569,limit_retest,2.2329708180260996,-0.5657855414990552,2.2329708180260996,-1.865955128836534,False,False,False,,0.0,0.0,11.701428571428567,,,False,False,False,False,,not_applicable,0.1971460202159876,0.5223454612889963,0.40722260590701836,1.0827463162798883
ETHUSDT,1H,SHORT,TBX0,1893.0,1875.7431173609352,33.85,17.26,0.51,2022-06-06 14:00:00+00:00,2022-06-06 21:30,0.51,0.51,NORMAL,1.0,,2022-06,,,False,,,2022-06-06 21:30:00+00:00,False,False,-1.0,1926.85,True,2022-06-06 14:00:00+00:00|SHORT|TBX0|1893.0|33.85,3.0,False,0.3347119645494808,limit_retest,1.4771048744460855,-0.6794682422451994,5.051698670605613,-0.6794682422451994,False,False,False,,0.0,0.0,10.557142857142853,,,False,False,False,False,,clean_winner,0.4321185415586152,0.6756383432490256,0.6360653867547656,1.0796369927068623
ETHUSDT,15M,SHORT,TBX0,1857.9616799594887,1764.4515649658392,14.22,132.15,9.29,2022-06-06 22:15:00+00:00,2022-06-07 13:30,9.29,9.29,NORMAL,1.0,,2022-06,,,False,,,2022-06-07 13:30:00+00:00,False,False,-1.0,1872.1816799594887,True,2022-06-06 22:15:00+00:00|SHORT|TBX0|1857.9617|14.22,0.0,True,0.9330745457462235,limit_retest,9.561299575210176,-0.9330745457462235,9.561299575210176,-0.9330745457462235,False,False,False,,0.0,0.0,9.03214285714286,,,False,False,False,False,,clean_winner,0.1971460202159876,0.5223454612889963,0.40722260590701836,1.0827463162798883
ETHUSDT,1H,LONG,TBX0,1806.52,1797.0482138701218,30.76,-9.47,-0.31,2022-06-07 18:00:00+00:00,2022-06-07 22:45,-0.31,-0.31,NORMAL,1.0,,2022-06,,,False,,,2022-06-07 22:45:00+00:00,False,False,1.0,1775.76,True,2022-06-07 18:00:00+00:00|LONG|TBX0|1806.52|30.76,2.0,False,0.8111183355006516,limit_retest,2.2262678803641096,-1.8049414824447327,2.2262678803641096,-1.8049414824447327,True,False,True,19.0,0.8049414824447327,2.352494061757723,10.524999999999977,0.9905721716514962,0.9905721716514962,True,False,False,False,3.25,hopeless,0.4321185415586152,0.6756383432490256,0.6360653867547656,1.0796369927068623
ETHUSDT,15M,LONG,TBX0,1818.4979057205142,1788.65,29.85,-9.27,-0.31,2022-06-08 13:30:00+00:00,2022-06-08 16:30,-0.31,-0.31,NORMAL,1.0,,2022-06,,,False,,,2022-06-08 16:30:00+00:00,False,False,1.0,1788.6479057205142,True,2022-06-08 13:30:00+00:00|LONG|TBX0|1818.4979|29.85,0.0,True,0.3908846137525704,market_like,0.7246932756946718,-1.0002648482584273,0.7246932756946718,-1.60663000738741,True,False,True,12.0,0.0002648482584273193,0.000729454209429755,10.837857142857144,-0.1175177795817134,,True,False,False,False,5.25,ambiguous_stop,0.1971460202159876,0.5223454612889963,0.40722260590701836,1.0827463162798883
ETHUSDT,1H,SHORT,TBX7A,1799.08,1808.08,9.0,-4.37,-0.49,2022-06-09 05:00:00+00:00,2022-06-09 07:45,-0.49,-0.49,YELLOW,0.5,День перед CPI,2022-06,,,False,,,2022-06-09 07:45:00+00:00,False,False,-1.0,1808.08,True,2022-06-09 05:00:00+00:00|SHORT|TBX7A|1799.08|9.0,0.0,True,-0.20777777777776565,limit_retest,0.5588888888888859,-1.4222222222222425,2.393333333333329,-3.735555555555569,True,True,False,11.0,0.4222222222222425,0.5657768797192658,6.71642857142857,2.393333333333329,,True,True,True,False,5.75,stop_hunt,0.4321185415586152,0.6756383432490256,0.6360653867547656,1.0796369927068623
ETHUSDT,15M,SHORT,TBX7A,1805.4677141662223,1803.3509392739434,20.46,1.06,0.05,2022-06-09 11:45:00+00:00,2022-06-09 16:30,0.05,0.05,YELLOW,0.5,День перед CPI,2022-06,,,False,,,2022-06-09 16:30:00+00:00,False,False,-1.0,1825.9277141662224,True,2022-06-09 11:45:00+00:00|SHORT|TBX7A|1805.4677|20.46,0.0,True,0.2513336184642022,market_like,1.364990917215169,-0.4321742831758369,1.364990917215169,-0.6428292196372223,False,False,False,,0.0,0.0,8.190000000000023,,,False,False,False,False,,clean_winner,0.1971460202159876,0.5223454612889963,0.40722260590701836,1.0827463162798883
ETHUSDT,1H,SHORT,TBX7A,1791.79,1789.7425910990235,9.0,1.02,0.11,2022-06-09 18:00:00+00:00,2022-06-10 03:00,0.11,0.11,YELLOW,0.5,День перед CPI,2022-06,,,False,,,2022-06-10 03:00:00+00:00,False,False,-1.0,1800.79,True,2022-06-09 18:00:00+00:00|SHORT|TBX7A|1791.79|9.0,2.0,False,1.421111111111107,limit_retest,5.687777777777784,-1.6444444444444395,5.687777777777784,-1.6444444444444395,True,True,False,0.0,0.6444444444444395,0.6663931062782038,8.703571428571454,5.687777777777784,,True,True,True,True,6.25,winner_survived_stop_touch,0.4321185415586152,0.6756383432490256,0.6360653867547656,1.0796369927068623
ETHUSDT,1H,SHORT,TBX7A,1455.6,1253.79,12.17,201.81,15.47,2022-06-12 22:00:00+00:00,2022-06-13 12:00,15.47,15.47,NORMAL,1.0,,2022-06,,,False,,,2022-06-13 12:00:00+00:00,False,False,-1.0,1467.77,True,2022-06-12 22:00:00+00:00|SHORT|TBX7A|1455.6|12.17,2.0,False,1.5004108463434669,limit_retest,22.892358258011495,-1.6351684470008292,22.892358258011495,-1.6351684470008292,True,True,False,0.0,0.6351684470008292,0.6638856511870516,11.643571428571429,22.892358258011495,,True,True,True,True,11.0,winner_survived_stop_touch,0.4321185415586152,0.6756383432490256,0.6360653867547656,1.0796369927068623
ETHUSDT,15M,LONG,TBX0 (a) or TBX1,1195.4864036304225,1198.63,36.07,1.88,0.05,2022-06-14 12:30:00+00:00,2022-06-14 19:00,0.05,0.05,YELLOW,0.6,PPI день 09-16 UTC,2022-06,,,False,,,2022-06-14 19:00:00+00:00,False,False,1.0,1159.4164036304226,True,2022-06-14 12:30:00+00:00|LONG|TBX0 (a) or TBX1|1195.4864|36.07,0.0,True,0.9938010432609482,market_like,2.035309020503953,-0.9968506689887033,2.035309020503953,-1.0337234164242433,False,False,False,,0.0,0.0,21.253571428571394,,,False,False,False,False,,clean_winner,0.1971460202159876,0.5223454612889963,0.40722260590701836,1.0827463162798883
ETHUSDT,15M,LONG,TBX4,971.785588224838,1104.6042979222375,32.67,112.46,3.44,2022-06-19 07:15:00+00:00,2022-06-20 00:00,3.44,5.65,NORMAL,1.0,,2022-06,,,False,,True,2022-06-20 00:00:00+00:00,False,False,1.0,939.115588224838,True,2022-06-19 07:15:00+00:00|LONG|TBX4|971.7856|32.67,0.0,True,0.2502475734569315,market_like,5.85229298362908,-0.6062316567137419,4.88994220309648,-0.6062316567137419,False,False,False,,0.0,0.0,13.195000000000002,,,False,False,False,False,,clean_winner,0.1971460202159876,0.5223454612889963,0.40722260590701836,1.0827463162798883
ETHUSDT,1H,SHORT,TBX0,1108.13,1124.8059832854312,31.05,-15.75,-0.51,2022-06-20 16:00:00+00:00,2022-06-20 20:15,-0.51,-0.51,NORMAL,1.0,,2022-06,,,False,,,2022-06-20 20:15:00+00:00,False,False,-1.0,1139.18,True,2022-06-20 16:00:00+00:00|SHORT|TBX0|1108.13|31.05,3.0,False,0.8254428341384825,limit_retest,0.8309178743961411,-0.9159420289855017,0.8309178743961411,-1.148792270531396,False,False,False,,0.0,0.0,14.547142857142815,,,False,False,False,False,,not_applicable,0.4321185415586152,0.6756383432490256,0.6360653867547656,1.0796369927068623
ETHUSDT,15M,SHORT,TBX0,1101.1507120565088,1120.97,19.82,-19.22,-0.97,2022-06-20 21:45:00+00:00,2022-06-20 23:30,-0.97,-0.97,NORMAL,1.0,,2022-06,,,False,,,2022-06-20 23:30:00+00:00,False,False,-1.0,1120.9707120565088,True,2022-06-20 21:45:00+00:00|SHORT|TBX0|1101.1507|19.82,0.0,True,0.6165130143032822,limit_retest,0.5509945538097285,-1.75828899815798,0.5509945538097285,-3.9782688165232676,True,True,False,7.0,0.7582889981579799,1.3644383062633807,11.015000000000018,-0.3773606429612145,,True,False,False,False,1.0,hopeless,0.1971460202159876,0.5223454612889963,0.40722260590701836,1.0827463162798883
ETHUSDT,1H,LONG,TBX0,1096.72,1085.8885,10.83,-10.29,-0.95,2022-06-22 11:00:00+00:00,2022-06-22 12:30,-0.95,-0.95,NORMAL,1.0,,2022-06,,,False,,,2022-06-22 12:30:00+00:00,False,False,1.0,1085.89,True,2022-06-22 11:00:00+00:00|LONG|TBX0|1096.72|10.83,1.0,False,0.7239150507848493,limit_retest,0.7940904893813397,-1.776546629732226,2.6805170821791293,-5.052631578947371,True,True,False,6.0,0.7765466297322261,0.946006749156358,8.889999999999986,2.6805170821791293,,True,True,True,False,1.75,hopeless,0.4321185415586152,0.6756383432490256,0.6360653867547656,1.0796369927068623
ETHUSDT,15M,LONG,TBX0,1108.2157589313429,1079.48619833141,28.31,-7.94,-0.28,2022-06-22 13:45:00+00:00,2022-06-22 15:45,-0.28,-0.28,NORMAL,1.0,,2022-06,,,False,,,2022-06-22 15:45:00+00:00,False,False,1.0,1079.905758931343,True,2022-06-22 13:45:00+00:00|LONG|TBX0|1108.2158|28.31,0.0,True,0.4314997856355656,market_like,0.6193656329444415,-1.2534708206055403,0.6193656329444415,-2.338952982385831,True,True,False,8.0,0.25347082060554027,0.5870084436064027,12.224285714285722,-0.37533588595347733,,True,False,False,False,9.75,hopeless,0.1971460202159876,0.5223454612889963,0.40722260590701836,1.0827463162798883
ETHUSDT,15M,LONG,TBX0 (a) or TBX1,1107.72,1143.360948737773,19.16,35.64,1.86,2022-06-23 19:00:00+00:00,2022-06-24 05:45,1.86,1.86,NORMAL,1.0,,2022-06,,,False,,,2022-06-24 05:45:00+00:00,False,False,1.0,1088.56,True,2022-06-23 19:00:00+00:00|LONG|TBX0 (a) or TBX1|1107.72|19.16,0.0,True,0.34707724425887737,market_like,3.1983298538622114,-0.46607515657620374,3.1983298538622114,-0.46607515657620374,False,False,False,,0.0,0.0,7.824999999999981,,,False,False,False,False,,clean_winner,0.1971460202159876,0.5223454612889963,0.40722260590701836,1.0827463162798883
ETHUSDT,15M,LONG,TBX0 (a) or TBX1,1149.5750200818463,1187.4347407897142,19.22,4.8,0.25,2022-06-24 07:15:00+00:00,2022-06-24 16:30,0.25,0.25,NORMAL,1.0,,2022-06,,,False,,,2022-06-24 16:30:00+00:00,False,False,1.0,1130.3550200818463,True,2022-06-24 07:15:00+00:00|LONG|TBX0 (a) or TBX1|1149.575|19.22,0.0,True,0.9409479751220773,market_like,4.045524449435671,-0.9477117628432068,4.045524449435671,-0.9477117628432068,False,False,False,,0.0,0.0,8.450000000000014,,,False,False,False,False,,clean_winner,0.1971460202159876,0.5223454612889963,0.40722260590701836,1.0827463162798883
ETHUSDT,15M,LONG,TBX7B,1151.5095729773257,1127.78,23.73,-8.63,-0.36,2022-07-06 00:45:00+00:00,2022-07-06 01:30,-0.36,-0.36,GREEN,1.25,День FOMC Minutes,2022-07,,,False,,,2022-07-06 01:30:00+00:00,False,False,1.0,1127.7795729773256,True,2022-07-06 00:45:00+00:00|LONG|TBX7B|1151.5096|23.73,0.0,True,0.22374938800360789,market_like,0.09062060778231863,-1.3468003783112392,0.16394551296563128,-1.7058395692088364,True,True,False,3.0,0.3468003783112392,0.7641200536049869,10.769999999999998,0.16394551296563128,,True,False,False,False,7.75,hopeless,0.1971460202159876,0.5223454612889963,0.40722260590701836,1.0827463162798883
ETHUSDT,15M,LONG,TBX7B,1145.127532995781,1131.556957390751,32.54,-14.93,-0.46,2022-07-06 04:00:00+00:00,2022-07-06 11:15,-0.46,-0.46,GREEN,1.25,День FOMC Minutes,2022-07,,,False,,,2022-07-06 11:15:00+00:00,False,False,1.0,1112.587532995781,True,2022-07-06 04:00:00+00:00|LONG|TBX7B|1145.1275|32.54,0.0,True,0.45382707424035157,market_like,0.3156873695211786,-0.767287430724673,0.3156873695211786,-0.767287430724673,False,False,False,,0.0,0.0,10.477857142857163,,,False,False,False,False,,not_applicable,0.1971460202159876,0.5223454612889963,0.40722260590701836,1.0827463162798883
ETHUSDT,1H,SHORT,TBX0,1132.85,1141.34,8.49,-10.61,-1.25,2022-07-06 15:00:00+00:00,2022-07-06 17:00,-1.25,-1.25,GREEN,1.25,День FOMC Minutes,2022-07,,,False,,,2022-07-06 17:00:00+00:00,False,False,-1.0,1141.34,True,2022-07-06 15:00:00+00:00|SHORT|TBX0|1132.85|8.49,0.0,True,0.7055359246171977,limit_retest,0.6631330977620591,-1.963486454652541,0.6631330977620591,-8.551236749116624,True,True,False,6.0,0.963486454652541,0.7906655619994551,10.34571428571428,-0.058892815076560655,,True,False,False,False,1.75,hopeless,0.4321185415586152,0.6756383432490256,0.6360653867547656,1.0796369927068623
ETHUSDT,1H,SHORT,TBX0,1170.16,1176.9971675123434,19.16,-6.27,-0.33,2022-07-07 02:00:00+00:00,2022-07-07 07:30,-0.33,-0.33,NORMAL,1.0,,2022-07,,,False,,,2022-07-07 07:30:00+00:00,False,False,-1.0,1189.3200000000002,True,2022-07-07 02:00:00+00:00|SHORT|TBX0|1170.16|19.16,2.0,False,0.733298538622127,limit_retest,0.377348643006264,-0.8716075156576105,0.377348643006264,-1.762526096033402,False,False,False,,0.0,0.0,7.115000000000009,,,False,False,False,False,,not_applicable,0.4321185415586152,0.6756383432490256,0.6360653867547656,1.0796369927068623
ETHUSDT,1H,SHORT,TBX0 (a) or TBX1,1229.1788172801616,1226.04488994578,20.15,3.13,0.16,2022-07-08 21:45:00+00:00,2022-07-09 07:45,0.16,0.16,NORMAL,1.0,,2022-07,,,False,,,2022-07-09 07:45:00+00:00,False,False,-1.0,1249.3288172801617,True,2022-07-08 21:45:00+00:00|SHORT|TBX0 (a) or TBX1|1229.1788|20.15,0.0,True,0.39658475036419033,limit_retest,1.2619760436804783,-0.6769817726966898,1.2619760436804783,-0.6769817726966898,False,False,False,,0.0,0.0,9.85428571428575,,,False,False,False,False,,clean_winner,0.4321185415586152,0.6756383432490256,0.6360653867547656,1.0796369927068623
ETHUSDT,1H,LONG,TBX0,1177.63,1168.2618566619421,11.67,-8.79,-0.75,2022-07-10 20:00:00+00:00,2022-07-10 22:00,-0.75,-0.75,NORMAL,1.0,,2022-07,,,False,,,2022-07-10 22:00:00+00:00,False,False,1.0,1165.96,True,2022-07-10 20:00:00+00:00|LONG|TBX0|1177.63|11.67,1.0,False,0.3436161096829664,limit_retest,0.5458440445586882,-1.3453299057412207,0.5458440445586882,-3.5081405312767826,True,True,False,8.0,0.3453299057412207,0.8570560534710724,4.702142857142852,-0.5706940874036059,,True,False,False,False,2.75,hopeless,0.4321185415586152,0.6756383432490256,0.6360653867547656,1.0796369927068623
ETHUSDT,15M,SHORT,TBX7B,1140.1910206537834,1149.7206792108993,11.72,-2.75,-0.23,2022-07-11 13:30:00+00:00,2022-07-11 17:00,-0.23,-0.23,NORMAL,1.0,,2022-07,,,False,,,2022-07-11 17:00:00+00:00,False,False,-1.0,1151.9110206537835,True,2022-07-11 13:30:00+00:00|SHORT|TBX7B|1140.191|11.72,0.0,True,0.715783220666937,limit_retest,1.1212474960566101,-1.8949641080389645,4.896844765681183,-1.8949641080389645,True,False,True,0.0,0.8949641080389645,1.806887053611824,5.805000000000015,4.896844765681183,1.1212474960566101,True,True,True,False,11.25,hopeless,0.1971460202159876,0.5223454612889963,0.40722260590701836,1.0827463162798883
ETHUSDT,15M,SHORT,TBX7B,1143.3628549234172,1073.5012379831264,12.49,65.36,5.23,2022-07-11 19:00:00+00:00,2022-07-12 12:15,5.23,10.7,NORMAL,1.0,,2022-07,,,False,,True,2022-07-12 12:15:00+00:00,False,False,-1.0,1155.8528549234172,True,2022-07-11 19:00:00+00:00|SHORT|TBX7B|1143.3629|12.49,0.0,True,0.4177057707432114,limit_retest,7.264439945830032,-0.5153839132572248,5.373327055517792,-0.5153839132572248,False,False,False,,0.0,0.0,6.119999999999989,,,False,False,False,False,,clean_winner,0.1971460202159876,0.5223454612889963,0.40722260590701836,1.0827463162798883
ETHUSDT,15M,SHORT,TBX7B,1063.535498694941,1086.0928251223752,37.78,-43.26,-1.14,2022-07-13 12:30:00+00:00,2022-07-13 17:00,-1.14,-1.14,GREEN,1.2,CPI после 12:00 UTC,2022-07,,,False,,,2022-07-13 17:00:00+00:00,False,False,-1.0,1101.315498694941,True,2022-07-13 12:30:00+00:00|SHORT|TBX7B|1063.5355|37.78,0.0,True,0.9702091398903933,limit_retest,1.5493779432223662,-0.9932371970634978,1.5493779432223662,-1.5909079223149576,False,False,False,,0.0,0.0,13.696428571428523,,,False,False,False,False,,ambiguous_stop,0.1971460202159876,0.5223454612889963,0.40722260590701836,1.0827463162798883
ETHUSDT,1H,SHORT,TBX0,1080.8,1089.1,8.3,-4.98,-0.6,2022-07-14 11:00:00+00:00,2022-07-14 12:30,-0.6,-0.6,YELLOW,0.6,PPI день 09-16 UTC,2022-07,,,False,,,2022-07-14 12:30:00+00:00,False,False,-1.0,1089.1,True,2022-07-14 11:00:00+00:00|SHORT|TBX0|1080.8|8.3,1.0,False,0.698795180722886,limit_retest,1.23253012048193,-1.2289156626506077,1.23253012048193,-16.397590361445797,True,False,True,6.0,0.2289156626506077,0.30998718098124667,6.129285714285678,0.7469879518072343,,True,False,False,False,1.0,ambiguous_stop,0.4321185415586152,0.6756383432490256,0.6360653867547656,1.0796369927068623
ETHUSDT,1H,SHORT,TBX0 (a) or TBX1,1338.27,1359.75,34.77,-21.48,-0.62,2022-07-17 22:00:00+00:00,2022-07-18 01:00,-0.62,-0.62,NORMAL,1.0,,2022-07,,,False,,,2022-07-18 01:00:00+00:00,False,False,-1.0,1373.04,True,2022-07-17 22:00:00+00:00|SHORT|TBX0 (a) or TBX1|1338.27|34.77,7.0,False,0.758412424503886,limit_retest,0.10986482599942295,-1.0563704342824278,0.10986482599942295,-4.593902789761288,True,False,True,0.0,0.05637043428242783,0.19141960237181826,10.23928571428574,0.10986482599942295,0.10986482599942295,True,False,False,False,1.75,ambiguous_stop,0.4321185415586152,0.6756383432490256,0.6360653867547656,1.0796369927068623
ETHUSDT,1H,LONG,TBX7B,1563.6,1553.37,23.0,-16.3,-0.71,2022-07-19 16:00:00+00:00,2022-07-19 20:00,-0.71,-0.71,NORMAL,1.0,,2022-07,,,False,,,2022-07-19 20:00:00+00:00,False,False,1.0,1540.6,True,2022-07-19 16:00:00+00:00|LONG|TBX7B|1563.6|23.0,1.0,False,1.0443478260869556,limit_retest,1.1873913043478337,-1.283043478260869,1.1873913043478337,-2.3791304347826,True,False,True,0.0,0.28304347826086906,0.3115151929452771,20.89785714285717,1.1873913043478337,,True,True,False,False,3.0,stop_hunt,0.4321185415586152,0.6756383432490256,0.6360653867547656,1.0796369927068623
ETHUSDT,1H,LONG,TBX0 (a),1589.5,1579.31,10.19,-10.19,-1.0,2022-07-21 21:00:00+00:00,2022-07-21 22:00,-1.0,-1.0,NORMAL,1.0,,2022-07,,,False,,,2022-07-21 22:00:00+00:00,False,False,1.0,1579.31,True,2022-07-21 21:00:00+00:00|LONG|TBX0 (a)|1589.5|10.19,1.0,False,0.44749754661432245,limit_retest,0.6084396467124676,-2.048086359175652,3.9254170755642788,-3.6800785083415115,True,True,False,4.0,1.048086359175652,0.7107477301896583,15.02642857142858,5.574092247301271,,True,True,True,True,11.0,hopeless,0.4321185415586152,0.6756383432490256,0.6360653867547656,1.0796369927068623
ETHUSDT,15M,LONG,TBX0,1610.4686793602036,1585.8870012492,28.53,-9.21,-0.32,2022-07-24 11:00:00+00:00,2022-07-24 12:45,-0.32,-0.32,NORMAL,1.0,,2022-07,,,False,,,2022-07-24 12:45:00+00:00,False,False,1.0,1581.9386793602037,True,2022-07-24 11:00:00+00:00|LONG|TBX0|1610.4687|28.53,0.0,True,0.8646575310271177,market_like,0.7448762930177498,-1.2729996270663697,1.9078626231965112,-1.3483588980092402,True,True,False,7.0,0.2729996270663697,0.6250946517017267,12.46000000000002,1.9078626231965112,,True,True,False,False,10.0,ambiguous_stop,0.1971460202159876,0.5223454612889963,0.40722260590701836,1.0827463162798883
ETHUSDT,1H,LONG,TBX0,1432.06,1417.01,49.65,-12.04,-0.24,2022-07-26 03:00:00+00:00,2022-07-26 06:00,-0.24,-0.24,YELLOW,0.8,День перед FOMC,2022-07,,,False,,,2022-07-26 06:00:00+00:00,False,False,1.0,1382.4099999999999,True,2022-07-26 03:00:00+00:00|LONG|TBX0|1432.06|49.65,2.0,False,0.26485397784491166,limit_retest,0.12265861027190626,-0.6457200402819727,0.12265861027190626,-1.2700906344410865,False,False,False,,0.0,0.0,14.167142857142851,,,False,False,False,False,,not_applicable,0.4321185415586152,0.6756383432490256,0.6360653867547656,1.0796369927068623
ETHUSDT,15M,LONG,TBX4,1627.44,1650.8659334145182,36.76,23.43,0.64,2022-08-03 05:30:00+00:00,2022-08-03 12:45,0.64,0.64,NORMAL,1.0,,2022-08,,,False,,,2022-08-03 12:45:00+00:00,False,False,1.0,1590.68,True,2022-08-03 05:30:00+00:00|LONG|TBX4|1627.44|36.76,0.0,True,0.18008705114254947,market_like,1.590587595212188,-0.20402611534276388,1.590587595212188,-0.20402611534276388,False,False,False,,0.0,0.0,9.919285714285738,,,False,False,False,False,,clean_winner,0.1971460202159876,0.5223454612889963,0.40722260590701836,1.0827463162798883
ETHUSDT,1H,LONG,TBX0,1607.2,1676.199595429135,14.1,69.0,4.89,2022-08-04 23:00:00+00:00,2022-08-05 12:45,4.89,4.89,NORMAL,1.0,,2022-08,,,False,,,2022-08-05 12:45:00+00:00,False,False,1.0,1593.1000000000001,True,2022-08-04 23:00:00+00:00|LONG|TBX0|1607.2|14.1,2.0,False,0.7893617021276673,limit_retest,8.434042553191478,-0.8985815602836932,5.080141843971623,-0.8985815602836932,False,False,False,,0.0,0.0,8.538571428571458,,,False,False,False,False,,clean_winner,0.4321185415586152,0.6756383432490256,0.6360653867547656,1.0796369927068623
ETHUSDT,1H,SHORT,TBX0,1669.65,1696.2764,26.63,-24.5,-0.92,2022-08-05 15:00:00+00:00,2022-08-05 21:00,-0.92,-0.92,NORMAL,1.0,,2022-08,,,False,,,2022-08-05 21:00:00+00:00,False,False,-1.0,1696.2800000000002,True,2022-08-05 15:00:00+00:00|SHORT|TBX0|1669.65|26.63,1.0,False,0.892602328201276,limit_retest,0.5163349605707849,-1.373263236950805,0.5163349605707849,-3.05482538490424,True,True,False,24.0,0.3732632369508051,0.5928008519701785,16.76785714285711,-0.8036049568156164,,False,False,False,False,0.5,hopeless,0.4321185415586152,0.6756383432490256,0.6360653867547656,1.0796369927068623
ETHUSDT,15M,SHORT,TBX0 (a),1692.9416183616804,1710.0,17.06,-16.55,-0.97,2022-08-07 14:30:00+00:00,2022-08-07 17:00,-0.97,-0.97,NORMAL,1.0,,2022-08,,,False,,,2022-08-07 17:00:00+00:00,False,False,-1.0,1710.0016183616804,True,2022-08-07 14:30:00+00:00|SHORT|TBX0 (a)|1692.9416|17.06,0.0,True,0.3697761804407731,limit_retest,0.00595652764832906,-1.3984983375333848,0.19646063081362802,-2.136481924872198,True,True,False,10.0,0.3984983375333848,0.7783557649368114,8.734285714285745,0.19646063081362802,,True,False,False,False,6.25,hopeless,0.1971460202159876,0.5223454612889963,0.40722260590701836,1.0827463162798883
ETHUSDT,1H,LONG,TBX0,1885.72,1887.5674128872495,16.53,1.85,0.11,2022-08-16 07:00:00+00:00,2022-08-16 12:45,0.11,0.11,NORMAL,1.0,,2022-08,,,False,,,2022-08-16 12:45:00+00:00,False,False,1.0,1869.19,True,2022-08-16 07:00:00+00:00|LONG|TBX0|1885.72|16.53,3.0,False,0.3847549909255975,limit_retest,1.7713248638838457,-0.749546279491839,1.7713248638838457,-2.1609195402298864,False,False,False,,0.0,0.0,9.772857142857138,,,False,False,False,False,,clean_winner,0.4321185415586152,0.6756383432490256,0.6360653867547656,1.0796369927068623
ETHUSDT,1H,SHORT,TBX7B,1873.63,1886.7115090402767,13.08,-12.43,-0.95,2022-08-16 14:00:00+00:00,2022-08-16 15:30,-0.95,-0.95,NORMAL,1.0,,2022-08,,,False,,,2022-08-16 15:30:00+00:00,False,False,-1.0,1886.71,True,2022-08-16 14:00:00+00:00|SHORT|TBX7B|1873.63|13.08,0.0,True,0.5214067278287413,limit_retest,0.7996941896024493,-1.087155963302737,1.806574923547409,-1.9854740061161926,True,False,True,6.0,0.087155963302737,0.09493783832013054,12.007857142857185,1.806574923547409,,True,True,False,False,3.25,stop_hunt,0.4321185415586152,0.6756383432490256,0.6360653867547656,1.0796369927068623
ETHUSDT,1H,LONG,TBX0 (a),1951.0,1920.04,30.96,-37.54,-1.21,2022-08-17 06:00:00+00:00,2022-08-17 07:15,-1.21,-1.21,GREEN,1.25,День Retail Sales,2022-08,,,False,,,2022-08-17 07:15:00+00:00,False,False,1.0,1920.04,True,2022-08-17 06:00:00+00:00|LONG|TBX0 (a)|1951.0|30.96,2.0,False,0.8892118863049087,limit_retest,0.2164082687338516,-1.3846899224806166,0.2164082687338516,-4.295542635658915,True,True,False,5.0,0.3846899224806166,1.2697228144989228,9.379999999999995,-1.1957364341085266,,False,False,False,False,0.25,hopeless,0.4321185415586152,0.6756383432490256,0.6360653867547656,1.0796369927068623
ETHUSDT,15M,SHORT,TBX7B,1699.2345544680209,1592.75,23.74,-20.63,-0.87,2022-08-19 18:00:00+00:00,2022-08-21 00:15,-0.87,-0.87,NORMAL,1.0,,2022-08,,,False,,,2022-08-21 00:15:00+00:00,False,False,-1.0,1722.9745544680209,True,2022-08-19 18:00:00+00:00|SHORT|TBX7B|1699.2346|23.74,0.0,True,0.26012828694099505,market_like,7.522938267397674,-0.5086539819704754,4.102129505813856,-0.5086539819704754,False,False,False,,0.0,0.0,11.107142857142906,,,False,False,False,False,,not_applicable,0.1971460202159876,0.5223454612889963,0.40722260590701836,1.0827463162798883
ETHUSDT,15M,LONG,TBX0 (a) or TBX1,1482.9392612555978,1472.5074111647746,17.24,-9.91,-0.57,2022-08-28 14:30:00+00:00,2022-08-28 21:45,-0.57,-0.57,NORMAL,1.0,,2022-08,,,False,,,2022-08-28 21:45:00+00:00,False,False,1.0,1465.6992612555978,True,2022-08-28 14:30:00+00:00|LONG|TBX0 (a) or TBX1|1482.9393|17.24,0.0,True,0.9999571493966207,market_like,0.7883259132483869,-1.1229269869836345,0.7883259132483869,-3.6165464765428,True,False,True,0.0,0.12292698698363447,0.2505460021818114,8.458571428571402,0.7883259132483869,0.7883259132483869,True,False,False,False,1.5,ambiguous_stop,0.1971460202159876,0.5223454612889963,0.40722260590701836,1.0827463162798883
ETHUSDT,1H,LONG,TBX0 (a),1536.44,1524.3399582060526,20.63,-11.07,-0.54,2022-08-29 16:00:00+00:00,2022-08-30 01:30,-0.54,-0.54,NORMAL,1.0,,2022-08,,,False,,,2022-08-30 01:30:00+00:00,False,False,1.0,1515.81,True,2022-08-29 16:00:00+00:00|LONG|TBX0 (a)|1536.44|20.63,0.0,True,0.7595734367426115,market_like,1.1318468250121139,-0.8788172564226907,1.1318468250121139,-0.8788172564226907,False,False,False,,0.0,0.0,14.780714285714291,,,False,False,False,False,,not_applicable,0.4321185415586152,0.6756383432490256,0.6360653867547656,1.0796369927068623
ETHUSDT,15M,LONG,TBX0 (a),1548.5137824929238,1565.1447735483598,22.25,-6.34,-0.29,2022-08-30 04:00:00+00:00,2022-08-30 12:30,-0.29,-0.29,NORMAL,1.0,,2022-08,,,False,,,2022-08-30 12:30:00+00:00,False,False,1.0,1526.2637824929238,True,2022-08-30 04:00:00+00:00|LONG|TBX0 (a)|1548.5138|22.25,0.0,True,0.2419677524909541,market_like,2.538706404812412,-0.2896082019291641,2.538706404812412,-1.7759003367606219,False,False,False,,0.0,0.0,7.302142857142891,,,False,False,False,False,,not_applicable,0.1971460202159876,0.5223454612889963,0.40722260590701836,1.0827463162798883
ETHUSDT,15M,LONG,TBX7B,1589.7489296190888,1574.6319409923942,22.33,-8.53,-0.38,2022-08-31 10:30:00+00:00,2022-08-31 14:30,-0.38,-0.38,NORMAL,1.0,,2022-08,,,False,,,2022-08-31 14:30:00+00:00,False,False,1.0,1567.4189296190889,True,2022-08-31 10:30:00+00:00|LONG|TBX7B|1589.7489|22.33,0.0,True,0.36627539718266355,market_like,0.8818213336726934,-0.8888907129014206,0.8818213336726934,-2.8355991768512654,False,False,False,,0.0,0.0,14.340000000000016,,,False,False,False,False,,not_applicable,0.1971460202159876,0.5223454612889963,0.40722260590701836,1.0827463162798883
ETHUSDT,15M,LONG,TBX7B,1563.8799031112428,1555.67,22.35,-5.0,-0.22,2022-08-31 19:00:00+00:00,2022-08-31 23:00,-0.22,-0.22,NORMAL,1.0,,2022-08,,,False,,,2022-08-31 23:00:00+00:00,False,False,1.0,1541.529903111243,True,2022-08-31 19:00:00+00:00|LONG|TBX7B|1563.8799|22.35,0.0,True,0.7060359333889441,market_like,1.0791989659399188,-0.7543580810399476,1.0791989659399188,-1.3789665821585173,False,False,False,,0.0,0.0,13.449999999999998,,,False,False,False,False,,not_applicable,0.1971460202159876,0.5223454612889963,0.40722260590701836,1.0827463162798883
ETHUSDT,15M,SHORT,TBX7A,1457.901267789423,1440.6470112533289,19.75,15.46,0.78,2022-09-16 12:45:00+00:00,2022-09-16 21:15,0.78,0.78,NORMAL,1.0,,2022-09,,,False,,,2022-09-16 21:15:00+00:00,False,False,-1.0,1477.651267789423,True,2022-09-16 12:45:00+00:00|SHORT|TBX7A|1457.9013|19.75,0.0,True,0.30879656762415464,market_like,2.779811027312554,-0.35892314990263613,2.779811027312554,-0.35892314990263613,False,False,False,,0.0,0.0,7.832857142857149,,,False,False,False,False,,clean_winner,0.1971460202159876,0.5223454612889963,0.40722260590701836,1.0827463162798883
ETHUSDT,1H,LONG,TBX0 (a) or TBX1,1359.59,1346.99,17.3,-10.08,-0.58,2022-09-20 09:00:00+00:00,2022-09-20 12:15,-0.58,-0.58,YELLOW,0.8,День перед FOMC,2022-09,,,False,,,2022-09-20 12:15:00+00:00,False,False,1.0,1342.29,True,2022-09-20 09:00:00+00:00|LONG|TBX0 (a) or TBX1|1359.59|17.3,7.0,False,0.16705202312137993,limit_retest,0.29710982658960117,-0.9473988439306285,1.382080924855496,-1.782080924855487,False,False,False,,0.0,0.0,8.692142857142844,,,False,False,False,False,,not_applicable,0.4321185415586152,0.6756383432490256,0.6360653867547656,1.0796369927068623
ETHUSDT,15M,LONG,TBX0 (a) or TBX1,1355.4138657412325,1345.3207726672897,17.09,-7.66,-0.45,2022-09-20 14:45:00+00:00,2022-09-20 17:15,-0.45,-0.45,YELLOW,0.8,День перед FOMC,2022-09,,,False,,,2022-09-20 17:15:00+00:00,False,False,1.0,1338.3238657412326,True,2022-09-20 14:45:00+00:00|LONG|TBX0 (a) or TBX1|1355.4139|17.09,0.0,True,0.6198868192646313,market_like,1.643425059026771,-0.9791612487555542,1.643425059026771,-2.598821869001316,False,False,False,,0.0,0.0,10.003571428571458,,,False,False,False,False,,not_applicable,0.1971460202159876,0.5223454612889963,0.40722260590701836,1.0827463162798883
ETHUSDT,1H,LONG,TBX7B,1369.67,1362.9837569232786,13.55,-6.28,-0.46,2022-10-06 00:00:00+00:00,2022-10-06 06:15,-0.46,-0.46,NORMAL,1.0,,2022-10,,,False,,,2022-10-06 06:15:00+00:00,False,False,1.0,1356.1200000000001,True,2022-10-06 00:00:00+00:00|LONG|TBX7B|1369.67|13.55,3.0,False,1.3335793357933698,limit_retest,1.0051660516605085,-1.3911439114391244,1.0051660516605085,-1.3911439114391244,True,False,True,0.0,0.3911439114391244,1.0739614994934397,4.93500000000001,1.0051660516605085,1.0051660516605085,True,True,False,False,2.0,stop_hunt,0.4321185415586152,0.6756383432490256,0.6360653867547656,1.0796369927068623
ETHUSDT,15M,LONG,TBX7B,1365.2888069204455,1359.85742948583,10.88,-1.92,-0.18,2022-10-06 11:30:00+00:00,2022-10-06 13:00,-0.18,-0.18,NORMAL,1.0,,2022-10,,,False,,,2022-10-06 13:00:00+00:00,False,False,1.0,1354.4088069204454,True,2022-10-06 11:30:00+00:00|LONG|TBX7B|1365.2888|10.88,0.0,True,0.6377579890115428,market_like,1.1683081874590537,-0.6662506360703613,1.3521317168708185,-1.956691812540946,False,False,False,,0.0,0.0,4.984999999999998,,,False,False,False,False,,not_applicable,0.1971460202159876,0.5223454612889963,0.40722260590701836,1.0827463162798883
ETHUSDT,15M,LONG,TBX7B,1375.4703795302685,1361.68,13.79,-4.18,-0.3,2022-10-06 13:30:00+00:00,2022-10-06 14:00,-0.3,-0.3,NORMAL,1.0,,2022-10,,,False,,,2022-10-06 14:00:00+00:00,False,False,1.0,1361.6803795302685,True,2022-10-06 13:30:00+00:00|LONG|TBX7B|1375.4704|13.79,0.0,True,1.0000275221369406,market_like,0.3284713901183123,-1.99205072735812,0.3284713901183123,-2.282115992042674,True,True,False,0.0,0.99205072735812,1.9297260798363547,7.08928571428573,0.0630616729319394,0.0630616729319394,True,False,False,False,0.25,hopeless,0.1971460202159876,0.5223454612889963,0.40722260590701836,1.0827463162798883
ETHUSDT,15M,LONG,TBX7B,1356.2621490658232,1351.7525879180992,8.72,-2.49,-0.29,2022-10-07 07:00:00+00:00,2022-10-07 12:15,-0.29,-0.29,NORMAL,1.0,,2022-10,,,False,,,2022-10-07 12:15:00+00:00,False,False,1.0,1347.5421490658232,True,2022-10-07 07:00:00+00:00|LONG|TBX7B|1356.2621|8.72,0.0,True,0.695200580943025,market_like,0.5031939144698242,-2.897035443328351,0.5031939144698242,-4.591989571768715,True,False,True,21.0,1.8970354433283512,4.22070506509068,3.9192857142857065,0.3139737309835753,,False,False,False,False,0.25,hopeless,0.1971460202159876,0.5223454612889963,0.40722260590701836,1.0827463162798883
ETHUSDT,1H,LONG,TBX0,1281.66,1291.73,6.85,10.07,1.47,2022-10-20 02:00:00+00:00,2022-10-20 12:45,1.47,1.47,NORMAL,1.0,,2022-10,,,False,,,2022-10-20 12:45:00+00:00,False,False,1.0,1274.8100000000002,True,2022-10-20 02:00:00+00:00|LONG|TBX0|1281.66|6.85,2.0,False,0.337226277372288,limit_retest,3.195620437956186,-0.7678832116788308,3.195620437956186,-0.7678832116788308,False,False,False,,0.0,0.0,5.160000000000017,,,False,False,False,False,,clean_winner,0.4321185415586152,0.6756383432490256,0.6360653867547656,1.0796369927068623
ETHUSDT,1H,LONG,TBX0,1297.01,1291.24,8.45,-5.77,-0.68,2022-10-20 13:00:00+00:00,2022-10-20 16:00,-0.68,-0.68,NORMAL,1.0,,2022-10,,,False,,,2022-10-20 16:00:00+00:00,False,False,1.0,1288.56,True,2022-10-20 13:00:00+00:00|LONG|TBX0|1297.01|8.45,3.0,False,0.624852071005914,limit_retest,1.537278106508877,-0.8189349112426122,1.537278106508877,-3.0923076923076787,False,False,False,,0.0,0.0,4.406428571428559,,,False,False,False,False,,not_applicable,0.4321185415586152,0.6756383432490256,0.6360653867547656,1.0796369927068623
ETHUSDT,1H,SHORT,TBX7A,1289.86,1291.53,9.0,-1.67,-0.26,2022-10-20 16:00:00+00:00,2022-10-21 03:00,-0.26,-0.26,NORMAL,1.0,,2022-10,,,False,,,2022-10-21 03:00:00+00:00,False,False,-1.0,1298.86,True,2022-10-20 16:00:00+00:00|SHORT|TBX7A|1289.86|9.0,1.0,False,1.018888888888897,limit_retest,2.1088888888888655,-1.0277777777777777,2.1088888888888655,-1.0277777777777777,True,False,True,0.0,0.02777777777777768,0.04848988639512339,5.155714285714258,2.1088888888888655,2.1088888888888655,True,True,True,False,4.5,stop_hunt,0.4321185415586152,0.6756383432490256,0.6360653867547656,1.0796369927068623
ETHUSDT,15M,LONG,TBX7B,1343.0961182359356,1342.8899613713807,7.43,0.14,0.02,2022-10-24 09:30:00+00:00,2022-10-24 12:30,0.02,0.02,NORMAL,1.0,,2022-10,,,False,,,2022-10-24 12:30:00+00:00,False,False,1.0,1335.6661182359355,True,2022-10-24 09:30:00+00:00|LONG|TBX7B|1343.0961|7.43,0.0,True,0.4167050115660285,market_like,1.4648562266573926,-0.6333941098163515,2.221249228003273,-2.8056686724004836,False,False,False,,0.0,0.0,5.079999999999992,,,False,False,False,False,,clean_winner,0.1971460202159876,0.5223454612889963,0.40722260590701836,1.0827463162798883
ETHUSDT,1H,LONG,TBX7A,1353.13,1452.882041229287,9.0,99.75,33.25,2022-10-25 12:00:00+00:00,2022-10-25 20:15,33.25,47.67,NORMAL,1.0,,2022-10,,,False,,True,2022-10-25 20:15:00+00:00,False,False,1.0,1344.13,True,2022-10-25 12:00:00+00:00|LONG|TBX7A|1353.13|9.0,3.0,False,0.7166666666666717,limit_retest,20.061111111111106,-0.8355555555555788,20.061111111111106,-0.8355555555555788,False,False,False,,0.0,0.0,3.067142857142861,,,False,False,False,False,,clean_winner,0.4321185415586152,0.6756383432490256,0.6360653867547656,1.0796369927068623
ETHUSDT,1H,SHORT,TBX0,1473.36,1483.071387246851,23.13,-9.02,-0.39,2022-10-25 20:00:00+00:00,2022-10-26 01:30,-0.39,-0.39,NORMAL,1.0,,2022-10,,,False,,,2022-10-26 01:30:00+00:00,False,False,-1.0,1496.49,True,2022-10-25 20:00:00+00:00|SHORT|TBX0|1473.36|23.13,0.0,True,0.8482490272373593,limit_retest,1.245136186770426,-0.9269347168179877,1.245136186770426,-2.111543450064857,False,False,False,,0.0,0.0,25.750000000000018,,,False,False,False,False,,not_applicable,0.4321185415586152,0.6756383432490256,0.6360653867547656,1.0796369927068623
ETHUSDT,15M,LONG,TBX7B,1571.7842440769323,1558.6,23.21,-3.97,-0.17,2022-10-26 22:00:00+00:00,2022-10-27 00:30,-0.17,-0.17,NORMAL,1.0,,2022-10,,,False,,,2022-10-27 00:30:00+00:00,False,False,1.0,1548.5742440769322,True,2022-10-26 22:00:00+00:00|LONG|TBX7B|1571.7842|23.21,0.0,True,0.9390023298979867,market_like,0.5685375236134311,-1.2832504987907059,0.5685375236134311,-2.1122035362745493,True,False,True,0.0,0.28325049879070585,0.606799954358201,10.834285714285718,0.5685375236134311,0.5685375236134311,True,False,False,False,1.0,ambiguous_stop,0.1971460202159876,0.5223454612889963,0.40722260590701836,1.0827463162798883
ETHUSDT,1H,LONG,TBX7A,1566.68,1547.0466666666666,19.63,-18.06,-0.92,2022-10-28 16:00:00+00:00,2022-10-28 19:15,-0.92,-0.92,NORMAL,1.0,,2022-10,,,False,,,2022-10-28 19:15:00+00:00,False,False,1.0,1547.05,True,2022-10-28 16:00:00+00:00|LONG|TBX7A|1566.68|19.63,3.0,False,1.5002547121752443,limit_retest,0.32195618950585514,-1.7559857361181879,1.4426897605705522,-1.7559857361181879,True,True,False,0.0,0.7559857361181879,1.238731218697835,11.97999999999997,1.4426897605705522,,True,True,False,False,11.25,hopeless,0.4321185415586152,0.6756383432490256,0.6360653867547656,1.0796369927068623
ETHUSDT,1H,LONG,TBX0,1530.41,1544.0,19.31,16.31,0.84,2022-11-03 00:00:00+00:00,2022-11-03 07:30,0.84,0.84,GREEN,1.2,FOMC+1 (день после решения),2022-11,,,False,,,2022-11-03 07:30:00+00:00,False,False,1.0,1511.1000000000001,True,2022-11-03 00:00:00+00:00|LONG|TBX0|1530.41|19.31,3.0,False,0.6809943034697096,limit_retest,1.4360435007768007,-0.8461936820300439,1.4360435007768007,-0.8461936820300439,False,False,False,,0.0,0.0,6.880000000000028,,,False,False,False,False,,clean_winner,0.4321185415586152,0.6756383432490256,0.6360653867547656,1.0796369927068623
ETHUSDT,15M,LONG,TBX0,1550.21,1540.69,13.59,-10.94,-0.8,2022-11-03 09:15:00+00:00,2022-11-03 11:00,-0.8,-0.8,GREEN,1.2,FOMC+1 (день после решения),2022-11,,,False,,,2022-11-03 11:00:00+00:00,False,False,1.0,1536.6200000000001,True,2022-11-03 09:15:00+00:00|LONG|TBX0|1550.21|13.59,0.0,True,0.2810890360559188,market_like,0.4429727740986006,-0.7402501839587893,0.4429727740986006,-2.1471670345842577,False,False,False,,0.0,0.0,5.573571428571443,,,False,False,False,False,,not_applicable,0.1971460202159876,0.5223454612889963,0.40722260590701836,1.0827463162798883
ETHUSDT,15M,LONG,TBX0,1595.824345031875,1613.1458992080586,25.79,17.32,0.67,2022-11-04 12:30:00+00:00,2022-11-04 16:00,0.67,0.67,NORMAL,1.0,,2022-11,,,False,,,2022-11-04 16:00:00+00:00,False,False,1.0,1570.034345031875,True,2022-11-04 12:30:00+00:00|LONG|TBX0|1595.8243|25.79,0.0,True,0.8225802649040386,market_like,3.2406225268757285,-1.6605019399718906,3.2406225268757285,-1.6605019399718906,True,False,True,0.0,0.6605019399718906,1.5560539635015687,10.947142857142873,3.2406225268757285,3.2406225268757285,True,True,True,False,1.75,winner_survived_stop_touch,0.1971460202159876,0.5223454612889963,0.40722260590701836,1.0827463162798883
ETHUSDT,1H,LONG,TBX0,1592.09,1578.89,13.2,-12.8,-0.97,2022-11-07 02:00:00+00:00,2022-11-07 04:15,-0.97,-0.97,NORMAL,1.0,,2022-11,,,False,,,2022-11-07 04:15:00+00:00,False,False,1.0,1578.8899999999999,True,2022-11-07 02:00:00+00:00|LONG|TBX0|1592.09|13.2,2.0,False,0.8106060606060469,limit_retest,0.19772727272728238,-1.2946969696969635,0.19772727272728238,-3.5674242424242366,True,False,True,9.0,0.29469696969696346,0.3237619642113959,12.014999999999986,0.3946969696969725,0.1818181818181887,True,False,False,False,11.75,ambiguous_stop,0.4321185415586152,0.6756383432490256,0.6360653867547656,1.0796369927068623
ETHUSDT,1H,LONG,TBX0 (a) or TBX1,1268.057600371989,1271.5438472877818,34.36,3.49,0.1,2022-11-11 05:45:00+00:00,2022-11-11 14:00,0.1,0.1,NORMAL,1.0,,2022-11,,,False,,,2022-11-11 14:00:00+00:00,False,False,1.0,1233.6976003719892,True,2022-11-11 05:45:00+00:00|LONG|TBX0 (a) or TBX1|1268.0576|34.36,0.0,True,0.42949942875404995,market_like,1.21718275983734,-0.5828754473803591,1.21718275983734,-1.9932363321300692,False,False,False,,0.0,0.0,14.796428571428562,,,False,False,False,False,,clean_winner,0.4321185415586152,0.6756383432490256,0.6360653867547656,1.0796369927068623
ETHUSDT,1H,LONG,TBX0,1214.36,1204.0395,10.32,-11.87,-1.15,2022-11-16 17:00:00+00:00,2022-11-16 19:00,-1.15,-1.15,GREEN,1.25,День Retail Sales,2022-11,,,False,,,2022-11-16 19:00:00+00:00,False,False,1.0,1204.04,True,2022-11-16 17:00:00+00:00|LONG|TBX0|1214.36|10.32,2.0,False,0.6540697674418604,limit_retest,0.8284883720930408,-1.6821705426356492,1.4108527131783113,-2.1666666666666567,True,True,False,8.0,0.6821705426356492,0.6430901735612584,10.947142857142873,1.4108527131783113,,True,True,False,False,5.75,hopeless,0.4321185415586152,0.6756383432490256,0.6360653867547656,1.0796369927068623
ETHUSDT,15M,LONG,TBX0,1220.6813453517361,1207.8585532584352,22.72,-13.44,-0.59,2022-11-16 23:00:00+00:00,2022-11-17 02:45,-0.59,-0.59,GREEN,1.25,День Retail Sales,2022-11,,,False,,,2022-11-17 02:45:00+00:00,False,False,1.0,1197.961345351736,True,2022-11-16 23:00:00+00:00|LONG|TBX0|1220.6813|22.72,0.0,True,0.2346542848475448,market_like,0.3626168419130258,-0.6219782285095147,0.3626168419130258,-1.7465380876644423,False,False,False,,0.0,0.0,5.712142857142827,,,False,False,False,False,,not_applicable,0.1971460202159876,0.5223454612889963,0.40722260590701836,1.0827463162798883
ETHUSDT,1H,LONG,TBX0 (a),1218.31,1209.5,8.81,-8.11,-0.92,2022-11-18 06:00:00+00:00,2022-11-18 08:00,-0.92,-0.92,NORMAL,1.0,,2022-11,,,False,,,2022-11-18 08:00:00+00:00,False,False,1.0,1209.5,True,2022-11-18 06:00:00+00:00|LONG|TBX0 (a)|1218.31|8.81,0.0,True,0.11691259931895263,market_like,0.2701475595913858,-1.8127128263337147,1.2383654937571034,-2.125993189557323,True,True,False,8.0,0.8127128263337147,1.6344366541659952,4.380714285714281,1.2383654937571034,,True,True,False,False,5.25,hopeless,0.4321185415586152,0.6756383432490256,0.6360653867547656,1.0796369927068623
ETHUSDT,15M,SHORT,TBX7A,1172.49,1138.675504180556,15.02,33.81,3.37,2022-11-20 21:15:00+00:00,2022-11-21 04:00,3.37,3.37,NORMAL,1.0,,2022-11,,,False,,,2022-11-21 04:00:00+00:00,False,False,-1.0,1187.51,True,2022-11-20 21:15:00+00:00|SHORT|TBX7A|1172.49|15.02,0.0,True,0.04727030625832466,market_like,4.1551264980026685,-0.1431424766977424,4.1551264980026685,-0.1431424766977424,False,False,False,,0.0,0.0,4.734999999999981,,,False,False,False,False,,clean_winner,0.1971460202159876,0.5223454612889963,0.40722260590701836,1.0827463162798883
ETHUSDT,1H,LONG,TBX0,1097.8,1129.67,26.21,31.87,1.22,2022-11-22 12:00:00+00:00,2022-11-23 01:00,1.22,1.22,NORMAL,1.0,,2022-11,,,False,,,2022-11-23 01:00:00+00:00,False,False,1.0,1071.59,True,2022-11-22 12:00:00+00:00|LONG|TBX0|1097.8|26.21,1.0,False,0.4925600915680982,limit_retest,1.9916062571537598,-0.7554368561617686,1.7230064860740206,-0.7554368561617686,False,False,False,,0.0,0.0,6.7042857142857235,,,False,False,False,False,,clean_winner,0.4321185415586152,0.6756383432490256,0.6360653867547656,1.0796369927068623
ETHUSDT,15M,LONG,TBX0,1170.49869381184,1157.21,13.29,-16.11,-1.21,2022-11-23 15:00:00+00:00,2022-11-23 16:15,-1.21,-1.21,GREEN,1.25,Канун праздника (прочие),2022-11,,,False,,,2022-11-23 16:15:00+00:00,False,False,1.0,1157.20869381184,True,2022-11-23 15:00:00+00:00|LONG|TBX0|1170.4987|13.29,0.0,True,0.37838177666214884,market_like,0.11296510068924118,-1.0149506254206166,2.9722578019683987,-1.54241488426185,True,False,True,5.0,0.014950625420616648,0.03265305042563601,6.0850000000000035,2.9722578019683987,,True,True,True,False,9.75,stop_hunt,0.1971460202159876,0.5223454612889963,0.40722260590701836,1.0827463162798883
ETHUSDT,15M,LONG,TBX0,1170.05,1199.04,27.08,3.24,0.2,2022-11-23 18:45:00+00:00,2022-11-24 08:00,0.2,0.2,GREEN,1.25,Канун праздника (прочие),2022-11,,,False,True,,2022-11-24 08:00:00+00:00,False,False,1.0,1142.97,True,2022-11-23 18:45:00+00:00|LONG|TBX0|1170.05|27.08,0.0,True,0.32828655834563786,market_like,1.723042836041362,-0.37666174298375354,1.47525849335303,-0.37666174298375354,False,False,False,,0.0,0.0,6.398571428571391,,,False,False,False,False,,clean_winner,0.1971460202159876,0.5223454612889963,0.40722260590701836,1.0827463162798883
ETHUSDT,15M,LONG,TBX0,1205.6830110540984,1197.21,15.41,-9.06,-0.59,2022-11-24 16:15:00+00:00,2022-11-24 20:30,-0.59,-0.59,NORMAL,1.0,,2022-11,,,False,,,2022-11-24 20:30:00+00:00,False,False,1.0,1190.2730110540983,True,2022-11-24 16:15:00+00:00|LONG|TBX0|1205.683|15.41,0.0,True,0.23705457846193656,market_like,0.1503561937638926,-0.8866327744385745,0.1503561937638926,-1.8094101917000949,False,False,False,,0.0,0.0,5.914285714285711,,,False,False,False,False,,not_applicable,0.1971460202159876,0.5223454612889963,0.40722260590701836,1.0827463162798883
ETHUSDT,1H,LONG,TBX0,1174.7,1164.58,10.12,-9.82,-0.97,2022-11-28 06:00:00+00:00,2022-11-28 10:45,-0.97,-0.97,NORMAL,1.0,,2022-11,,,False,,,2022-11-28 10:45:00+00:00,False,False,1.0,1164.5800000000002,True,2022-11-28 06:00:00+00:00|LONG|TBX0|1174.7|10.12,3.0,False,0.7529644268774821,limit_retest,0.12845849802371093,-1.2055335968379493,1.0177865612648178,-2.4160079051383447,True,False,True,19.0,0.20553359683794925,0.5208370595600159,3.9935714285714505,1.0177865612648178,0.820158102766794,True,True,False,False,6.0,stop_hunt,0.4321185415586152,0.6756383432490256,0.6360653867547656,1.0796369927068623
ETHUSDT,1H,SHORT,TBX7B,1165.85,1169.4256374765032,11.89,-3.22,-0.27,2022-11-28 14:00:00+00:00,2022-11-28 16:30,-0.27,-0.27,NORMAL,1.0,,2022-11,,,False,,,2022-11-28 16:30:00+00:00,False,False,-1.0,1177.74,True,2022-11-28 14:00:00+00:00|SHORT|TBX7B|1165.85|11.89,3.0,False,0.32548359966359275,limit_retest,1.3120269133725744,-1.4423885618166603,1.3120269133725744,-1.6105971404541708,True,False,True,2.0,0.4423885618166603,1.4628526023043582,3.59571428571428,1.3120269133725744,1.3120269133725744,True,True,False,False,1.75,hopeless,0.4321185415586152,0.6756383432490256,0.6360653867547656,1.0796369927068623
ETHUSDT,1H,LONG,TBX0,1176.64,1158.7913654187241,38.33,-15.93,-0.42,2022-11-28 16:00:00+00:00,2022-11-29 00:00,-0.42,-0.42,NORMAL,1.0,,2022-11,,,False,,,2022-11-29 00:00:00+00:00,False,False,1.0,1138.3100000000002,True,2022-11-28 16:00:00+00:00|LONG|TBX0|1176.64|38.33,3.0,False,0.3535090007826815,limit_retest,0.21810592225410647,-0.6884946517088469,0.34855204800417167,-0.6884946517088469,False,False,False,,0.0,0.0,6.515000000000002,,,False,False,False,False,,not_applicable,0.4321185415586152,0.6756383432490256,0.6360653867547656,1.0796369927068623
ETHUSDT,15M,LONG,TBX0,1172.6539255821585,1209.068353823924,11.69,31.53,2.7,2022-11-29 01:30:00+00:00,2022-11-29 13:30,2.7,2.7,NORMAL,1.0,,2022-11,,,False,,,2022-11-29 13:30:00+00:00,False,False,1.0,1160.9639255821585,True,2022-11-29 01:30:00+00:00|LONG|TBX0|1172.6539|11.69,0.0,True,0.5332699385935383,market_like,4.375198838138702,-0.5828849941966311,4.375198838138702,-0.5828849941966311,False,False,False,,0.0,0.0,4.754285714285727,,,False,False,False,False,,clean_winner,0.1971460202159876,0.5223454612889963,0.40722260590701836,1.0827463162798883
ETHUSDT,15M,LONG,TBX0,1214.1385352750167,1207.07,7.07,-7.07,-1.0,2022-11-29 14:45:00+00:00,2022-11-29 14:45,-1.0,-1.0,NORMAL,1.0,,2022-11,,,False,,,2022-11-29 14:45:00+00:00,False,False,1.0,1207.0685352750168,True,2022-11-29 14:45:00+00:00|LONG|TBX0|1214.1385|7.07,0.0,True,0.42270654526401724,market_like,0.24207421852662178,-1.7720700530433935,9.739952577791133,-1.7720700530433935,True,True,False,0.0,0.7720700530433935,1.0397210047650935,5.250000000000049,9.739952577791133,,True,True,True,True,9.75,hopeless,0.1971460202159876,0.5223454612889963,0.40722260590701836,1.0827463162798883
ETHUSDT,15M,LONG,TBX0,1213.3022325454126,1205.03,8.27,-7.02,-0.85,2022-11-29 15:30:00+00:00,2022-11-29 16:00,-0.85,-0.85,NORMAL,1.0,,2022-11,,,False,,,2022-11-29 16:00:00+00:00,False,False,1.0,1205.0322325454126,True,2022-11-29 15:30:00+00:00|LONG|TBX0|1213.3022|8.27,0.0,True,0.2433171155275265,market_like,0.568049268994848,-1.3581901505940353,8.427783247229431,-1.3581901505940353,True,False,True,2.0,0.35819015059403525,0.525418163382453,5.637857142857196,8.427783247229431,,True,True,True,True,8.5,ambiguous_stop,0.1971460202159876,0.5223454612889963,0.40722260590701836,1.0827463162798883
ETHUSDT,15M,LONG,TBX0,1210.73452289023,1212.7054668546625,4.11,2.52,0.61,2022-11-29 18:45:00+00:00,2022-11-30 00:00,0.61,-1.43,NORMAL,1.0,,2022-11,,,False,,True,2022-11-30 00:00:00+00:00,False,False,1.0,1206.62452289023,True,2022-11-29 18:45:00+00:00|LONG|TBX0|1210.7345|4.11,0.0,True,0.6215384161143354,market_like,4.383327763934311,-0.6629009465279784,17.582841145929443,-0.6629009465279784,False,False,False,,0.0,0.0,4.731428571428621,,,False,False,False,False,,clean_winner,0.1971460202159876,0.5223454612889963,0.40722260590701836,1.0827463162798883
ETHUSDT,15M,LONG,TBX0,1222.2235486706816,1255.388867132037,9.32,45.95,4.93,2022-11-30 00:30:00+00:00,2022-11-30 12:45,4.93,1.93,NORMAL,1.0,,2022-11,,,False,,True,2022-11-30 12:45:00+00:00,False,False,1.0,1212.9035486706816,True,2022-11-30 00:30:00+00:00|LONG|TBX0|1222.2235|9.32,0.0,True,0.48535929942934775,market_like,6.52107846881099,-0.48965114492290607,6.52107846881099,-0.48965114492290607,False,False,False,,0.0,0.0,8.502142857142871,,,False,False,False,False,,clean_winner,0.1971460202159876,0.5223454612889963,0.40722260590701836,1.0827463162798883
ETHUSDT,15M,LONG,TBX0,1275.7825893532508,1287.993598835702,13.83,12.21,0.88,2022-11-30 18:30:00+00:00,2022-12-01 00:00,0.88,0.88,NORMAL,1.0,,2022-11,,,False,,,2022-12-01 00:00:00+00:00,False,False,1.0,1261.952589353251,True,2022-11-30 18:30:00+00:00|LONG|TBX0|1275.7826|13.83,0.0,True,1.0001872272777148,market_like,2.6903406107555434,-1.311828586641413,2.6903406107555434,-1.311828586641413,True,False,True,0.0,0.311828586641413,0.5750666820221962,7.4992857142857146,2.6903406107555434,2.6903406107555434,True,True,True,False,4.25,winner_survived_stop_touch,0.1971460202159876,0.5223454612889963,0.40722260590701836,1.0827463162798883
ETHUSDT,1H,SHORT,TBX0,1283.29,1284.880189151468,7.02,-1.24,-0.18,2022-12-01 04:00:00+00:00,2022-12-01 12:00,-0.18,-0.18,NORMAL,1.0,,2022-12,,,False,,,2022-12-01 12:00:00+00:00,False,False,-1.0,1290.31,True,2022-12-01 04:00:00+00:00|SHORT|TBX0|1283.29|7.02,3.0,False,0.6068376068376056,limit_retest,1.1809116809116758,-0.8105413105413184,3.0327635327635276,-2.452991452991457,False,False,False,,0.0,0.0,4.095000000000011,,,False,False,False,False,,not_applicable,0.4321185415586152,0.6756383432490256,0.6360653867547656,1.0796369927068623
ETHUSDT,15M,SHORT,TBX0,1280.5522056579648,1289.57,9.02,-9.02,-1.0,2022-12-01 13:30:00+00:00,2022-12-01 13:30,-1.0,-1.0,NORMAL,1.0,,2022-12,,,False,,,2022-12-01 13:30:00+00:00,False,False,-1.0,1289.5722056579648,True,2022-12-01 13:30:00+00:00|SHORT|TBX0|1280.5522|9.02,0.0,True,0.6239239847045741,limit_retest,0.027960715960626454,-2.2126157807134352,2.056785549663504,-2.2126157807134352,True,False,True,0.0,1.2126157807134352,2.228953723267729,4.907142857142844,2.056785549663504,2.056785549663504,True,True,True,False,1.75,hopeless,0.1971460202159876,0.5223454612889963,0.40722260590701836,1.0827463162798883
ETHUSDT,15M,SHORT,TBX0,1280.3870323634615,1276.6237364325427,9.34,2.77,0.3,2022-12-01 13:45:00+00:00,2022-12-01 21:45,0.3,0.3,NORMAL,1.0,,2022-12,,,False,,,2022-12-01 21:45:00+00:00,False,False,-1.0,1289.7270323634614,True,2022-12-01 13:45:00+00:00|SHORT|TBX0|1280.387|9.34,0.0,True,0.4382192330341071,limit_retest,1.9686330153598992,-0.4789044578734949,1.9686330153598992,-0.4789044578734949,False,False,False,,0.0,0.0,5.914285714285711,,,False,False,False,False,,clean_winner,0.1971460202159876,0.5223454612889963,0.40722260590701836,1.0827463162798883
ETHUSDT,15M,SHORT,TBX0,1272.010809761855,1279.5261071647105,9.93,-5.7,-0.57,2022-12-02 01:45:00+00:00,2022-12-02 08:15,-0.57,-0.57,NORMAL,1.0,,2022-12,,,False,,,2022-12-02 08:15:00+00:00,False,False,-1.0,1281.940809761855,True,2022-12-02 01:45:00+00:00|SHORT|TBX0|1272.0108|9.93,0.0,True,0.4299285234788549,limit_retest,0.7634249508413776,-0.7733323502663757,0.7634249508413776,-2.5407039514748306,False,False,False,,0.0,0.0,4.426428571428557,,,False,False,False,False,,not_applicable,0.1971460202159876,0.5223454612889963,0.40722260590701836,1.0827463162798883
ETHUSDT,1H,LONG,TBX7A,1276.09,1286.3642318697955,9.0,14.34,4.78,2022-12-02 13:00:00+00:00,2022-12-03 01:00,4.78,4.78,NORMAL,1.0,,2022-12,,,False,,,2022-12-03 01:00:00+00:00,False,False,1.0,1267.09,True,2022-12-02 13:00:00+00:00|LONG|TBX7A|1276.09|9.0,2.0,False,-1.5555555555555556,limit_retest,3.990000000000009,-1.121111111111102,3.990000000000009,-1.121111111111102,True,False,True,2.0,0.12111111111110207,0.22694824509218928,4.802857142857159,3.990000000000009,3.990000000000009,True,True,True,False,10.5,winner_survived_stop_touch,0.4321185415586152,0.6756383432490256,0.6360653867547656,1.0796369927068623
ETHUSDT,15M,SHORT,TBX0 (a),1256.3823972796226,1257.4833382700622,6.44,-0.47,-0.07,2022-12-06 09:30:00+00:00,2022-12-06 12:15,-0.07,-0.07,NORMAL,1.0,,2022-12,,,False,,,2022-12-06 12:15:00+00:00,False,False,-1.0,1262.8223972796227,True,2022-12-06 09:30:00+00:00|SHORT|TBX0 (a)|1256.3824|6.44,0.0,True,0.2030439006797232,market_like,2.458446782550106,-0.3614289938474222,2.458446782550106,-0.8319258882573558,False,False,False,,0.0,0.0,3.1864285714285643,,,False,False,False,False,,not_applicable,0.1971460202159876,0.5223454612889963,0.40722260590701836,1.0827463162798883
ETHUSDT,15M,SHORT,TBX0 (a),1251.110858197217,1257.302750153017,7.97,-5.95,-0.75,2022-12-06 14:30:00+00:00,2022-12-06 16:15,-0.75,-0.75,NORMAL,1.0,,2022-12,,,False,,,2022-12-06 16:15:00+00:00,False,False,-1.0,1259.0808581972171,True,2022-12-06 14:30:00+00:00|SHORT|TBX0 (a)|1251.1109|7.97,0.0,True,0.34493623623372494,market_like,0.8721277537286112,-0.8631294608259594,1.2661051690360265,-3.4114356088811597,False,False,False,,0.0,0.0,4.548571428571449,,,False,False,False,False,,not_applicable,0.1971460202159876,0.5223454612889963,0.40722260590701836,1.0827463162798883
ETHUSDT,1H,SHORT,TBX0 (a),1292.4,1268.982164922593,2.52,28.1,39.02,2022-12-15 04:00:00+00:00,2022-12-16 00:00,39.02,39.02,GREEN,1.2,FOMC+1 (день после решения),2022-12,,,False,,,2022-12-16 00:00:00+00:00,False,False,-1.0,1294.92,True,2022-12-15 04:00:00+00:00|SHORT|TBX0 (a)|1292.4|2.52,0.0,True,0.007936507936500718,market_like,14.404761904761976,-0.26190476190470413,12.301587301587302,-0.26190476190470413,False,False,False,,0.0,0.0,6.230714285714287,,,False,False,False,False,,clean_winner,0.4321185415586152,0.6756383432490256,0.6360653867547656,1.0796369927068623
ETHUSDT,15M,SHORT,TBX0 (a),1267.11,1272.5898973678231,7.47,-5.11,-0.68,2022-12-16 05:00:00+00:00,2022-12-16 07:00,-0.68,-0.68,NORMAL,1.0,,2022-12,,,False,,,2022-12-16 07:00:00+00:00,False,False,-1.0,1274.58,True,2022-12-16 05:00:00+00:00|SHORT|TBX0 (a)|1267.11|7.47,0.0,True,0.2530120481927845,market_like,0.10307898259705245,-1.4377510040160655,11.605087014725546,-1.6934404283801996,True,True,False,8.0,0.4377510040160655,1.504436411436084,2.173571428571433,11.605087014725546,,True,True,True,True,9.75,hopeless,0.1971460202159876,0.5223454612889963,0.40722260590701836,1.0827463162798883
ETHUSDT,15M,SHORT,TBX0 (a),1270.333858640768,1207.1722536208968,7.48,126.14,16.86,2022-12-16 08:45:00+00:00,2022-12-16 20:15,16.86,17.94,NORMAL,1.0,,2022-12,,,False,,True,2022-12-16 20:15:00+00:00,False,False,-1.0,1277.813858640768,True,2022-12-16 08:45:00+00:00|SHORT|TBX0 (a)|1270.3339|7.48,0.0,True,0.33638253465666096,market_like,12.02056933700107,-0.4072381496299497,12.02056933700107,-0.4072381496299497,False,False,False,,0.0,0.0,5.524285714285709,,,False,False,False,False,,clean_winner,0.1971460202159876,0.5223454612889963,0.40722260590701836,1.0827463162798883
ETHUSDT,15M,SHORT,TBX7A,1179.7502700885766,1185.19,5.44,-5.28,-0.97,2022-12-18 21:30:00+00:00,2022-12-18 22:00,-0.97,-0.97,NORMAL,1.0,,2022-12,,,False,,,2022-12-18 22:00:00+00:00,False,False,-1.0,1185.1902700885767,True,2022-12-18 21:30:00+00:00|SHORT|TBX7A|1179.7503|5.44,0.0,True,0.40436211607048644,limit_retest,0.01659376628244799,-1.0753179984234025,1.286814354517757,-2.8510532925410645,True,True,False,2.0,0.07531799842340248,0.107621365101807,3.8071428571428703,1.286814354517757,,True,True,False,False,5.75,stop_hunt,0.1971460202159876,0.5223454612889963,0.40722260590701836,1.0827463162798883
ETHUSDT,15M,SHORT,TBX7A,1182.8632610129434,1191.64,8.78,-8.51,-0.97,2022-12-18 23:45:00+00:00,2022-12-19 00:15,-0.97,-0.97,NORMAL,1.0,,2022-12,,,False,,,2022-12-19 00:15:00+00:00,False,False,-1.0,1191.6432610129434,True,2022-12-18 23:45:00+00:00|SHORT|TBX7A|1182.8633|8.78,0.0,True,0.39712289146429036,limit_retest,0.30561059372931393,-1.0394919119654409,1.1518520515880912,-1.3663711830360434,True,True,False,2.0,0.039491911965440885,0.07505172880012405,4.619999999999972,1.1518520515880912,,True,True,False,False,3.5,stop_hunt,0.1971460202159876,0.5223454612889963,0.40722260590701836,1.0827463162798883
ETHUSDT,1H,LONG,TBX7A,1185.22,1203.865452943145,9.11,18.65,1.91,2022-12-20 01:00:00+00:00,2022-12-20 14:45,1.91,1.91,NORMAL,1.0,,2022-12,,,False,,,2022-12-20 14:45:00+00:00,False,False,1.0,1176.1100000000001,True,2022-12-20 01:00:00+00:00|LONG|TBX7A|1185.22|9.11,2.0,False,1.499451152579592,limit_retest,4.366630076838637,-1.5708013172338031,4.366630076838637,-1.5708013172338031,True,True,False,0.0,0.5708013172338031,0.8132260947274331,6.394285714285664,4.366630076838637,,True,True,True,False,3.5,winner_survived_stop_touch,0.4321185415586152,0.6756383432490256,0.6360653867547656,1.0796369927068623
ETHUSDT,15M,LONG,TBX7A,1212.7595632919101,1208.2208429463435,5.36,-8.54,-1.59,2022-12-21 07:00:00+00:00,2022-12-21 08:15,-1.59,-1.59,NORMAL,1.0,,2022-12,,,False,,,2022-12-21 08:15:00+00:00,False,False,1.0,1207.3995632919102,True,2022-12-21 07:00:00+00:00|LONG|TBX7A|1212.7596|5.36,0.0,True,0.292828972371282,market_like,0.2220964007630446,-1.0764110619235292,2.470230729121245,-1.4122319574459088,True,False,True,5.0,0.0764110619235292,0.14070886102433372,2.910714285714302,2.470230729121245,,True,True,True,False,6.5,stop_hunt,0.1971460202159876,0.5223454612889963,0.40722260590701836,1.0827463162798883
ETHUSDT,15M,LONG,TBX7A,1213.128828540596,1212.61,4.94,-0.95,-0.19,2022-12-21 08:30:00+00:00,2022-12-21 13:15,-0.19,-0.19,NORMAL,1.0,,2022-12,,,False,,,2022-12-21 13:15:00+00:00,False,False,1.0,1208.188828540596,True,2022-12-21 08:30:00+00:00|LONG|TBX7A|1213.1288|4.94,0.0,True,0.9997628624688213,market_like,1.1864719553449345,-1.3155523361530208,2.6055002954259043,-1.6070503118615338,True,False,True,0.0,0.3155523361530208,0.5705516227017724,2.732142857142873,2.6055002954259043,1.1864719553449345,True,True,True,False,6.25,ambiguous_stop,0.1971460202159876,0.5223454612889963,0.40722260590701836,1.0827463162798883
ETHUSDT,15M,LONG,TBX7A,1215.5888865294783,1211.7,3.89,-3.89,-1.0,2022-12-21 14:30:00+00:00,2022-12-21 14:30,-1.0,-1.0,NORMAL,1.0,,2022-12,,,False,,,2022-12-21 14:30:00+00:00,False,False,1.0,1211.6988865294782,True,2022-12-21 14:30:00+00:00|LONG|TBX7A|1215.5889|3.89,0.0,True,0.1693795705599474,market_like,0.3010574474348925,-1.1385312415110995,2.6763787841958204,-2.673235611691055,True,False,True,0.0,0.13853124151109952,0.18333928098893085,2.9392857142857047,2.6763787841958204,,True,True,True,False,0.25,stop_hunt,0.1971460202159876,0.5223454612889963,0.40722260590701836,1.0827463162798883
ETHUSDT,15M,SHORT,TBX0,1218.88,1210.286857327832,2.09,8.59,6.18,2022-12-25 10:00:00+00:00,2022-12-25 21:15,6.18,6.18,NORMAL,1.0,,2022-12,,,False,,,2022-12-25 21:15:00+00:00,False,False,-1.0,1220.97,True,2022-12-25 10:00:00+00:00|SHORT|TBX0|1218.88|2.09,0.0,True,0.698564593301344,limit_retest,14.995215311004856,-0.7846889952152502,14.995215311004856,-2.928229665071718,False,False,False,,0.0,0.0,1.0535714285714286,,,False,False,False,False,,clean_winner,0.1971460202159876,0.5223454612889963,0.40722260590701836,1.0827463162798883
ETHUSDT,1H,LONG,TBX0 (a),1219.91,1218.1427957110468,4.22,-2.43,-0.58,2022-12-26 07:00:00+00:00,2022-12-26 13:00,-0.58,-0.58,NORMAL,1.0,,2022-12,,,False,,,2022-12-26 13:00:00+00:00,False,False,1.0,1215.69,True,2022-12-26 07:00:00+00:00|LONG|TBX0 (a)|1219.91|4.22,1.0,False,0.31042654028440114,limit_retest,0.6919431279620487,-2.348341232227508,0.6919431279620487,-2.348341232227508,True,False,True,24.0,1.348341232227508,3.7487058823528754,1.5178571428571916,3.331753554502357,-0.4905213270142568,True,True,True,False,11.0,hopeless,0.4321185415586152,0.6756383432490256,0.6360653867547656,1.0796369927068623
ETHUSDT,1H,SHORT,TBX7A,1209.6,1211.4,9.0,-1.8,-1.0,2022-12-27 14:00:00+00:00,2022-12-27 20:00,-1.0,-1.0,NORMAL,1.0,,2022-12,,,False,,,2022-12-27 20:00:00+00:00,False,False,-1.0,1218.6,True,2022-12-27 14:00:00+00:00|SHORT|TBX7A|1209.6|9.0,2.0,False,0.8233333333333425,limit_retest,1.0666666666666567,-0.9722222222222222,1.0666666666666567,-0.9722222222222222,False,False,False,,0.0,0.0,2.15571428571429,,,False,False,False,False,,ambiguous_stop,0.4321185415586152,0.6756383432490256,0.6360653867547656,1.0796369927068623
ETHUSDT,15M,SHORT,TBX7A,1206.6312518563907,1211.31,7.02,-4.68,-0.67,2022-12-28 00:45:00+00:00,2022-12-28 01:15,-0.67,-0.67,NORMAL,1.0,,2022-12,,,False,,,2022-12-28 01:15:00+00:00,False,False,-1.0,1213.6512518563907,True,2022-12-28 00:45:00+00:00|SHORT|TBX7A|1206.6313|7.02,0.0,True,0.6080837811409403,limit_retest,0.37482220176505565,-0.7063743794315139,3.2238250507679047,-1.2519584250155815,False,False,False,,0.0,0.0,2.503571428571458,,,False,False,False,False,,not_applicable,0.1971460202159876,0.5223454612889963,0.40722260590701836,1.0827463162798883
ETHUSDT,1H,SHORT,TBX7B,1188.75,1200.4212786986466,11.52,-11.17,-0.97,2022-12-28 15:00:00+00:00,2022-12-28 18:00,-0.97,-0.97,NORMAL,1.0,,2022-12,,,False,,,2022-12-28 18:00:00+00:00,False,False,-1.0,1200.27,True,2022-12-28 15:00:00+00:00|SHORT|TBX7B|1188.75|11.52,2.0,False,1.3333333333333246,limit_retest,0.32552083333333337,-1.6449652777777817,0.9765625,-1.6449652777777817,True,True,False,0.0,0.6449652777777817,1.8738965952080746,3.9650000000000154,0.9765625,,True,False,False,False,6.25,hopeless,0.4321185415586152,0.6756383432490256,0.6360653867547656,1.0796369927068623
ETHUSDT,15M,SHORT,TBX7B,1187.2445621039747,1194.16,6.92,-9.57,-1.38,2022-12-29 02:15:00+00:00,2022-12-29 03:45,-1.38,-1.38,NORMAL,1.0,,2022-12,,,False,,,2022-12-29 03:45:00+00:00,False,False,-1.0,1194.1645621039747,True,2022-12-29 02:15:00+00:00|SHORT|TBX7B|1187.2446|6.92,0.0,True,0.2811326439343058,market_like,0.14516793410038284,-1.0282424705238788,0.14516793410038284,-2.995005476304244,True,True,False,6.0,0.02824247052387885,0.0664109355425574,2.942857142857162,-0.33749102543717757,,True,False,False,False,4.75,hopeless,0.1971460202159876,0.5223454612889963,0.40722260590701836,1.0827463162798883
ETHUSDT,1H,LONG,TBX0,1198.61,1199.15,9.54,0.54,0.06,2022-12-29 09:00:00+00:00,2022-12-29 16:00,0.06,0.06,NORMAL,1.0,,2022-12,,,False,,,2022-12-29 16:00:00+00:00,False,False,1.0,1189.07,True,2022-12-29 09:00:00+00:00|LONG|TBX0|1198.61|9.54,1.0,False,0.73794549266247,limit_retest,0.9811320754717116,-0.7809224318658091,0.9811320754717116,-0.816561844863728,False,False,False,,0.0,0.0,2.171428571428578,,,False,False,False,False,,clean_winner,0.4321185415586152,0.6756383432490256,0.6360653867547656,1.0796369927068623
ETHUSDT,15M,LONG,TBX0,1201.5839247469494,1196.51,5.07,-4.23,-0.83,2022-12-29 19:00:00+00:00,2022-12-29 19:45,-0.83,-0.83,NORMAL,1.0,,2022-12,,,False,,,2022-12-29 19:45:00+00:00,False,False,1.0,1196.5139247469494,True,2022-12-29 19:00:00+00:00|LONG|TBX0|1201.5839|5.07,0.0,True,0.302549259753338,market_like,0.06431464557213085,-1.1802612913115325,0.5613560656904705,-2.123062080266162,True,False,True,3.0,0.18026129131153246,0.3681998980515873,2.4821428571428408,0.5613560656904705,,True,False,False,False,3.75,ambiguous_stop,0.1971460202159876,0.5223454612889963,0.40722260590701836,1.0827463162798883
ETHUSDT,15M,LONG,TBX0,1201.5746445187856,1196.6863985977018,7.92,-1.96,-0.25,2022-12-29 22:30:00+00:00,2022-12-30 01:30,-0.25,-0.25,NORMAL,1.0,,2022-12,,,False,,,2022-12-30 01:30:00+00:00,False,False,1.0,1193.6546445187855,True,2022-12-29 22:30:00+00:00|LONG|TBX0|1201.5746|7.92,0.0,True,0.5599298634830164,market_like,0.3605246819715245,-0.889475318028487,0.3605246819715245,-2.25437430792747,False,False,False,,0.0,0.0,3.215714285714317,,,False,False,False,False,,not_applicable,0.1971460202159876,0.5223454612889963,0.40722260590701836,1.0827463162798883
ETHUSDT,1H,SHORT,TBX7A,1194.55,1199.2367894539796,9.0,-4.24,-0.47,2023-01-02 01:00:00+00:00,2023-01-02 03:45,-0.47,-0.47,NORMAL,1.0,,2023-01,,,False,,,2023-01-02 03:45:00+00:00,False,False,-1.0,1203.55,True,2023-01-02 01:00:00+00:00|SHORT|TBX7A|1194.55|9.0,0.0,True,0.3588888888888909,limit_retest,0.33888888888888385,-0.9744444444444424,0.33888888888888385,-3.383333333333338,False,False,False,,0.0,0.0,1.7757142857143273,,,False,False,False,False,,not_applicable,0.4321185415586152,0.6756383432490256,0.6360653867547656,1.0796369927068623
ETHUSDT,1H,LONG,TBX7B,1215.32,1216.58,10.0,1.26,0.25,2023-01-02 08:00:00+00:00,2023-01-02 22:15,0.25,0.25,NORMAL,1.0,,2023-01,,,False,,,2023-01-02 22:15:00+00:00,False,False,1.0,1205.32,True,2023-01-02 08:00:00+00:00|LONG|TBX7B|1215.32|10.0,1.0,False,0.24900000000000092,limit_retest,0.9680000000000064,-0.31799999999998363,0.9680000000000064,-0.31799999999998363,False,False,False,,0.0,0.0,3.420714285714309,,,False,False,False,False,,clean_winner,0.4321185415586152,0.6756383432490256,0.6360653867547656,1.0796369927068623
ETHUSDT,15M,LONG,TBX7B,1216.0567768703716,1213.5434022677925,4.56,-3.45,-0.76,2023-01-03 05:30:00+00:00,2023-01-03 08:30,-0.76,-0.76,NORMAL,1.0,,2023-01,,,False,,,2023-01-03 08:30:00+00:00,False,False,1.0,1211.4967768703716,True,2023-01-03 05:30:00+00:00|LONG|TBX7B|1216.0568|4.56,0.0,True,0.3041177347305872,market_like,0.7550927915851865,-0.6001703663095644,0.7550927915851865,-2.4247317698183224,False,False,False,,0.0,0.0,1.5064285714286143,,,False,False,False,False,,not_applicable,0.1971460202159876,0.5223454612889963,0.40722260590701836,1.0827463162798883
ETHUSDT,15M,LONG,TBX7B,1218.1720389406614,1214.6099455038743,4.98,-3.4,-0.68,2023-01-03 09:45:00+00:00,2023-01-03 14:45,-0.68,-0.68,NORMAL,1.0,,2023-01,,,False,,,2023-01-03 14:45:00+00:00,False,False,1.0,1213.1920389406614,True,2023-01-03 09:45:00+00:00|LONG|TBX7B|1218.172|4.98,0.0,True,0.1992046065585059,market_like,0.11806446974670035,-2.644987739088639,0.11806446974670035,-3.036554004148889,True,True,False,20.0,1.6449877390886392,5.326918029227072,1.5378571428571572,3.698385754887248,,True,True,True,False,11.75,hopeless,0.1971460202159876,0.5223454612889963,0.40722260590701836,1.0827463162798883
ETHUSDT,15M,LONG,TBX7B,1211.5324447437442,1247.3316834945226,4.13,35.46,8.59,2023-01-03 20:15:00+00:00,2023-01-04 15:00,8.59,8.59,NORMAL,1.0,,2023-01,,,False,,,2023-01-04 15:00:00+00:00,False,False,1.0,1207.4024447437441,True,2023-01-03 20:15:00+00:00|LONG|TBX7B|1211.5324|4.13,0.0,True,0.2717783883157758,market_like,11.989722822337948,-0.4630616812940303,11.379553330812527,-0.4630616812940303,False,False,False,,0.0,0.0,2.237857142857154,,,False,False,False,False,,clean_winner,0.1971460202159876,0.5223454612889963,0.40722260590701836,1.0827463162798883
ETHUSDT,15M,LONG,TBX7B,1263.5358968845817,1261.93,1.61,-2.53,-1.57,2023-01-08 09:15:00+00:00,2023-01-08 09:30,-1.57,-1.57,NORMAL,1.0,,2023-01,,,False,,,2023-01-08 09:30:00+00:00,False,False,1.0,1261.9258968845818,True,2023-01-08 09:15:00+00:00|LONG|TBX7B|1263.5359|1.61,0.0,True,0.4260229096781241,market_like,1.4870205685828413,-1.264532226448254,10.22615100336541,-1.92912849974014,True,True,False,1.0,0.2645322264482539,0.4078355939906637,1.044285714285739,10.22615100336541,,True,True,True,True,6.5,ambiguous_stop,0.1971460202159876,0.5223454612889963,0.40722260590701836,1.0827463162798883
ETHUSDT,15M,LONG,TBX7B,1271.5895144794376,1331.753938678144,5.31,120.32,22.66,2023-01-08 21:30:00+00:00,2023-01-09 18:45,22.66,40.1,NORMAL,1.0,,2023-01,,,False,,True,2023-01-09 18:45:00+00:00,False,False,1.0,1266.2795144794377,True,2023-01-08 21:30:00+00:00|LONG|TBX7B|1271.5895|5.31,0.0,True,0.20706487371706783,market_like,13.824950192196303,-0.7475545159016476,9.116852263759391,-0.7475545159016476,False,False,False,,0.0,0.0,2.1557142857142577,,,False,False,False,False,,clean_winner,0.1971460202159876,0.5223454612889963,0.40722260590701836,1.0827463162798883
ETHUSDT,15M,SHORT,TBX0 (a) or TBX1,1542.59,1542.969303890993,10.62,0.15,0.01,2023-02-10 10:15:00+00:00,2023-02-10 14:30,0.01,0.01,NORMAL,1.0,,2023-02,,,False,,,2023-02-10 14:30:00+00:00,False,False,-1.0,1553.2099999999998,True,2023-02-10 10:15:00+00:00|SHORT|TBX0 (a) or TBX1|1542.59|10.62,0.0,True,0.29472693032016095,market_like,1.0913370998116685,-0.47175141242937774,5.302259887005645,-0.47175141242937774,False,False,False,,0.0,0.0,4.642142857142842,,,False,False,False,False,,clean_winner,0.1971460202159876,0.5223454612889963,0.40722260590701836,1.0827463162798883
ETHUSDT,15M,SHORT,TBX0 (a) or TBX1,1525.0,1531.02,27.23,-6.02,-0.22,2023-02-10 15:30:00+00:00,2023-02-10 19:30,-0.22,-0.22,NORMAL,1.0,,2023-02,,,False,True,,2023-02-10 19:30:00+00:00,False,False,-1.0,1552.23,True,2023-02-10 15:30:00+00:00|SHORT|TBX0 (a) or TBX1|1525.0|27.23,0.0,True,0.5618802791039278,limit_retest,0.8079324274697025,-0.6327579875137722,1.4219610723466773,-0.6327579875137722,False,False,False,,0.0,0.0,7.852857142857114,,,False,False,False,False,,not_applicable,0.1971460202159876,0.5223454612889963,0.40722260590701836,1.0827463162798883
ETHUSDT,15M,SHORT,TBX0 (a) or TBX1,1521.2828158806637,1522.5429764411756,13.19,-0.86,-0.07,2023-02-10 21:00:00+00:00,2023-02-11 07:45,-0.07,-0.07,NORMAL,1.0,,2023-02,,,False,,,2023-02-11 07:45:00+00:00,False,False,-1.0,1534.4728158806638,True,2023-02-10 21:00:00+00:00|SHORT|TBX0 (a) or TBX1|1521.2828|13.19,0.0,True,0.5858365518829601,limit_retest,2.653738884053357,-0.604790304726023,2.653738884053357,-0.604790304726023,False,False,False,,0.0,0.0,5.439285714285688,,,False,False,False,False,,not_applicable,0.1971460202159876,0.5223454612889963,0.40722260590701836,1.0827463162798883
ETHUSDT,15M,LONG,TBX4,1530.7451541284659,1532.51625456571,6.92,2.43,0.35,2023-02-12 14:30:00+00:00,2023-02-12 21:00,0.35,0.35,NORMAL,1.0,,2023-02,,,False,,,2023-02-12 21:00:00+00:00,False,False,1.0,1523.8251541284658,True,2023-02-12 14:30:00+00:00|LONG|TBX4|1530.7452|6.92,0.0,True,0.5108604231887023,market_like,2.4501222357708365,-0.6481436601829285,2.4501222357708365,-5.74351938272628,False,False,False,,0.0,0.0,4.606428571428588,,,False,False,False,False,,clean_winner,0.1971460202159876,0.5223454612889963,0.40722260590701836,1.0827463162798883
ETHUSDT,1H,LONG,TBX0,1490.15,1498.133890504438,10.46,3.99,0.38,2023-02-13 19:00:00+00:00,2023-02-14 08:30,0.38,0.38,YELLOW,0.5,День перед CPI,2023-02,,,False,,,2023-02-14 08:30:00+00:00,False,False,1.0,1479.69,True,2023-02-13 19:00:00+00:00|LONG|TBX0|1490.15|10.46,0.0,True,0.19407265774380497,market_like,1.882409177820251,-0.8460803059273553,1.882409177820251,-0.8460803059273553,False,False,False,,0.0,0.0,9.845714285714296,,,False,False,False,False,,clean_winner,0.4321185415586152,0.6756383432490256,0.6360653867547656,1.0796369927068623
ETHUSDT,15M,LONG,TBX0,1518.165419894952,1543.9639847016292,19.71,30.96,1.57,2023-02-14 14:45:00+00:00,2023-02-15 02:45,1.57,1.57,GREEN,1.2,CPI после 12:00 UTC,2023-02,,,False,,,2023-02-15 02:45:00+00:00,False,False,1.0,1498.455419894952,True,2023-02-14 14:45:00+00:00|LONG|TBX0|1518.1654|19.71,0.0,True,0.3726747790437393,market_like,2.578111623797462,-0.37318213571547904,2.578111623797462,-0.37318213571547904,False,False,False,,0.0,0.0,15.125714285714334,,,False,False,False,False,,clean_winner,0.1971460202159876,0.5223454612889963,0.40722260590701836,1.0827463162798883
ETHUSDT,15M,LONG,TBX0,1549.2812283466826,1677.4876267442023,3.87,320.44,82.8,2023-02-15 09:30:00+00:00,2023-02-16 07:15,82.8,79.8,GREEN,1.25,День Retail Sales,2023-02,,,False,,True,2023-02-16 07:15:00+00:00,False,False,1.0,1545.4112283466827,True,2023-02-15 09:30:00+00:00|LONG|TBX0|1549.2812|3.87,0.0,True,0.3827463428120557,market_like,42.82138802411302,-0.5894646890652739,34.83689190008199,-0.5894646890652739,False,False,False,,0.0,0.0,2.7121428571428265,,,False,False,False,False,,clean_winner,0.1971460202159876,0.5223454612889963,0.40722260590701836,1.0827463162798883
ETHUSDT,1H,SHORT,TBX0,1676.54,1691.217427579663,30.18,-7.81,-0.26,2023-02-16 13:00:00+00:00,2023-02-16 15:15,-0.26,-0.26,YELLOW,0.6,PPI день 09-16 UTC,2023-02,,,False,,,2023-02-16 15:15:00+00:00,False,False,-1.0,1706.72,True,2023-02-16 13:00:00+00:00|SHORT|TBX0|1676.54|30.18,2.0,False,0.38933068257123926,limit_retest,0.34923790589794446,-0.7057654075546704,1.4986746189529496,-2.2518223989396966,False,False,False,,0.0,0.0,4.840000000000016,,,False,False,False,False,,not_applicable,0.4321185415586152,0.6756383432490256,0.6360653867547656,1.0796369927068623
ETHUSDT,15M,LONG,TBX0,1693.022745718542,1679.97,13.05,-9.82,-0.75,2023-02-16 13:30:00+00:00,2023-02-16 13:45,-0.75,-0.75,YELLOW,0.6,PPI день 09-16 UTC,2023-02,,,False,,,2023-02-16 13:45:00+00:00,False,False,1.0,1679.972745718542,True,2023-02-16 13:30:00+00:00|LONG|TBX0|1693.0227|13.05,0.0,True,0.35653223896874053,market_like,0.3691382591155527,-1.8753061853288888,3.9446171863186237,-4.728946032072185,True,True,False,0.0,0.8753061853288888,1.9181772827106607,5.955000000000008,3.9446171863186237,,True,True,True,False,2.5,hopeless,0.1971460202159876,0.5223454612889963,0.40722260590701836,1.0827463162798883
ETHUSDT,1H,SHORT,TBX0 (a),1663.76,1667.271644015798,14.61,-3.47,-0.24,2023-02-17 09:00:00+00:00,2023-02-17 14:15,-0.24,-0.24,GREEN,1.25,Канун праздника (прочие),2023-02,,,False,,,2023-02-17 14:15:00+00:00,False,False,-1.0,1678.37,True,2023-02-17 09:00:00+00:00|SHORT|TBX0 (a)|1663.76|14.61,0.0,True,0.07871321013005414,market_like,0.4626967830253245,-0.8288843258042369,1.2511978097193686,-4.02874743326488,False,False,False,,0.0,0.0,6.520714285714299,,,False,False,False,False,,not_applicable,0.4321185415586152,0.6756383432490256,0.6360653867547656,1.0796369927068623
ETHUSDT,15M,SHORT,TBX0 (a),1656.5443170517783,1679.23,22.69,-27.51,-1.21,2023-02-17 14:45:00+00:00,2023-02-17 15:30,-1.21,-1.21,GREEN,1.25,Канун праздника (прочие),2023-02,,,False,,,2023-02-17 15:30:00+00:00,False,False,-1.0,1679.2343170517784,True,2023-02-17 14:45:00+00:00|SHORT|TBX0 (a)|1656.5443|22.69,0.0,True,0.9998097376915694,limit_retest,0.4876296629254424,-1.1478925935752142,0.4876296629254424,-2.9121059034033308,True,False,True,3.0,0.14789259357521423,0.4183770707552112,8.020714285714266,-0.24441088357080698,-0.6322469346946581,True,False,False,False,1.0,ambiguous_stop,0.1971460202159876,0.5223454612889963,0.40722260590701836,1.0827463162798883
ETHUSDT,15M,SHORT,TBX0 (a),1693.68,1698.39,38.04,23.84,0.94,2023-02-17 21:45:00+00:00,2023-02-18 12:45,0.94,0.94,GREEN,1.25,Канун праздника (прочие),2023-02,,,False,,,2023-02-18 12:45:00+00:00,False,False,-1.0,1731.72,True,2023-02-17 21:45:00+00:00|SHORT|TBX0 (a)|1693.68|38.04,0.0,True,0.3165089379600411,market_like,0.6267087276551038,-0.3335962145110365,0.6267087276551038,-0.3335962145110365,False,False,False,,0.0,0.0,9.550714285714289,,,False,False,False,False,,clean_winner,0.1971460202159876,0.5223454612889963,0.40722260590701836,1.0827463162798883
ETHUSDT,1H,LONG,TBX7A,1699.16,1690.16,9.0,-9.0,-1.0,2023-02-19 16:00:00+00:00,2023-02-19 17:00,-1.0,-1.0,NORMAL,1.0,,2023-02,,,False,,,2023-02-19 17:00:00+00:00,False,False,1.0,1690.16,True,2023-02-19 16:00:00+00:00|LONG|TBX7A|1699.16|9.0,3.0,False,-1.411111111111091,limit_retest,3.379999999999983,-1.5833333333333333,3.379999999999983,-5.462222222222231,True,False,True,3.0,0.5833333333333333,0.6860182938211664,7.652857142857166,0.4233333333333273,,True,False,False,False,0.25,ambiguous_stop,0.4321185415586152,0.6756383432490256,0.6360653867547656,1.0796369927068623
ETHUSDT,15M,LONG,TBX7A,1712.7376814271806,1702.32,10.42,-10.42,-1.0,2023-02-20 14:30:00+00:00,2023-02-20 14:30,-1.0,-1.0,NORMAL,1.0,,2023-02,,,False,,,2023-02-20 14:30:00+00:00,False,False,1.0,1702.3176814271806,True,2023-02-20 14:30:00+00:00|LONG|TBX7A|1712.7377|10.42,0.0,True,0.8366296955067803,market_like,0.2814125309807524,-1.6063033999213658,0.32747779009783673,-2.661965588021174,True,False,True,0.0,0.6063033999213658,0.8278504303681034,7.63142857142863,0.4080919935527233,,True,False,False,False,12.0,hopeless,0.1971460202159876,0.5223454612889963,0.40722260590701836,1.0827463162798883
ETHUSDT,15M,LONG,TBX7A,1711.6439220830332,1702.6536437598984,9.52,-8.71,-0.91,2023-02-20 14:45:00+00:00,2023-02-20 16:00,-0.91,-0.91,NORMAL,1.0,,2023-02,,,False,,,2023-02-20 16:00:00+00:00,False,False,1.0,1702.1239220830332,True,2023-02-20 14:45:00+00:00|LONG|TBX7A|1711.6439|9.52,0.0,True,0.8228909751085355,market_like,0.4733275122864378,-1.4331850927555887,0.5615628064040763,-2.7987313112429835,True,True,False,0.0,0.4331850927555887,0.519759715182432,7.934285714285758,0.5615628064040763,0.4733275122864378,True,False,False,False,11.75,ambiguous_stop,0.1971460202159876,0.5223454612889963,0.40722260590701836,1.0827463162798883
ETHUSDT,15M,LONG,TBX7A,1706.4528690055836,1696.6875385554347,10.97,-12.39,-1.13,2023-02-20 19:45:00+00:00,2023-02-20 22:15,-1.13,-1.13,NORMAL,1.0,,2023-02,,,False,,,2023-02-20 22:15:00+00:00,False,False,1.0,1695.4828690055836,True,2023-02-20 19:45:00+00:00|LONG|TBX7A|1706.4529|10.97,0.0,True,0.2700883323230237,market_like,0.5949982674946617,-0.8945185966803536,0.9605406558264749,-1.308374567509906,False,False,False,,0.0,0.0,6.691428571428576,,,False,False,False,False,,ambiguous_stop,0.1971460202159876,0.5223454612889963,0.40722260590701836,1.0827463162798883
ETHUSDT,1H,SHORT,TBX7A,1693.2,1702.2,9.0,-8.73,-0.97,2023-02-20 22:00:00+00:00,2023-02-20 23:30,-0.97,-0.97,NORMAL,1.0,,2023-02,,,False,,,2023-02-20 23:30:00+00:00,False,False,-1.0,1702.2,True,2023-02-20 22:00:00+00:00|SHORT|TBX7A|1693.2|9.0,3.0,False,0.9066666666666505,limit_retest,0.12222222222223739,-1.1444444444444395,2.643333333333329,-2.643333333333329,True,False,True,0.0,0.1444444444444395,0.27471698113206416,4.73214285714289,2.643333333333329,,True,True,True,False,11.0,stop_hunt,0.4321185415586152,0.6756383432490256,0.6360653867547656,1.0796369927068623
ETHUSDT,15M,SHORT,TBX7A,1697.3102725958602,1672.7508514201731,9.4,24.56,2.61,2023-02-21 08:30:00+00:00,2023-02-21 17:45,2.61,2.61,NORMAL,1.0,,2023-02,,,False,,,2023-02-21 17:45:00+00:00,False,False,-1.0,1706.7102725958603,True,2023-02-21 08:30:00+00:00|SHORT|TBX7A|1697.3103|9.4,0.0,True,0.6414603621425264,limit_retest,4.501092829346827,-0.804226319589332,4.501092829346827,-0.804226319589332,False,False,False,,0.0,0.0,6.304999999999966,,,False,False,False,False,,clean_winner,0.1971460202159876,0.5223454612889963,0.40722260590701836,1.0827463162798883
ETHUSDT,15M,SHORT,TBX7A,1662.2181485558906,1644.2,15.92,8.88,0.56,2023-02-21 21:00:00+00:00,2023-02-22 11:45,0.56,0.56,NORMAL,1.0,,2023-02,,,False,,,2023-02-22 11:45:00+00:00,False,False,-1.0,1678.1381485558907,True,2023-02-21 21:00:00+00:00|SHORT|TBX7A|1662.2181|15.92,0.0,True,0.42097056809732913,limit_retest,2.651893753510716,-0.529010769102356,2.651893753510716,-0.529010769102356,False,False,False,,0.0,0.0,7.293571428571438,,,False,False,False,False,,clean_winner,0.1971460202159876,0.5223454612889963,0.40722260590701836,1.0827463162798883
ETHUSDT,15M,SHORT,TBX7A,1631.224452708053,1620.6269878797739,17.46,6.76,0.39,2023-02-22 14:00:00+00:00,2023-02-22 19:00,0.39,0.39,GREEN,1.25,День FOMC Minutes,2023-02,,,False,,,2023-02-22 19:00:00+00:00,False,False,-1.0,1648.684452708053,True,2023-02-22 14:00:00+00:00|SHORT|TBX7A|1631.2245|17.46,0.0,True,0.8903520785765784,limit_retest,2.294069456360415,-0.9086796845330467,2.294069456360415,-0.9086796845330467,False,False,False,,0.0,0.0,6.105714285714271,,,False,False,False,False,,clean_winner,0.1971460202159876,0.5223454612889963,0.40722260590701836,1.0827463162798883
ETHUSDT,1H,LONG,TBX0 (a),1665.67,1660.44,5.23,-4.81,-0.92,2023-02-23 07:00:00+00:00,2023-02-23 10:00,-0.92,-0.92,NORMAL,1.0,,2023-02,,,False,,,2023-02-23 10:00:00+00:00,False,False,1.0,1660.44,True,2023-02-23 07:00:00+00:00|LONG|TBX0 (a)|1665.67|5.23,0.0,True,0.18164435946463584,market_like,1.3307839388145384,-1.0669216061185762,1.3307839388145384,-7.271510516252384,True,False,True,12.0,0.06692160611857623,0.09245283018871905,3.785714285714318,1.0783938814531304,0.340344168260033,True,True,False,False,3.25,stop_hunt,0.4321185415586152,0.6756383432490256,0.6360653867547656,1.0796369927068623
ETHUSDT,1H,LONG,TBX0 (a),1600.92,1628.281146814923,9.27,27.36,3.66,2023-02-26 13:00:00+00:00,2023-02-26 22:15,3.66,3.66,NORMAL,1.0,,2023-02,,,False,,,2023-02-26 22:15:00+00:00,False,False,1.0,1591.65,True,2023-02-26 13:00:00+00:00|LONG|TBX0 (a)|1600.92|9.27,3.0,False,0.4908306364617241,limit_retest,5.608414239482202,-0.7303128371089517,5.608414239482202,-0.7303128371089517,False,False,False,,0.0,0.0,2.9985714285714136,,,False,False,False,False,,clean_winner,0.4321185415586152,0.6756383432490256,0.6360653867547656,1.0796369927068623
ETHUSDT,15M,SHORT,TBX0 (a),1632.0789776208383,1618.6836299994113,12.25,4.56,0.37,2023-02-28 19:15:00+00:00,2023-03-01 02:45,0.37,-0.81,NORMAL,1.0,,2023-02,,,False,,True,2023-03-01 02:45:00+00:00,False,False,-1.0,1644.3289776208383,True,2023-02-28 19:15:00+00:00|SHORT|TBX0 (a)|1632.079|12.25,0.0,True,0.6457977452376938,limit_retest,3.187671642517411,-0.672736520747892,3.187671642517411,-2.4041650921764663,False,False,False,,0.0,0.0,5.260714285714276,,,False,False,False,False,,clean_winner,0.1971460202159876,0.5223454612889963,0.40722260590701836,1.0827463162798883
ETHUSDT,15M,SHORT,TBX7A,1635.6316120218048,1572.2748651927986,14.42,50.95,3.53,2023-03-03 01:15:00+00:00,2023-03-03 13:45,3.53,2.34,NORMAL,1.0,,2023-03,,,False,,True,2023-03-03 13:45:00+00:00,False,False,-1.0,1650.0516120218049,True,2023-03-03 01:15:00+00:00|SHORT|TBX7A|1635.6316|14.42,0.0,True,0.4076551995974465,limit_retest,6.989016090277732,-0.44163578212171894,6.989016090277732,-0.44163578212171894,False,False,False,,0.0,0.0,7.937142857142898,,,False,False,False,False,,clean_winner,0.1971460202159876,0.5223454612889963,0.40722260590701836,1.0827463162798883
ETHUSDT,15M,LONG,TBX7A,1570.5543843459345,1563.0332570965156,8.55,-6.44,-0.75,2023-03-05 21:00:00+00:00,2023-03-05 21:30,-0.75,-0.75,NORMAL,1.0,,2023-03,,,False,,,2023-03-05 21:30:00+00:00,False,False,1.0,1562.0043843459346,True,2023-03-05 21:00:00+00:00|LONG|TBX7A|1570.5544|8.55,0.0,True,0.19349524513853,market_like,0.8708322402415762,-1.702267174963102,0.8708322402415762,-2.0192262392905915,True,True,False,2.0,0.702267174963102,2.0062382062788338,2.9928571428571495,0.37258662620648964,,True,False,False,False,0.25,hopeless,0.1971460202159876,0.5223454612889963,0.40722260590701836,1.0827463162798883
ETHUSDT,15M,SHORT,TBX7A,1562.435202045698,1569.8833908354786,8.77,-3.83,-0.44,2023-03-07 00:00:00+00:00,2023-03-07 01:00,-0.44,-0.44,NORMAL,1.0,,2023-03,,,False,,,2023-03-07 01:00:00+00:00,False,False,-1.0,1571.205202045698,True,2023-03-07 00:00:00+00:00|SHORT|TBX7A|1562.4352|8.77,0.0,True,0.3118355706159825,market_like,0.22294208046726205,-0.9309917849831246,0.22294208046726205,-2.4589279309352445,False,False,False,,0.0,0.0,3.2499999999999836,,,False,False,False,False,,not_applicable,0.1971460202159876,0.5223454612889963,0.40722260590701836,1.0827463162798883
ETHUSDT,15M,SHORT,TBX7A,1570.342471980966,1566.79,3.68,6.97,1.89,2023-03-07 07:00:00+00:00,2023-03-07 13:00,1.89,1.89,NORMAL,1.0,,2023-03,,,False,,,2023-03-07 13:00:00+00:00,False,False,-1.0,1574.022471980966,True,2023-03-07 07:00:00+00:00|SHORT|TBX7A|1570.3425|3.68,0.0,True,0.4830239182157554,limit_retest,2.4544760817842297,-0.7928065269114347,12.593063038305953,-0.7928065269114347,False,False,False,,0.0,0.0,1.7900000000000122,,,False,False,False,False,,clean_winner,0.1971460202159876,0.5223454612889963,0.40722260590701836,1.0827463162798883
ETHUSDT,15M,SHORT,TBX0,1544.0172292087223,1557.0162536161793,20.32,-11.38,-0.56,2023-03-07 20:00:00+00:00,2023-03-07 23:15,-0.56,-0.56,NORMAL,1.0,,2023-03,,,False,,,2023-03-07 23:15:00+00:00,False,False,-1.0,1564.3372292087222,True,2023-03-07 20:00:00+00:00|SHORT|TBX0|1544.0172|20.32,0.0,True,0.3200182476022503,market_like,0.09927309098042597,-0.6512190350038259,0.09927309098042597,-1.2786796649250858,False,False,False,,0.0,0.0,5.472857142857151,,,False,False,False,False,,not_applicable,0.1971460202159876,0.5223454612889963,0.40722260590701836,1.0827463162798883
ETHUSDT,15M,LONG,TBX0,1556.9454520446704,1553.7906725993214,5.27,-3.29,-0.62,2023-03-08 10:15:00+00:00,2023-03-08 12:45,-0.62,-0.62,NORMAL,1.0,,2023-03,,,False,,,2023-03-08 12:45:00+00:00,False,False,1.0,1551.6754520446705,True,2023-03-08 10:15:00+00:00|LONG|TBX0|1556.9455|5.27,0.0,True,0.4564425132202055,market_like,0.8319825342181179,-1.3122299895010388,1.5947908833642246,-3.196480463884353,True,False,True,10.0,0.31222998950103875,0.5660031603289252,2.9071428571427793,1.5947908833642246,,True,True,False,False,2.75,ambiguous_stop,0.1971460202159876,0.5223454612889963,0.40722260590701836,1.0827463162798883
ETHUSDT,1H,SHORT,TBX7A,1559.5,1558.6985277296483,9.0,0.8,-1.0,2023-03-08 15:00:00+00:00,2023-03-08 20:30,-1.0,-1.0,NORMAL,1.0,,2023-03,,,False,,,2023-03-08 20:30:00+00:00,False,False,-1.0,1568.5,True,2023-03-08 15:00:00+00:00|SHORT|TBX7A|1559.5|9.0,0.0,True,-1.330000000000003,limit_retest,2.1555555555555657,-0.6499999999999899,4.388888888888889,-0.6499999999999899,False,False,False,,0.0,0.0,6.2507142857142854,,,False,False,False,False,,ambiguous_stop,0.4321185415586152,0.6756383432490256,0.6360653867547656,1.0796369927068623
ETHUSDT,1H,SHORT,TBX0,1552.42,1540.3,9.58,12.12,1.27,2023-03-08 21:00:00+00:00,2023-03-09 06:00,1.27,0.38,NORMAL,1.0,,2023-03,,,False,,True,2023-03-09 06:00:00+00:00,False,False,-1.0,1562.0,True,2023-03-08 21:00:00+00:00|SHORT|TBX0|1552.42|9.58,2.0,False,0.7390396659707649,limit_retest,3.3841336116910306,-0.8465553235908038,3.3841336116910306,-0.8465553235908038,False,False,False,,0.0,0.0,4.493571428571402,,,False,False,False,False,,clean_winner,0.4321185415586152,0.6756383432490256,0.6360653867547656,1.0796369927068623
ETHUSDT,1H,LONG,TBX0,1540.3,1536.49,6.86,-3.81,-0.56,2023-03-09 06:00:00+00:00,2023-03-09 07:00,-0.56,-0.56,NORMAL,1.0,,2023-03,,,False,,,2023-03-09 07:00:00+00:00,False,False,1.0,1533.44,True,2023-03-09 06:00:00+00:00|LONG|TBX0|1540.3|6.86,3.0,False,0.4854227405247707,limit_retest,0.06997084548105222,-0.7521865889212616,0.7988338192419852,-2.841107871720118,False,False,False,,0.0,0.0,2.2114285714285415,,,False,False,False,False,,not_applicable,0.4321185415586152,0.6756383432490256,0.6360653867547656,1.0796369927068623
ETHUSDT,1H,SHORT,TBX7B,1536.49,1534.97,10.0,1.52,0.3,2023-03-09 07:00:00+00:00,2023-03-09 11:30,0.3,0.3,NORMAL,1.0,,2023-03,,,False,,,2023-03-09 11:30:00+00:00,False,False,-1.0,1546.49,True,2023-03-09 07:00:00+00:00|SHORT|TBX7B|1536.49|10.0,2.0,False,0.37999999999999545,limit_retest,1.2940000000000054,-0.3879999999999882,3.4289999999999963,-0.9289999999999964,False,False,False,,0.0,0.0,2.3371428571428265,,,False,False,False,False,,clean_winner,0.4321185415586152,0.6756383432490256,0.6360653867547656,1.0796369927068623
ETHUSDT,15M,SHORT,TBX7B,1529.9173093291047,1534.76,4.84,-5.02,-1.04,2023-03-09 12:15:00+00:00,2023-03-09 13:30,-1.04,-1.04,NORMAL,1.0,,2023-03,,,False,,,2023-03-09 13:30:00+00:00,False,False,-1.0,1534.7573093291046,True,2023-03-09 12:15:00+00:00|SHORT|TBX7B|1529.9173|4.84,0.0,True,0.4406385683667917,limit_retest,0.7701052332860802,-1.5046881551436702,26.263906886178663,-3.277415427870928,True,False,True,5.0,0.5046881551436702,0.7035109934691356,3.4721428571428987,26.263906886178663,,True,True,True,True,7.25,ambiguous_stop,0.1971460202159876,0.5223454612889963,0.40722260590701836,1.0827463162798883
ETHUSDT,1H,LONG,TBX0,1538.83,1535.7531,3.08,-2.99,-0.97,2023-03-09 14:00:00+00:00,2023-03-09 15:15,-0.97,-0.97,NORMAL,1.0,,2023-03,,,False,,,2023-03-09 15:15:00+00:00,False,False,1.0,1535.75,True,2023-03-09 14:00:00+00:00|LONG|TBX0|1538.83|3.08,0.0,True,0.16558441558441261,market_like,2.256493506493521,-2.0779220779220338,2.256493506493521,-44.165584415584405,True,False,True,5.0,1.0779220779220338,0.8588322246858425,3.8657142857143105,0.0032467532467502936,,True,False,False,False,0.5,hopeless,0.4321185415586152,0.6756383432490256,0.6360653867547656,1.0796369927068623
ETHUSDT,1H,SHORT,TBX7B,1525.95,1400.6646917512471,10.0,125.29,14.43,2023-03-09 16:00:00+00:00,2023-03-10 13:30,14.43,34.95,NORMAL,1.0,,2023-03,,,False,,True,2023-03-10 13:30:00+00:00,False,False,-1.0,1535.95,True,2023-03-09 16:00:00+00:00|SHORT|TBX7B|1525.95|10.0,3.0,False,0.7149999999999863,limit_retest,15.844000000000005,-1.1049999999999955,12.315000000000008,-1.1049999999999955,True,False,True,0.0,0.10499999999999554,0.20698394818360283,5.072857142857109,12.315000000000008,,True,True,True,True,4.75,winner_survived_stop_touch,0.4321185415586152,0.6756383432490256,0.6360653867547656,1.0796369927068623
ETHUSDT,15M,SHORT,TBX0 (a),1645.305724117069,1657.42,17.02,-6.72,-0.39,2023-03-16 12:45:00+00:00,2023-03-16 14:30,-0.39,-0.39,NORMAL,1.0,,2023-03,,,False,,,2023-03-16 14:30:00+00:00,False,False,-1.0,1662.325724117069,True,2023-03-16 12:45:00+00:00|SHORT|TBX0 (a)|1645.3057|17.02,0.0,True,0.23938166174682923,market_like,0.6483974216844356,-0.7799222022873591,0.6483974216844356,-2.8022488767879508,False,False,False,,0.0,0.0,9.635000000000023,,,False,False,False,False,,not_applicable,0.1971460202159876,0.5223454612889963,0.40722260590701836,1.0827463162798883
ETHUSDT,15M,LONG,TBX7A,1682.5315560593567,1727.0834149184243,24.14,36.34,1.51,2023-03-17 01:15:00+00:00,2023-03-17 12:30,1.51,1.51,NORMAL,1.0,,2023-03,,,False,,,2023-03-17 12:30:00+00:00,False,False,1.0,1658.3915560593566,True,2023-03-17 01:15:00+00:00|LONG|TBX7A|1682.5316|24.14,0.0,True,0.6558225376701189,market_like,3.415842748162522,-0.6558225376701189,3.415842748162522,-0.6558225376701189,False,False,False,,0.0,0.0,5.496428571428543,,,False,False,False,False,,clean_winner,0.1971460202159876,0.5223454612889963,0.40722260590701836,1.0827463162798883
ETHUSDT,15M,SHORT,TBX0 (a),1768.5270337295392,1779.53,11.0,-12.95,-1.18,2023-03-19 11:00:00+00:00,2023-03-19 11:45,-1.18,-1.18,NORMAL,1.0,,2023-03,,,False,,,2023-03-19 11:45:00+00:00,False,False,-1.0,1779.5270337295392,True,2023-03-19 11:00:00+00:00|SHORT|TBX0 (a)|1768.527|11.0,0.0,True,0.4966332973146192,limit_retest,0.30427579359446677,-1.8584514791328026,0.30427579359446677,-6.675724206405531,True,True,False,3.0,0.8584514791328026,1.5209563712201006,6.20857142857145,-0.3657242064055233,,True,False,False,False,1.75,hopeless,0.1971460202159876,0.5223454612889963,0.40722260590701836,1.0827463162798883
ETHUSDT,1H,LONG,TBX0,1756.91,1777.9190745263634,12.09,16.81,1.39,2023-03-21 10:00:00+00:00,2023-03-21 18:15,1.39,-1.61,YELLOW,0.8,День перед FOMC,2023-03,,,False,,True,2023-03-21 18:15:00+00:00,False,False,1.0,1744.8200000000002,True,2023-03-21 10:00:00+00:00|LONG|TBX0|1756.91|12.09,1.0,False,0.7799834574028175,limit_retest,6.541770057899083,-0.8941273779983601,6.541770057899083,-0.8941273779983601,False,False,False,,0.0,0.0,9.140714285714271,,,False,False,False,False,,clean_winner,0.4321185415586152,0.6756383432490256,0.6360653867547656,1.0796369927068623
ETHUSDT,15M,LONG,TBX0,1795.71,1797.67,15.35,1.38,0.13,2023-03-22 12:15:00+00:00,2023-03-22 16:00,0.13,0.13,NORMAL,1.0,,2023-03,,,False,True,,2023-03-22 16:00:00+00:00,False,False,1.0,1780.3600000000001,True,2023-03-22 12:15:00+00:00|LONG|TBX0|1795.71|15.35,0.0,True,0.26710097719870596,market_like,1.543322475570036,-0.4397394136807818,1.543322475570036,-5.648859934853423,False,False,False,,0.0,0.0,6.472857142857151,,,False,False,False,False,,clean_winner,0.1971460202159876,0.5223454612889963,0.40722260590701836,1.0827463162798883
ETHUSDT,15M,LONG,TBX0,1806.6117218577492,1778.29,28.32,-33.98,-1.2,2023-03-22 18:00:00+00:00,2023-03-22 18:00,-1.2,-1.2,GREEN,1.2,FOMC после решения 18+ UTC,2023-03,,,False,,,2023-03-22 18:00:00+00:00,False,False,1.0,1778.2917218577493,True,2023-03-22 18:00:00+00:00|LONG|TBX0|1806.6117|28.32,0.0,True,0.7207528904572448,market_like,0.14082903044670522,-1.5223065627736305,0.14082903044670522,-3.446741591022218,True,False,True,0.0,0.5223065627736305,1.0126362152004353,14.607142857142858,-0.3164449808527234,-0.49900147802786715,True,False,False,False,0.75,ambiguous_stop,0.1971460202159876,0.5223454612889963,0.40722260590701836,1.0827463162798883
ETHUSDT,1H,LONG,TBX0,1723.61,1718.12,13.95,-7.42,-0.53,2023-03-28 05:00:00+00:00,2023-03-28 09:45,-0.53,-0.53,NORMAL,1.0,,2023-03,,,False,,,2023-03-28 09:45:00+00:00,False,False,1.0,1709.6599999999999,True,2023-03-28 05:00:00+00:00|LONG|TBX0|1723.61|13.95,3.0,False,0.44802867383512546,limit_retest,0.9132616487455204,-0.7340501792114702,2.2157706093190024,-1.0752688172043012,False,False,False,,0.0,0.0,3.966428571428602,,,False,False,False,False,,not_applicable,0.4321185415586152,0.6756383432490256,0.6360653867547656,1.0796369927068623
ETHUSDT,15M,LONG,TBX0,1727.18795293542,1727.9162859890519,13.6,0.53,0.04,2023-03-28 11:15:00+00:00,2023-03-28 17:15,0.04,0.04,NORMAL,1.0,,2023-03,,,False,,,2023-03-28 17:15:00+00:00,False,False,1.0,1713.5879529354202,True,2023-03-28 11:15:00+00:00|LONG|TBX0|1727.188|13.6,0.0,True,0.31382006878088226,market_like,2.009709342983817,-0.4241141864279411,5.147209342983823,-0.4241141864279411,False,False,False,,0.0,0.0,6.062142857142833,,,False,False,False,False,,clean_winner,0.1971460202159876,0.5223454612889963,0.40722260590701836,1.0827463162798883
ETHUSDT,15M,LONG,TBX0,1815.2860777725627,1804.89,10.4,-10.08,-0.97,2023-03-29 13:45:00+00:00,2023-03-29 14:15,-0.97,-0.97,NORMAL,1.0,,2023-03,,,False,,,2023-03-29 14:15:00+00:00,False,False,1.0,1804.8860777725627,True,2023-03-29 13:45:00+00:00|LONG|TBX0|1815.2861|10.4,0.0,True,0.41789209351564366,market_like,0.0638386757151247,-1.5823151704387328,0.0638386757151247,-3.969815170438726,True,True,False,0.0,0.5823151704387328,0.9222787862055783,6.566428571428625,0.0638386757151247,-0.3890459396694942,True,False,False,False,0.5,hopeless,0.1971460202159876,0.5223454612889963,0.40722260590701836,1.0827463162798883
ETHUSDT,15M,LONG,TBX0,1808.6811413592256,1799.0967339519636,10.92,-9.25,-0.85,2023-03-29 19:45:00+00:00,2023-03-29 21:00,-0.85,-0.85,NORMAL,1.0,,2023-03,,,False,,,2023-03-29 21:00:00+00:00,False,False,1.0,1797.7611413592256,True,2023-03-29 19:45:00+00:00|LONG|TBX0|1808.6811|10.92,0.0,True,0.30871257868367247,market_like,0.30209328212219505,-0.9872840072550877,1.9412874213163425,-4.183254703225792,False,False,False,,0.0,0.0,5.937857142857183,,,False,False,False,False,,not_applicable,0.1971460202159876,0.5223454612889963,0.40722260590701836,1.0827463162798883
ETHUSDT,15M,LONG,TBX0,1800.3471732274688,1786.2034414469504,15.16,-3.43,-0.23,2023-03-30 02:15:00+00:00,2023-03-30 03:00,-0.23,-0.23,NORMAL,1.0,,2023-03,,,False,,,2023-03-30 03:00:00+00:00,False,False,1.0,1785.1871732274687,True,2023-03-30 02:15:00+00:00|LONG|TBX0|1800.3472|15.16,0.0,True,0.41867897278818134,market_like,1.9480756446260739,-2.4635338540546723,1.9480756446260739,-2.4635338540546723,True,True,False,3.0,1.4635338540546723,2.804699098731946,7.910714285714302,0.8392365944941363,,True,False,False,False,4.5,hopeless,0.1971460202159876,0.5223454612889963,0.40722260590701836,1.0827463162798883
ETHUSDT,1H,SHORT,TBX7B,1785.0,1784.75,10.0,0.25,0.03,2023-03-30 16:00:00+00:00,2023-03-30 20:15,0.03,0.03,NORMAL,1.0,,2023-03,,,False,,,2023-03-30 20:15:00+00:00,False,False,-1.0,1795.0,True,2023-03-30 16:00:00+00:00|SHORT|TBX7B|1785.0|10.0,0.0,True,0.3490000000000009,market_like,2.4160000000000084,-0.699000000000001,2.4160000000000084,-3.2210000000000036,False,False,False,,0.0,0.0,7.344285714285694,,,False,False,False,False,,clean_winner,0.4321185415586152,0.6756383432490256,0.6360653867547656,1.0796369927068623
ETHUSDT,1H,LONG,TBX0,1794.0,1798.0618213982673,11.45,4.06,0.35,2023-04-03 07:00:00+00:00,2023-04-03 14:30,0.35,0.35,NORMAL,1.0,,2023-04,,,False,,,2023-04-03 14:30:00+00:00,False,False,1.0,1782.55,True,2023-04-03 07:00:00+00:00|LONG|TBX0|1794.0|11.45,3.0,False,0.7816593886462923,limit_retest,2.48384279475983,-0.8288209606986908,4.017467248908297,-0.8288209606986908,False,False,False,,0.0,0.0,3.3028571428571274,,,False,False,False,False,,clean_winner,0.4321185415586152,0.6756383432490256,0.6360653867547656,1.0796369927068623
ETHUSDT,15M,LONG,TBX0,1808.9057249820312,1806.804784119258,18.7,-8.35,-0.45,2023-04-03 18:15:00+00:00,2023-04-03 20:00,-0.45,-0.45,NORMAL,1.0,,2023-04,,,False,,,2023-04-03 20:00:00+00:00,False,False,1.0,1790.2057249820311,True,2023-04-03 18:15:00+00:00|LONG|TBX0|1808.9057|18.7,0.0,True,0.5366697851353636,market_like,1.6627954555063535,-1.4388088225685127,1.6627954555063535,-2.2302526728358902,True,True,False,7.0,0.4388088225685127,1.156084831925498,7.097857142857135,0.7034371667362972,,True,False,False,False,11.0,hopeless,0.1971460202159876,0.5223454612889963,0.40722260590701836,1.0827463162798883
ETHUSDT,1H,LONG,TBX7A,1828.43,1849.0339005899134,9.0,20.6,6.87,2023-04-04 09:00:00+00:00,2023-04-04 15:15,6.87,4.84,NORMAL,1.0,,2023-04,,,False,,True,2023-04-04 15:15:00+00:00,False,False,1.0,1819.43,True,2023-04-04 09:00:00+00:00|LONG|TBX7A|1828.43|9.0,3.0,False,0.6755555555555728,limit_retest,7.396666666666659,-1.0255555555555576,7.396666666666659,-1.0255555555555576,True,False,True,1.0,0.025555555555557552,0.04082150101420204,5.6342857142857055,7.396666666666659,7.396666666666659,True,True,True,True,3.75,winner_survived_stop_touch,0.4321185415586152,0.6756383432490256,0.6360653867547656,1.0796369927068623
ETHUSDT,15M,LONG,TBX7A,1873.7438264701414,1906.6386611888793,10.02,56.44,5.63,2023-04-05 00:15:00+00:00,2023-04-05 12:15,5.63,5.1,NORMAL,1.0,,2023-04,,,False,,True,2023-04-05 12:15:00+00:00,False,False,1.0,1863.7238264701414,True,2023-04-05 00:15:00+00:00|LONG|TBX7A|1873.7438|10.02,0.0,True,0.6910006457226967,market_like,5.514588176632599,-1.0033758952236829,5.514588176632599,-1.0033758952236829,True,False,True,0.0,0.0033758952236828677,0.005080684282568768,6.657857142857113,5.514588176632599,5.514588176632599,True,True,True,True,1.25,winner_survived_stop_touch,0.1971460202159876,0.5223454612889963,0.40722260590701836,1.0827463162798883
ETHUSDT,15M,SHORT,TBX0,1869.0836836474823,1872.955487666199,10.24,-10.89,-1.06,2023-04-06 18:30:00+00:00,2023-04-07 00:15,-1.06,-1.06,GREEN,1.25,Канун праздника (прочие),2023-04,,,False,,,2023-04-07 00:15:00+00:00,False,False,-1.0,1879.3236836474823,True,2023-04-06 18:30:00+00:00|SHORT|TBX0|1869.0837|10.24,0.0,True,0.8121402688005652,limit_retest,1.0550472311994463,-0.8746402688005528,1.0550472311994463,-1.2554996438005617,False,False,False,,0.0,0.0,4.979285714285701,,,False,False,False,False,,ambiguous_stop,0.1971460202159876,0.5223454612889963,0.40722260590701836,1.0827463162798883
ETHUSDT,15M,SHORT,TBX0,1869.1653444286746,1861.4132272804368,11.89,7.4,0.62,2023-04-07 02:30:00+00:00,2023-04-07 14:15,0.62,0.62,NORMAL,1.0,,2023-04,,,False,,,2023-04-07 14:15:00+00:00,False,False,-1.0,1881.0553444286747,True,2023-04-07 02:30:00+00:00|SHORT|TBX0|1869.1653|11.89,0.0,True,0.283823008521894,market_like,2.452930565910399,-0.7800383155025576,2.452930565910399,-0.7800383155025576,False,False,False,,0.0,0.0,3.947857142857109,,,False,False,False,False,,clean_winner,0.1971460202159876,0.5223454612889963,0.40722260590701836,1.0827463162798883
ETHUSDT,15M,SHORT,TBX0,1851.6686912334499,1858.0500520697358,9.03,-5.66,-0.63,2023-04-07 16:30:00+00:00,2023-04-07 17:30,-0.63,-0.63,NORMAL,1.0,,2023-04,,,False,,,2023-04-07 17:30:00+00:00,False,False,-1.0,1860.6986912334498,True,2023-04-07 16:30:00+00:00|SHORT|TBX0|1851.6687|9.03,0.0,True,0.417642166838338,limit_retest,0.16043092286266178,-0.7786609929734422,0.18368673681615416,-2.2470995311794213,False,False,False,,0.0,0.0,5.217142857142854,,,False,False,False,False,,not_applicable,0.1971460202159876,0.5223454612889963,0.40722260590701836,1.0827463162798883
ETHUSDT,15M,SHORT,TBX7B,1829.2205489945916,1842.3351378786692,15.77,-15.11,-0.96,2023-04-09 14:15:00+00:00,2023-04-09 16:30,-0.96,-0.96,NORMAL,1.0,,2023-04,,,False,,,2023-04-09 16:30:00+00:00,False,False,-1.0,1844.9905489945916,True,2023-04-09 14:15:00+00:00|SHORT|TBX7B|1829.2205|15.77,0.0,True,0.4964775526574745,limit_retest,0.29616670859807404,-0.9067502222833482,0.29616670859807404,-2.8205105266587487,False,False,False,,0.0,0.0,4.212142857142859,,,False,False,False,False,,ambiguous_stop,0.1971460202159876,0.5223454612889963,0.40722260590701836,1.0827463162798883
ETHUSDT,15M,LONG,TBX0 (a),1857.0187169253243,1909.685723295279,7.93,44.55,5.62,2023-04-10 14:30:00+00:00,2023-04-11 05:45,5.62,2.62,NORMAL,1.0,,2023-04,,,False,,True,2023-04-11 05:45:00+00:00,False,False,1.0,1849.0887169253242,True,2023-04-10 14:30:00+00:00|LONG|TBX0 (a)|1857.0187|7.93,0.0,True,0.6316162579223555,market_like,10.212015520135653,-0.684579687934975,10.212015520135653,-0.684579687934975,False,False,False,,0.0,0.0,3.942857142857162,,,False,False,False,False,,clean_winner,0.1971460202159876,0.5223454612889963,0.40722260590701836,1.0827463162798883
ETHUSDT,1H,SHORT,TBX0,1913.06,1925.6436,12.58,-5.98,-0.48,2023-04-11 05:00:00+00:00,2023-04-11 07:45,-0.48,-0.48,YELLOW,0.5,День перед CPI,2023-04,,,False,,,2023-04-11 07:45:00+00:00,False,False,-1.0,1925.6399999999999,True,2023-04-11 05:00:00+00:00|SHORT|TBX0|1913.06|12.58,3.0,False,0.460254372019075,limit_retest,0.37996820349761307,-1.0683624801271903,1.5604133545309922,-1.0683624801271903,True,False,True,11.0,0.06836248012719026,0.1243416296602374,6.91642857142855,1.833068362480123,1.833068362480123,True,True,False,False,9.5,stop_hunt,0.4321185415586152,0.6756383432490256,0.6360653867547656,1.0796369927068623
ETHUSDT,1H,LONG,TBX0,1885.35,1895.0,11.76,11.58,0.98,2023-04-12 13:00:00+00:00,2023-04-12 19:15,0.98,-0.79,GREEN,1.2,CPI после 12:00 UTC,2023-04,,,False,,True,2023-04-12 19:15:00+00:00,False,False,1.0,1873.59,True,2023-04-12 13:00:00+00:00|LONG|TBX0|1885.35|11.76,0.0,True,0.389455782312919,market_like,4.0518707482993275,-0.7057823129251662,4.0518707482993275,-0.7057823129251662,False,False,False,,0.0,0.0,6.543571428571454,,,False,False,False,False,,clean_winner,0.4321185415586152,0.6756383432490256,0.6360653867547656,1.0796369927068623
ETHUSDT,15M,LONG,TBX0,1916.094777560244,1907.94,23.61,-11.66,-0.49,2023-04-12 21:15:00+00:00,2023-04-13 00:45,-0.49,-0.49,GREEN,1.2,CPI после 12:00 UTC,2023-04,,,False,,,2023-04-13 00:45:00+00:00,False,False,1.0,1892.484777560244,True,2023-04-12 21:15:00+00:00|LONG|TBX0|1916.0948|23.61,0.0,True,0.24120192970113902,market_like,0.5889547835559515,-0.5542048945465478,3.130250844547057,-0.7659795662958065,False,False,False,,0.0,0.0,7.302142857142875,,,False,False,False,False,,not_applicable,0.1971460202159876,0.5223454612889963,0.40722260590701836,1.0827463162798883
ETHUSDT,15M,LONG,TBX0,1916.157239671642,1907.7473856625907,14.82,-7.86,-0.53,2023-04-13 03:30:00+00:00,2023-04-13 06:45,-0.53,-0.53,GREEN,1.2,PPI утро до 09:00 UTC,2023-04,,,False,,,2023-04-13 06:45:00+00:00,False,False,1.0,1901.337239671642,True,2023-04-13 03:30:00+00:00|LONG|TBX0|1916.1572|14.82,0.0,True,0.44043452575181086,market_like,0.25929556871511833,-0.617897413741022,6.432709873708371,-0.617897413741022,False,False,False,,0.0,0.0,6.940000000000039,,,False,False,False,False,,not_applicable,0.1971460202159876,0.5223454612889963,0.40722260590701836,1.0827463162798883
ETHUSDT,15M,LONG,TBX0,1921.1244110775078,2001.9561196354389,14.62,78.54,5.37,2023-04-13 07:45:00+00:00,2023-04-13 20:00,5.37,5.37,GREEN,1.2,PPI утро до 09:00 UTC,2023-04,,,False,,,2023-04-13 20:00:00+00:00,False,False,1.0,1906.504411077508,True,2023-04-13 07:45:00+00:00|LONG|TBX0|1921.1244|14.62,0.0,True,0.2670595812248839,market_like,7.105033442030929,-0.2670595812248839,7.105033442030929,-0.2670595812248839,False,False,False,,0.0,0.0,4.603571428571399,,,False,False,False,False,,clean_winner,0.1971460202159876,0.5223454612889963,0.40722260590701836,1.0827463162798883
ETHUSDT,15M,LONG,TBX0,2017.5151908304501,2103.775236420175,16.06,50.09,3.12,2023-04-13 22:30:00+00:00,2023-04-14 12:45,3.12,0.12,NORMAL,1.0,,2023-04,,,False,,True,2023-04-14 12:45:00+00:00,False,False,1.0,2001.4551908304502,True,2023-04-13 22:30:00+00:00|LONG|TBX0|2017.5152|16.06,0.0,True,0.33407165818493445,market_like,7.479751504953284,-0.855242268396648,7.479751504953284,-0.855242268396648,False,False,False,,0.0,0.0,5.898571428571423,,,False,False,False,False,,clean_winner,0.1971460202159876,0.5223454612889963,0.40722260590701836,1.0827463162798883
ETHUSDT,1H,LONG,TBX7A,2103.29,2094.29,9.0,-8.55,-0.95,2023-04-18 23:00:00+00:00,2023-04-19 00:30,-0.95,-0.95,NORMAL,1.0,,2023-04,,,False,,,2023-04-19 00:30:00+00:00,False,False,1.0,2094.29,True,2023-04-18 23:00:00+00:00|LONG|TBX7A|2103.29|9.0,2.0,False,1.2211111111110868,limit_retest,0.5333333333333535,-1.4944444444444243,0.5333333333333535,-17.201111111111103,True,False,True,0.0,0.49444444444442426,0.712733096899644,6.243571428571386,0.5333333333333535,,True,False,False,False,0.5,ambiguous_stop,0.4321185415586152,0.6756383432490256,0.6360653867547656,1.0796369927068623
ETHUSDT,1H,SHORT,TBX7B,2068.55,1995.36,14.9,73.19,5.26,2023-04-19 06:00:00+00:00,2023-04-19 14:00,5.26,3.86,NORMAL,1.0,,2023-04,,,False,,True,2023-04-19 14:00:00+00:00,False,False,-1.0,2083.4500000000003,True,2023-04-19 06:00:00+00:00|SHORT|TBX7B|2068.55|14.9,3.0,False,1.3335570469798583,limit_retest,8.058389261744978,-1.4442953020134215,8.058389261744978,-1.4442953020134215,True,True,False,0.0,0.4442953020134215,1.2974940501190049,5.102142857142813,8.058389261744978,,True,True,True,True,2.25,winner_survived_stop_touch,0.4321185415586152,0.6756383432490256,0.6360653867547656,1.0796369927068623
ETHUSDT,1H,SHORT,TBX7B,1936.51,1942.286665068325,16.65,-4.45,-0.27,2023-04-20 16:00:00+00:00,2023-04-20 20:30,-0.27,-0.27,NORMAL,1.0,,2023-04,,,False,,,2023-04-20 20:30:00+00:00,False,False,-1.0,1953.16,True,2023-04-20 16:00:00+00:00|SHORT|TBX7B|1936.51|16.65,0.0,True,0.50450450450451,limit_retest,1.8474474474474472,-1.0750750750750806,1.8474474474474472,-1.2198198198198167,True,False,True,1.0,0.0750750750750806,0.09721682128771315,12.857857142857174,1.2918918918918914,1.2918918918918914,True,True,False,False,3.0,stop_hunt,0.4321185415586152,0.6756383432490256,0.6360653867547656,1.0796369927068623
ETHUSDT,15M,SHORT,TBX7B,1932.1928676958232,1927.2,13.96,6.99,0.5,2023-04-21 05:45:00+00:00,2023-04-21 07:45,0.5,0.5,NORMAL,1.0,,2023-04,,,False,,,2023-04-21 07:45:00+00:00,False,False,-1.0,1946.1528676958233,True,2023-04-21 05:45:00+00:00|SHORT|TBX7B|1932.1929|13.96,0.0,True,0.22973727107284142,market_like,2.6642455369500877,-0.39950804471180207,4.340463301993074,-0.39950804471180207,False,False,False,,0.0,0.0,4.620714285714257,,,False,False,False,False,,clean_winner,0.1971460202159876,0.5223454612889963,0.40722260590701836,1.0827463162798883
ETHUSDT,15M,SHORT,TBX7B,1900.544850597652,1855.55,23.14,50.22,2.17,2023-04-21 12:00:00+00:00,2023-04-22 01:30,2.17,2.17,NORMAL,1.0,,2023-04,,,False,,,2023-04-22 01:30:00+00:00,False,False,-1.0,1923.684850597652,True,2023-04-21 12:00:00+00:00|SHORT|TBX7B|1900.5449|23.14,0.0,True,0.3295224460824608,market_like,3.393900198688502,-0.9682432758145253,3.393900198688502,-0.9682432758145253,False,False,False,,0.0,0.0,8.141428571428573,,,False,False,False,False,,clean_winner,0.1971460202159876,0.5223454612889963,0.40722260590701836,1.0827463162798883
ETHUSDT,1H,SHORT,TBX7A,1846.81,1852.4206487438753,9.0,-5.34,-0.59,2023-04-24 06:00:00+00:00,2023-04-24 11:30,-0.59,-0.59,NORMAL,1.0,,2023-04,,,False,,,2023-04-24 11:30:00+00:00,False,False,-1.0,1855.81,True,2023-04-24 06:00:00+00:00|SHORT|TBX7A|1846.81|9.0,3.0,False,0.9666666666666717,limit_retest,2.362222222222221,-1.398888888888905,4.534444444444438,-3.199999999999995,True,True,False,0.0,0.39888888888890506,0.7677971280171431,4.675714285714272,4.534444444444438,,True,True,True,False,11.0,stop_hunt,0.4321185415586152,0.6756383432490256,0.6360653867547656,1.0796369927068623
ETHUSDT,15M,SHORT,TBX7A,1848.0376888710161,1823.72,19.75,24.32,1.23,2023-04-24 14:30:00+00:00,2023-04-25 08:00,1.23,1.23,NORMAL,1.0,,2023-04,,,False,,,2023-04-25 08:00:00+00:00,False,False,-1.0,1867.7876888710161,True,2023-04-24 14:30:00+00:00|SHORT|TBX7A|1848.0377|19.75,0.0,True,0.9515094242523434,limit_retest,2.128490575747653,-1.0715094242523495,2.128490575747653,-1.0715094242523495,True,False,True,0.0,0.07150942425234952,0.151014708667033,9.352142857142862,2.128490575747653,2.128490575747653,True,True,True,False,2.5,winner_survived_stop_touch,0.1971460202159876,0.5223454612889963,0.40722260590701836,1.0827463162798883
ETHUSDT,1H,LONG,TBX0,1823.72,1814.42,28.58,-9.3,-0.33,2023-04-25 08:00:00+00:00,2023-04-25 10:00,-0.33,-0.33,NORMAL,1.0,,2023-04,,,False,,,2023-04-25 10:00:00+00:00,False,False,1.0,1795.14,True,2023-04-25 08:00:00+00:00|LONG|TBX0|1823.72|28.58,3.0,False,0.3247025892232321,limit_retest,0.03149055283414498,-0.6745976207137849,0.8145556333100061,-0.9006298110566834,False,False,False,,0.0,0.0,6.270714285714299,,,False,False,False,False,,not_applicable,0.4321185415586152,0.6756383432490256,0.6360653867547656,1.0796369927068623
ETHUSDT,1H,LONG,TBX0,1825.22,1811.3876,13.83,-12.72,-0.92,2023-04-25 11:00:00+00:00,2023-04-25 14:00,-0.92,-0.92,NORMAL,1.0,,2023-04,,,False,,,2023-04-25 14:00:00+00:00,False,False,1.0,1811.39,True,2023-04-25 11:00:00+00:00|LONG|TBX0|1825.22|13.83,2.0,False,0.7657266811279767,limit_retest,0.6305133767172832,-1.0281995661605225,3.7874186550976052,-1.9696312364425168,True,False,True,12.0,0.02819956616052255,0.058140773080613196,6.707857142857132,4.234996384671001,,True,True,True,False,10.25,stop_hunt,0.4321185415586152,0.6756383432490256,0.6360653867547656,1.0796369927068623
ETHUSDT,1H,SHORT,TBX7B,1811.28,1821.28,10.0,-10.0,-1.0,2023-04-25 14:00:00+00:00,2023-04-25 15:00,-1.0,-1.0,NORMAL,1.0,,2023-04,,,False,,,2023-04-25 15:00:00+00:00,False,False,-1.0,1821.28,True,2023-04-25 14:00:00+00:00|SHORT|TBX7B|1811.28|10.0,0.0,True,0.9660000000000082,limit_retest,1.3299999999999954,-1.4870000000000119,1.3299999999999954,-7.2509999999999994,True,False,True,0.0,0.48700000000001187,0.6451551854655689,7.548571428571465,1.3299999999999954,1.3299999999999954,True,True,False,False,0.5,ambiguous_stop,0.4321185415586152,0.6756383432490256,0.6360653867547656,1.0796369927068623
ETHUSDT,1H,LONG,TBX0 (a),1866.3,1859.85,6.45,-6.26,-0.97,2023-04-26 00:00:00+00:00,2023-04-26 07:15,-0.97,-0.97,NORMAL,1.0,,2023-04,,,False,,,2023-04-26 07:15:00+00:00,False,False,1.0,1859.85,True,2023-04-26 00:00:00+00:00|LONG|TBX0 (a)|1866.3|6.45,0.0,True,0.13953488372090908,market_like,2.7116279069767457,-1.379844961240289,8.246511627906985,-1.3968992248062002,True,False,True,29.0,0.379844961240289,0.3802660753880044,6.442857142857163,15.255813953488385,,True,True,True,True,5.25,stop_hunt,0.4321185415586152,0.6756383432490256,0.6360653867547656,1.0796369927068623
ETHUSDT,1H,SHORT,TBX0,1861.09,1867.71,6.62,-6.42,-0.97,2023-04-26 07:00:00+00:00,2023-04-26 08:15,-0.97,-0.97,NORMAL,1.0,,2023-04,,,False,,,2023-04-26 08:15:00+00:00,False,False,-1.0,1867.7099999999998,True,2023-04-26 07:00:00+00:00|SHORT|TBX0|1861.09|6.62,1.0,False,0.6223564954682957,limit_retest,0.5740181268882106,-2.1012084592145137,0.5740181268882106,-15.651057401812707,True,True,False,5.0,1.1012084592145137,1.9634474797999615,3.7128571428571115,11.94259818731117,,True,True,True,True,11.75,hopeless,0.4321185415586152,0.6756383432490256,0.6360653867547656,1.0796369927068623
ETHUSDT,1H,LONG,TBX7A,1876.37,1926.8251816553845,10.18,50.46,4.63,2023-04-26 08:00:00+00:00,2023-04-26 19:15,4.63,0.63,NORMAL,1.0,,2023-04,,,False,,True,2023-04-26 19:15:00+00:00,False,False,1.0,1866.1899999999998,True,2023-04-26 08:00:00+00:00|LONG|TBX7A|1876.37|10.18,3.0,False,1.4999999999999982,limit_retest,8.676817288801587,-1.5275049115913513,8.676817288801587,-5.920432220039291,True,True,False,0.0,0.5275049115913513,1.2592964824120585,4.264285714285685,8.676817288801587,,True,True,True,True,4.5,winner_survived_stop_touch,0.4321185415586152,0.6756383432490256,0.6360653867547656,1.0796369927068623
ETHUSDT,15M,SHORT,TBX4,1872.095266389317,1898.500068891614,29.91,-25.51,-0.85,2023-04-27 12:30:00+00:00,2023-04-27 14:00,-0.85,-0.85,NORMAL,1.0,,2023-04,,,False,,,2023-04-27 14:00:00+00:00,False,False,-1.0,1902.005266389317,True,2023-04-27 12:30:00+00:00|SHORT|TBX4|1872.0953|29.91,0.0,True,0.3191151324200309,market_like,0.4528674820901712,-0.9329566569937487,0.4528674820901712,-2.1934046676925134,False,False,False,,0.0,0.0,8.358571428571427,,,False,False,False,False,,not_applicable,0.1971460202159876,0.5223454612889963,0.40722260590701836,1.0827463162798883
ETHUSDT,15M,LONG,TBX7B,1900.338986529165,1886.5635118620448,21.37,-12.11,-0.57,2023-04-28 19:00:00+00:00,2023-04-28 23:15,-0.57,-0.57,NORMAL,1.0,,2023-04,,,False,,,2023-04-28 23:15:00+00:00,False,False,1.0,1878.968986529165,True,2023-04-28 19:00:00+00:00|LONG|TBX7B|1900.339|21.37,0.0,True,0.3434247322959716,market_like,0.3430516364452578,-0.6883007266806178,0.3430516364452578,-0.7131018497503511,False,False,False,,0.0,0.0,7.1314285714285495,,,False,False,False,False,,not_applicable,0.1971460202159876,0.5223454612889963,0.40722260590701836,1.0827463162798883
ETHUSDT,15M,LONG,TBX7A,1906.25416270903,1917.28,9.13,9.91,1.09,2023-04-30 13:15:00+00:00,2023-04-30 18:00,1.09,1.09,NORMAL,1.0,,2023-04,,,False,,,2023-04-30 18:00:00+00:00,False,False,1.0,1897.1241627090299,True,2023-04-30 13:15:00+00:00|LONG|TBX7A|1906.2542|9.13,0.0,True,0.5634351269474337,market_like,3.6961486627568485,-0.6236760908028504,3.6961486627568485,-4.639010154329669,False,False,False,,0.0,0.0,4.165714285714281,,,False,False,False,False,,clean_winner,0.1971460202159876,0.5223454612889963,0.40722260590701836,1.0827463162798883
ETHUSDT,1H,SHORT,TBX0,1917.28,1843.4994287326801,7.11,73.78,10.38,2023-04-30 18:00:00+00:00,2023-05-01 03:15,10.38,25.44,NORMAL,1.0,,2023-04,,,False,,True,2023-05-01 03:15:00+00:00,False,False,-1.0,1924.3899999999999,True,2023-04-30 18:00:00+00:00|SHORT|TBX0|1917.28|7.11,0.0,True,0.5161744022503618,limit_retest,13.517580872011237,-0.766526019690583,13.517580872011237,-0.766526019690583,False,False,False,,0.0,0.0,10.14714285714287,,,False,False,False,False,,clean_winner,0.4321185415586152,0.6756383432490256,0.6360653867547656,1.0796369927068623
ETHUSDT,15M,SHORT,TBX0,1843.9480132652257,1847.88,6.71,-4.82,-0.72,2023-05-01 09:45:00+00:00,2023-05-01 12:15,-0.72,-0.72,NORMAL,1.0,,2023-05,,,False,,,2023-05-01 12:15:00+00:00,False,False,-1.0,1850.6580132652257,True,2023-05-01 09:45:00+00:00|SHORT|TBX0|1843.948|6.71,0.0,True,0.2163914656891858,market_like,0.6152031691841606,-0.6023825238113792,5.762744152790713,-1.1597595729917085,False,False,False,,0.0,0.0,3.4900000000000255,,,False,False,False,False,,not_applicable,0.1971460202159876,0.5223454612889963,0.40722260590701836,1.0827463162798883
ETHUSDT,15M,SHORT,TBX0,1843.8312645872468,1839.9776200074566,5.53,7.74,1.4,2023-05-01 13:30:00+00:00,2023-05-01 16:45,1.4,1.4,NORMAL,1.0,,2023-05,,,False,,,2023-05-01 16:45:00+00:00,False,False,-1.0,1849.3612645872468,True,2023-05-01 13:30:00+00:00|SHORT|TBX0|1843.8313|5.53,0.0,True,0.894888863065677,limit_retest,4.309451100767952,-1.05402087029897,6.971295585397252,-1.05402087029897,True,False,True,0.0,0.05402087029896996,0.06742375912536233,4.430714285714316,6.971295585397252,6.971295585397252,True,True,True,True,7.5,winner_survived_stop_touch,0.1971460202159876,0.5223454612889963,0.40722260590701836,1.0827463162798883
ETHUSDT,15M,SHORT,TBX0,1823.8005019206507,1832.970931689694,10.48,-6.92,-0.66,2023-05-02 01:45:00+00:00,2023-05-02 07:00,-0.66,-0.66,YELLOW,0.8,День перед FOMC,2023-05,,,False,,,2023-05-02 07:00:00+00:00,False,False,-1.0,1834.2805019206507,True,2023-05-02 01:45:00+00:00|SHORT|TBX0|1823.8005|10.48,0.0,True,0.8873566869607994,limit_retest,0.24336850387888656,-0.9388834045180695,0.24336850387888656,-1.5915551602432525,False,False,False,,0.0,0.0,5.471428571428613,,,False,False,False,False,,not_applicable,0.1971460202159876,0.5223454612889963,0.40722260590701836,1.0827463162798883
ETHUSDT,15M,SHORT,TBX0,1828.7112038619773,1835.5074343596102,10.03,-5.57,-0.55,2023-05-02 09:00:00+00:00,2023-05-02 12:30,-0.55,-0.55,YELLOW,0.8,День перед FOMC,2023-05,,,False,,,2023-05-02 12:30:00+00:00,False,False,-1.0,1838.7412038619773,True,2023-05-02 09:00:00+00:00|SHORT|TBX0|1828.7112|10.03,0.0,True,0.31094677348181626,market_like,0.38995053459395373,-1.105562925027183,0.5694121497484856,-5.372761329812822,True,False,True,14.0,0.10556292502718301,0.2744010724234921,3.858571428571427,0.5694121497484856,0.5694121497484856,True,False,False,False,1.0,ambiguous_stop,0.1971460202159876,0.5223454612889963,0.40722260590701836,1.0827463162798883
ETHUSDT,15M,SHORT,TBX0,1826.3016391803462,1837.032375868518,11.48,-8.31,-0.72,2023-05-02 13:30:00+00:00,2023-05-02 14:15,-0.72,-0.72,YELLOW,0.8,День перед FOMC,2023-05,,,False,,,2023-05-02 14:15:00+00:00,False,False,-1.0,1837.7816391803462,True,2023-05-02 13:30:00+00:00|SHORT|TBX0|1826.3016|11.48,0.0,True,0.26727881704300194,market_like,0.2875992317374763,-2.54079798080608,0.2875992317374763,-4.904038398924537,True,True,False,3.0,1.5407979808060799,3.439881253995748,5.142142857142842,-1.4240732421301274,,False,False,False,False,0.75,hopeless,0.1971460202159876,0.5223454612889963,0.40722260590701836,1.0827463162798883
ETHUSDT,1H,LONG,TBX0 (a),1869.93,1862.6903392085596,16.26,-5.4,-0.33,2023-05-02 18:00:00+00:00,2023-05-03 00:30,-0.33,-0.33,YELLOW,0.8,День перед FOMC,2023-05,,,False,,,2023-05-03 00:30:00+00:00,False,False,1.0,1853.67,True,2023-05-02 18:00:00+00:00|LONG|TBX0 (a)|1869.93|16.26,2.0,False,0.6107011070110739,limit_retest,0.7792127921279117,-0.8462484624846242,0.7792127921279117,-1.0528905289052963,False,False,False,,0.0,0.0,8.754285714285711,,,False,False,False,False,,not_applicable,0.4321185415586152,0.6756383432490256,0.6360653867547656,1.0796369927068623
ETHUSDT,15M,LONG,TBX0 (a),1864.5456243149213,1863.0840453174708,6.19,-1.52,-0.25,2023-05-03 06:30:00+00:00,2023-05-03 11:30,-0.25,-0.25,NORMAL,1.0,,2023-05,,,False,,,2023-05-03 11:30:00+00:00,False,False,1.0,1858.3556243149212,True,2023-05-03 06:30:00+00:00|LONG|TBX0 (a)|1864.5456|6.19,0.0,True,0.7731218602457639,market_like,1.1638732932275815,-0.8199716179194252,5.404584117137113,-3.689115398210215,False,False,False,,0.0,0.0,3.3871428571428623,,,False,False,False,False,,not_applicable,0.1971460202159876,0.5223454612889963,0.40722260590701836,1.0827463162798883
ETHUSDT,15M,LONG,TBX0 (a),1885.1350230126282,1903.52,21.24,9.06,0.43,2023-05-03 21:15:00+00:00,2023-05-04 12:00,0.43,0.43,GREEN,1.2,FOMC после решения 18+ UTC,2023-05,,,False,,,2023-05-04 12:00:00+00:00,False,False,1.0,1863.8950230126281,True,2023-05-03 21:15:00+00:00|LONG|TBX0 (a)|1885.135|21.24,0.0,True,0.37264703449284964,market_like,1.5760346980871822,-0.39053780662091503,1.513887805431818,-0.39053780662091503,False,False,False,,0.0,0.0,14.908571428571415,,,False,False,False,False,,clean_winner,0.1971460202159876,0.5223454612889963,0.40722260590701836,1.0827463162798883
ETHUSDT,15M,SHORT,TBX0 (a) or TBX1,1899.2017912636975,1907.3,8.1,-7.86,-0.97,2023-05-07 09:15:00+00:00,2023-05-07 09:30,-0.97,-0.97,NORMAL,1.0,,2023-05,,,False,,,2023-05-07 09:30:00+00:00,False,False,-1.0,1907.3017912636974,True,2023-05-07 09:15:00+00:00|SHORT|TBX0 (a) or TBX1|1899.2018|8.1,0.0,True,0.3652109550990858,limit_retest,0.13355447699970324,-1.270149226704015,0.5286162053947425,-4.172618362506483,True,False,True,1.0,0.2701492267040151,0.46950072503042617,4.660714285714286,0.5286162053947425,0.5286162053947425,True,False,False,False,1.75,ambiguous_stop,0.1971460202159876,0.5223454612889963,0.40722260590701836,1.0827463162798883
ETHUSDT,15M,SHORT,TBX0 (a) or TBX1,1900.22,1906.465087339239,10.27,-6.25,-0.61,2023-05-07 10:00:00+00:00,2023-05-07 11:30,-0.61,-0.61,NORMAL,1.0,,2023-05,,,False,,,2023-05-07 11:30:00+00:00,False,False,-1.0,1910.49,True,2023-05-07 10:00:00+00:00|SHORT|TBX0 (a) or TBX1|1900.22|10.27,0.0,True,0.2921129503407984,market_like,0.5160662122687395,-0.6845180136319351,0.5160662122687395,-3.191820837390455,False,False,False,,0.0,0.0,4.852142857142845,,,False,False,False,False,,not_applicable,0.1971460202159876,0.5223454612889963,0.40722260590701836,1.0827463162798883
ETHUSDT,15M,SHORT,TBX0 (a) or TBX1,1908.6628271064283,1861.9650830475057,10.99,46.7,4.25,2023-05-07 21:45:00+00:00,2023-05-08 11:30,4.25,4.25,NORMAL,1.0,,2023-05,,,False,,,2023-05-08 11:30:00+00:00,False,False,-1.0,1919.6528271064283,True,2023-05-07 21:45:00+00:00|SHORT|TBX0 (a) or TBX1|1908.6628|10.99,0.0,True,0.48836878012481394,limit_retest,6.884697643897021,-0.5766308365397391,6.884697643897021,-0.5766308365397391,False,False,False,,0.0,0.0,5.203571428571438,,,False,False,False,False,,clean_winner,0.1971460202159876,0.5223454612889963,0.40722260590701836,1.0827463162798883
ETHUSDT,15M,LONG,TBX0 (a),1804.255928781763,1806.881763415188,7.52,2.63,0.35,2023-05-14 12:45:00+00:00,2023-05-14 16:45,0.35,0.35,NORMAL,1.0,,2023-05,,,False,,,2023-05-14 16:45:00+00:00,False,False,1.0,1796.735928781763,True,2023-05-14 12:45:00+00:00|LONG|TBX0 (a)|1804.2559|7.52,0.0,True,0.21355435927698685,market_like,2.794424364127254,-0.2800437209791145,2.794424364127254,-2.42765010395785,False,False,False,,0.0,0.0,2.8642857142857077,,,False,False,False,False,,clean_winner,0.1971460202159876,0.5223454612889963,0.40722260590701836,1.0827463162798883
ETHUSDT,1H,SHORT,TBX0,1805.29,1799.1442691883433,5.94,6.15,1.04,2023-05-14 17:00:00+00:00,2023-05-15 01:15,1.04,1.04,NORMAL,1.0,,2023-05,,,False,,,2023-05-15 01:15:00+00:00,False,False,-1.0,1811.23,True,2023-05-14 17:00:00+00:00|SHORT|TBX0|1805.29|5.94,0.0,True,0.22053872053871135,market_like,3.6666666666666616,-1.4797979797979737,3.6666666666666616,-5.397306397306388,True,False,True,33.0,0.4797979797979737,0.4556875285518434,6.254285714285727,-0.15824915824916744,,False,False,False,False,0.25,winner_survived_stop_touch,0.4321185415586152,0.6756383432490256,0.6360653867547656,1.0796369927068623
ETHUSDT,1H,SHORT,TBX0,1815.56,1812.9874030015926,9.0,2.57,0.29,2023-05-15 23:00:00+00:00,2023-05-16 07:00,0.29,0.29,NORMAL,1.0,,2023-05,,,False,,,2023-05-16 07:00:00+00:00,False,False,-1.0,1824.56,True,2023-05-15 23:00:00+00:00|SHORT|TBX0|1815.56|9.0,3.0,False,0.7222222222222222,limit_retest,2.2844444444444383,-0.7600000000000162,2.2844444444444383,-1.2622222222222363,False,False,False,,0.0,0.0,2.905000000000005,,,False,False,False,False,,clean_winner,0.4321185415586152,0.6756383432490256,0.6360653867547656,1.0796369927068623
ETHUSDT,15M,SHORT,TBX0,1812.500609978598,1822.1742815896164,10.38,-11.44,-1.1,2023-05-16 13:30:00+00:00,2023-05-16 15:15,-1.1,-1.1,GREEN,1.25,День Retail Sales,2023-05,,,False,,,2023-05-16 15:15:00+00:00,False,False,-1.0,1822.8806099785982,True,2023-05-16 13:30:00+00:00|SHORT|TBX0|1812.5006|10.38,0.0,True,0.5953169577458587,limit_retest,0.28907610583796234,-0.9614055897304401,0.28907610583796234,-1.968149327688055,False,False,False,,0.0,0.0,4.943571428571398,,,False,False,False,False,,ambiguous_stop,0.1971460202159876,0.5223454612889963,0.40722260590701836,1.0827463162798883
ETHUSDT,15M,SHORT,TBX0,1816.565295232189,1824.7308069652372,8.9,-12.26,-1.38,2023-05-16 19:45:00+00:00,2023-05-16 21:15,-1.38,-1.38,GREEN,1.25,День Retail Sales,2023-05,,,False,,,2023-05-16 21:15:00+00:00,False,False,-1.0,1825.4652952321892,True,2023-05-16 19:45:00+00:00|SHORT|TBX0|1816.5653|8.9,0.0,True,0.4634499739113431,limit_retest,0.38598822833584173,-1.1398544682933636,0.38598822833584173,-2.391539861551776,True,True,False,6.0,0.13985446829336357,0.2022266072804118,6.155000000000006,1.8275612620437243,,True,True,False,False,11.75,stop_hunt,0.1971460202159876,0.5223454612889963,0.40722260590701836,1.0827463162798883
ETHUSDT,1H,LONG,TBX7A,1830.51,1822.31,9.0,-8.28,-0.92,2023-05-17 01:00:00+00:00,2023-05-17 02:45,-0.92,-0.92,NORMAL,1.0,,2023-05,,,False,,,2023-05-17 02:45:00+00:00,False,False,1.0,1821.51,True,2023-05-17 01:00:00+00:00|LONG|TBX7A|1830.51|9.0,2.0,False,0.6466666666666596,limit_retest,0.8155555555555465,-0.9344444444444535,0.8155555555555465,-4.834444444444443,False,False,False,,0.0,0.0,4.1371428571428135,,,False,False,False,False,,not_applicable,0.4321185415586152,0.6756383432490256,0.6360653867547656,1.0796369927068623
ETHUSDT,1H,SHORT,TBX7B,1789.41,1801.095,11.68,-11.34,-0.97,2023-05-17 11:00:00+00:00,2023-05-17 16:30,-0.97,-0.97,NORMAL,1.0,,2023-05,,,False,,,2023-05-17 16:30:00+00:00,False,False,-1.0,1801.0900000000001,True,2023-05-17 11:00:00+00:00|SHORT|TBX7B|1789.41|11.68,1.0,False,1.333904109589035,limit_retest,0.7200342465753495,-1.3347602739725957,0.7200342465753495,-3.8852739726027297,True,True,False,0.0,0.33476027397259567,0.9140090165302847,4.27785714285715,0.7200342465753495,,True,False,False,False,3.0,ambiguous_stop,0.4321185415586152,0.6756383432490256,0.6360653867547656,1.0796369927068623
ETHUSDT,1H,LONG,TBX0,1815.12,1820.6074771270555,19.39,5.49,0.28,2023-05-17 17:00:00+00:00,2023-05-18 05:15,0.28,0.28,NORMAL,1.0,,2023-05,,,False,,,2023-05-18 05:15:00+00:00,False,False,1.0,1795.7299999999998,True,2023-05-17 17:00:00+00:00|LONG|TBX0|1815.12|19.39,3.0,False,0.6049510056730165,limit_retest,1.0144404332130001,-0.8096957194430024,1.0144404332130001,-0.8096957194430024,False,False,False,,0.0,0.0,6.752142857142871,,,False,False,False,False,,clean_winner,0.4321185415586152,0.6756383432490256,0.6360653867547656,1.0796369927068623
ETHUSDT,15M,LONG,TBX0,1821.9278924379523,1820.84,7.9,-1.17,-0.15,2023-05-18 07:30:00+00:00,2023-05-18 12:15,-0.15,-0.15,NORMAL,1.0,,2023-05,,,False,,,2023-05-18 12:15:00+00:00,False,False,1.0,1814.0278924379522,True,2023-05-18 07:30:00+00:00|LONG|TBX0|1821.9279|7.9,0.0,True,0.2592268908800271,market_like,1.2065958939300903,-0.26049271366486487,1.2065958939300903,-6.573150941512952,False,False,False,,0.0,0.0,3.5557142857142674,,,False,False,False,False,,not_applicable,0.1971460202159876,0.5223454612889963,0.40722260590701836,1.0827463162798883
ETHUSDT,15M,LONG,TBX0,1822.1179279138917,1812.9,9.22,-9.22,-1.0,2023-05-18 14:30:00+00:00,2023-05-18 14:30,-1.0,-1.0,NORMAL,1.0,,2023-05,,,False,,,2023-05-18 14:30:00+00:00,False,False,1.0,1812.8979279138916,True,2023-05-18 14:30:00+00:00|LONG|TBX0|1822.1179|9.22,0.0,True,0.31756268046546726,market_like,0.17592972734363843,-1.0963045459752354,0.17592972734363843,-5.652703678296275,True,True,False,0.0,0.09630454597523541,0.1798725335621966,4.936428571428564,-0.06593578241775182,,True,False,False,False,7.0,hopeless,0.1971460202159876,0.5223454612889963,0.40722260590701836,1.0827463162798883
ETHUSDT,15M,LONG,TBX7A,1814.124730293145,1809.347927626935,6.88,-4.57,-0.66,2023-05-21 14:15:00+00:00,2023-05-21 15:30,-0.66,-0.66,NORMAL,1.0,,2023-05,,,False,,,2023-05-21 15:30:00+00:00,False,False,1.0,1807.2447302931448,True,2023-05-21 14:15:00+00:00|LONG|TBX7A|1814.1247|6.88,0.0,True,0.2753968449338522,market_like,0.47605664343825144,-1.8727805658640861,0.47605664343825144,-3.396036379817577,True,True,False,5.0,0.8727805658640861,2.072638661341912,2.8971428571428857,-0.4687107984222137,,True,False,False,False,4.5,hopeless,0.1971460202159876,0.5223454612889963,0.40722260590701836,1.0827463162798883
ETHUSDT,1H,SHORT,TBX7B,1793.36,1803.36,10.0,-9.2,-0.92,2023-05-22 01:00:00+00:00,2023-05-22 02:45,-0.92,-0.92,NORMAL,1.0,,2023-05,,,False,,,2023-05-22 02:45:00+00:00,False,False,-1.0,1803.36,True,2023-05-22 01:00:00+00:00|SHORT|TBX7B|1793.36|10.0,3.0,False,0.4759999999999991,limit_retest,0.2599999999999909,-1.0100000000000136,0.2599999999999909,-2.63900000000001,True,False,True,7.0,0.010000000000013554,0.024488368025221096,4.08357142857145,-0.61400000000001,-0.61400000000001,True,False,False,False,0.5,ambiguous_stop,0.4321185415586152,0.6756383432490256,0.6360653867547656,1.0796369927068623
ETHUSDT,15M,SHORT,TBX7B,1810.5612335038345,1816.1867659161674,5.63,-5.35,-0.95,2023-05-22 12:45:00+00:00,2023-05-22 13:30,-0.95,-0.95,NORMAL,1.0,,2023-05,,,False,,,2023-05-22 13:30:00+00:00,False,False,-1.0,1816.1912335038346,True,2023-05-22 12:45:00+00:00|SHORT|TBX7B|1810.5612|5.63,0.0,True,0.25200115384822686,market_like,0.4353878337184016,-3.095695647631529,0.6840556845176669,-3.095695647631529,True,True,False,3.0,2.095695647631529,4.168123415248993,2.830714285714277,0.6840556845176669,,True,False,False,False,0.5,hopeless,0.1971460202159876,0.5223454612889963,0.40722260590701836,1.0827463162798883
ETHUSDT,15M,SHORT,TBX7B,1809.5591029189022,1824.75,15.19,-13.98,-0.92,2023-05-22 14:00:00+00:00,2023-05-22 21:30,-0.92,-0.92,NORMAL,1.0,,2023-05,,,False,,,2023-05-22 21:30:00+00:00,False,False,-1.0,1824.7491029189023,True,2023-05-22 14:00:00+00:00|SHORT|TBX7B|1809.5591|15.19,0.0,True,0.7782025728175038,limit_retest,0.18756437912456816,-1.0494336458918876,0.18756437912456816,-2.266681835490308,True,False,True,30.0,0.04943364589188759,0.15067448954233698,4.983571428571411,-0.3088148177154558,-0.3088148177154558,True,False,False,False,3.25,ambiguous_stop,0.1971460202159876,0.5223454612889963,0.40722260590701836,1.0827463162798883
ETHUSDT,15M,LONG,TBX7B,1855.328618542655,1847.62,9.66,-7.71,-0.8,2023-05-23 14:45:00+00:00,2023-05-23 17:15,-0.8,-0.8,NORMAL,1.0,,2023-05,,,False,,,2023-05-23 17:15:00+00:00,False,False,1.0,1845.668618542655,True,2023-05-23 14:45:00+00:00|LONG|TBX7B|1855.3286|9.66,0.0,True,0.21724829634109769,market_like,0.4835798610087969,-0.8953021265688362,0.4835798610087969,-1.4584491244984485,False,False,False,,0.0,0.0,4.897857142857139,,,False,False,False,False,,not_applicable,0.1971460202159876,0.5223454612889963,0.40722260590701836,1.0827463162798883
ETHUSDT,15M,SHORT,TBX7A,1739.4364531443443,1744.1480408039774,6.64,-5.31,-0.8,2023-06-14 05:15:00+00:00,2023-06-14 08:30,-0.8,-0.8,GREEN,1.2,PPI утро до 09:00 UTC,2023-06,,,False,,,2023-06-14 08:30:00+00:00,False,False,-1.0,1746.0764531443444,True,2023-06-14 05:15:00+00:00|SHORT|TBX7A|1739.4365|6.64,0.0,True,0.3424016348879059,market_like,0.5476586060759618,-0.9267389842854785,0.9693453530639068,-1.5381847674180347,False,False,False,,0.0,0.0,2.4807142857142384,,,False,False,False,False,,not_applicable,0.1971460202159876,0.5223454612889963,0.40722260590701836,1.0827463162798883
ETHUSDT,1H,SHORT,TBX7A,1733.12,1647.5287257720418,9.0,102.71,14.56,2023-06-14 18:00:00+00:00,2023-06-15 13:30,14.56,14.61,GREEN,1.2,FOMC после решения 18+ UTC,2023-06,,,False,,True,2023-06-15 13:30:00+00:00,False,False,-1.0,1742.12,True,2023-06-14 18:00:00+00:00|SHORT|TBX7A|1733.12|9.0,0.0,True,1.09777777777779,limit_retest,11.957777777777766,-1.5422222222222344,11.957777777777766,-1.5422222222222344,True,False,True,0.0,0.5422222222222344,0.8393120393120571,5.814285714285721,11.957777777777766,0.8999999999999899,True,True,True,True,2.5,winner_survived_stop_touch,0.4321185415586152,0.6756383432490256,0.6360653867547656,1.0796369927068623
ETHUSDT,15M,LONG,TBX0,1743.9962592318634,1733.12,14.16,-13.06,-0.92,2023-06-14 18:45:00+00:00,2023-06-14 18:45,-0.92,-0.92,GREEN,1.2,FOMC после решения 18+ UTC,2023-06,,,False,,,2023-06-14 18:45:00+00:00,False,False,1.0,1729.8362592318633,True,2023-06-14 18:45:00+00:00|LONG|TBX0|1743.9963|14.16,0.0,True,0.23419909829543373,market_like,0.0638235005746247,-0.8330691547926101,0.0638235005746247,-8.36837988925589,False,False,False,,0.0,0.0,7.511428571428577,,,False,False,False,False,,not_applicable,0.1971460202159876,0.5223454612889963,0.40722260590701836,1.0827463162798883
ETHUSDT,1H,LONG,TBX0 (a),1669.94,1666.5227358934833,5.37,-4.07,-0.76,2023-06-16 10:00:00+00:00,2023-06-16 11:15,-0.76,-0.76,GREEN,1.25,Канун праздника (прочие),2023-06,,,False,,,2023-06-16 11:15:00+00:00,False,False,1.0,1664.5700000000002,True,2023-06-16 10:00:00+00:00|LONG|TBX0 (a)|1669.94|5.37,0.0,True,0.05586592178770103,market_like,0.2253258845437684,-1.0689013035381767,11.18435754189943,-4.709497206703904,True,False,True,5.0,0.0689013035381767,0.14015151515151753,2.6400000000000188,11.18435754189943,,True,True,True,True,6.75,stop_hunt,0.4321185415586152,0.6756383432490256,0.6360653867547656,1.0796369927068623
ETHUSDT,15M,LONG,TBX0 (a),1671.0823010372887,1662.6,8.48,-15.42,-1.82,2023-06-16 13:15:00+00:00,2023-06-16 13:45,-1.82,-1.82,GREEN,1.25,Канун праздника (прочие),2023-06,,,False,,,2023-06-16 13:45:00+00:00,False,False,1.0,1662.6023010372887,True,2023-06-16 13:15:00+00:00|LONG|TBX0 (a)|1671.0823|8.48,0.0,True,0.40593172609535894,market_like,0.2131720474895467,-1.0910732355293415,6.947841858810289,-3.117016631755737,True,True,False,2.0,0.09107323552934155,0.23586855414579713,3.274285714285741,6.947841858810289,,True,True,True,True,4.25,stop_hunt,0.1971460202159876,0.5223454612889963,0.40722260590701836,1.0827463162798883
ETHUSDT,15M,LONG,TBX0 (a),1673.4592209255247,1734.237088258048,13.33,56.74,4.26,2023-06-16 14:45:00+00:00,2023-06-17 11:15,4.26,4.26,GREEN,1.25,Канун праздника (прочие),2023-06,,,False,,,2023-06-17 11:15:00+00:00,False,False,1.0,1660.1292209255248,True,2023-06-16 14:45:00+00:00|LONG|TBX0 (a)|1673.4592|13.33,0.0,True,0.8754104220198626,market_like,7.617462796284716,-2.161231877383694,4.241618835294469,-2.161231877383694,True,False,True,0.0,1.161231877383694,2.6382894199822826,5.8671428571428645,4.241618835294469,4.241618835294469,True,True,True,False,3.25,winner_survived_stop_touch,0.1971460202159876,0.5223454612889963,0.40722260590701836,1.0827463162798883
ETHUSDT,15M,SHORT,TBX7A,1720.064041298519,1725.12,5.06,-5.11,-1.01,2023-06-19 09:15:00+00:00,2023-06-19 10:00,-1.01,-1.01,NORMAL,1.0,,2023-06,,,False,,,2023-06-19 10:00:00+00:00,False,False,-1.0,1725.124041298519,True,2023-06-19 09:15:00+00:00|SHORT|TBX7A|1720.064|5.06,0.0,True,0.2877388738104733,market_like,0.2122611261895213,-1.0743001386326114,6.081826343580835,-6.5090827473282635,True,False,True,3.0,0.07430013863261142,0.1683217723291999,2.233571428571476,6.081826343580835,,True,True,True,True,6.5,stop_hunt,0.1971460202159876,0.5223454612889963,0.40722260590701836,1.0827463162798883
ETHUSDT,15M,SHORT,TBX7A,1720.2099496479436,1725.1,4.89,-4.19,-0.86,2023-06-19 10:45:00+00:00,2023-06-19 11:45,-0.86,-0.86,NORMAL,1.0,,2023-06,,,False,,,2023-06-19 11:45:00+00:00,False,False,-1.0,1725.0999496479437,True,2023-06-19 10:45:00+00:00|SHORT|TBX7A|1720.2099|4.89,0.0,True,0.8159612171894508,limit_retest,0.18608377258561895,-1.184059376698644,6.323098087514043,-6.705531769336681,True,False,True,4.0,0.18405937669864403,0.34847082214571296,2.5828571428571814,6.323098087514043,,True,True,True,True,4.75,stop_hunt,0.1971460202159876,0.5223454612889963,0.40722260590701836,1.0827463162798883
ETHUSDT,15M,SHORT,TBX7A,1721.2582527430359,1741.34,24.32,-23.59,-0.97,2023-06-19 18:45:00+00:00,2023-06-20 01:00,-0.97,-0.97,NORMAL,1.0,,2023-06,,,False,,,2023-06-20 01:00:00+00:00,False,False,-1.0,1745.5782527430358,True,2023-06-19 18:45:00+00:00|SHORT|TBX7A|1721.2583|24.32,0.0,True,0.6176705286580629,limit_retest,0.8025597344998303,-1.1406968444475378,0.8025597344998303,-1.1406968444475378,True,True,False,25.0,0.14069684444753783,0.3235039275898003,10.577142857142869,-0.058871186552803136,,True,False,False,False,5.0,hopeless,0.1971460202159876,0.5223454612889963,0.40722260590701836,1.0827463162798883
ETHUSDT,1H,SHORT,TBX7A,1719.26,1728.0481233631485,9.0,-8.34,-0.93,2023-06-20 14:00:00+00:00,2023-06-20 15:45,-0.93,-0.93,NORMAL,1.0,,2023-06,,,False,,,2023-06-20 15:45:00+00:00,False,False,-1.0,1728.26,True,2023-06-20 14:00:00+00:00|SHORT|TBX7A|1719.26|9.0,0.0,True,0.3811111111111182,limit_retest,0.6322222222222282,-1.8522222222222302,0.6322222222222282,-12.082222222222223,True,True,False,7.0,0.8522222222222302,1.880560420315242,4.078571428571455,-0.8977777777777697,,False,False,False,False,0.25,hopeless,0.4321185415586152,0.6756383432490256,0.6360653867547656,1.0796369927068623
ETHUSDT,1H,LONG,TBX7B,1768.24,1807.97,22.37,39.73,1.78,2023-06-20 17:00:00+00:00,2023-06-21 08:15,1.78,1.78,NORMAL,1.0,,2023-06,,,False,,,2023-06-21 08:15:00+00:00,False,False,1.0,1745.8700000000001,True,2023-06-20 17:00:00+00:00|LONG|TBX7B|1768.24|22.37,3.0,False,1.0733124720607952,limit_retest,2.671434957532409,-1.077782744747425,2.671434957532409,-1.077782744747425,True,False,True,0.0,0.07778274474742508,0.23230974632842316,7.490000000000042,2.671434957532409,,True,True,True,False,8.0,winner_survived_stop_touch,0.4321185415586152,0.6756383432490256,0.6360653867547656,1.0796369927068623
ETHUSDT,1H,SHORT,TBX0,1808.51,1814.55,6.04,-5.56,-0.92,2023-06-21 08:00:00+00:00,2023-06-21 09:45,-0.92,-0.92,NORMAL,1.0,,2023-06,,,False,,,2023-06-21 09:45:00+00:00,False,False,-1.0,1814.55,True,2023-06-21 08:00:00+00:00|SHORT|TBX0|1808.51|6.04,0.0,True,0.5860927152317821,limit_retest,0.3195364238410701,-1.0149006622516736,0.3195364238410701,-15.412251655629126,True,False,True,7.0,0.014900662251673635,0.020574787720469015,4.3742857142857146,0.21026490066224865,-0.1622516556291421,True,False,False,False,0.75,ambiguous_stop,0.4321185415586152,0.6756383432490256,0.6360653867547656,1.0796369927068623
ETHUSDT,15M,LONG,TBX7B,1839.0058421653794,1905.13,28.0,48.29,1.72,2023-06-21 13:45:00+00:00,2023-06-22 10:45,1.72,1.72,NORMAL,1.0,,2023-06,,,False,,,2023-06-22 10:45:00+00:00,False,False,1.0,1811.0058421653794,True,2023-06-21 13:45:00+00:00|LONG|TBX7B|1839.0058|28.0,0.0,True,0.526994363049263,market_like,3.38193420837931,-0.7737800773349802,3.0712199226650228,-0.7737800773349802,False,False,False,,0.0,0.0,9.108571428571443,,,False,False,False,False,,clean_winner,0.1971460202159876,0.5223454612889963,0.40722260590701836,1.0827463162798883
ETHUSDT,1H,SHORT,TBX0 (a),1880.13,1886.19,6.06,-5.88,-0.97,2023-06-23 04:00:00+00:00,2023-06-23 05:15,-0.97,-0.97,NORMAL,1.0,,2023-06,,,False,,,2023-06-23 05:15:00+00:00,False,False,-1.0,1886.19,True,2023-06-23 04:00:00+00:00|SHORT|TBX0 (a)|1880.13|6.06,1.0,False,0.1947194719471677,limit_retest,0.07920792079208222,-1.0082508250824918,3.3283828382838405,-7.097359735973597,True,False,True,5.0,0.008250825082491753,0.011804384485642418,4.235714285714315,3.3283828382838405,1.0346534653465693,True,True,True,False,8.5,stop_hunt,0.4321185415586152,0.6756383432490256,0.6360653867547656,1.0796369927068623
ETHUSDT,15M,SHORT,TBX0 (a),1873.8413735507402,1880.3958689407225,10.29,-6.04,-0.59,2023-06-23 12:15:00+00:00,2023-06-23 14:45,-0.59,-0.59,NORMAL,1.0,,2023-06,,,False,,,2023-06-23 14:45:00+00:00,False,False,-1.0,1884.1313735507401,True,2023-06-23 12:15:00+00:00|SHORT|TBX0 (a)|1873.8414|10.29,0.0,True,0.5479714722312775,limit_retest,1.3490158941438424,-1.2661444557103712,1.3490158941438424,-6.281693532483951,True,False,True,10.0,0.26614445571037115,0.5610297086572448,4.8814285714285655,-0.11259732257141182,,True,False,False,False,7.0,ambiguous_stop,0.1971460202159876,0.5223454612889963,0.40722260590701836,1.0827463162798883
ETHUSDT,1H,LONG,TBX7A,1888.45,1879.45,9.0,-8.55,-0.95,2023-06-26 15:00:00+00:00,2023-06-26 16:30,-0.95,-0.95,NORMAL,1.0,,2023-06,,,False,,,2023-06-26 16:30:00+00:00,False,False,1.0,1879.45,True,2023-06-26 15:00:00+00:00|LONG|TBX7A|1888.45|9.0,0.0,True,0.6411111111111091,market_like,0.5788888888888929,-2.2722222222222275,0.5788888888888929,-5.827777777777783,True,True,False,0.0,1.2722222222222275,1.2076239264728068,9.481428571428589,0.5788888888888929,0.5788888888888929,True,False,False,False,0.5,hopeless,0.4321185415586152,0.6756383432490256,0.6360653867547656,1.0796369927068623
ETHUSDT,15M,LONG,TBX0 (a),1855.7784244694813,1846.9573773254915,10.09,-8.31,-0.82,2023-06-30 00:15:00+00:00,2023-06-30 01:00,-0.82,-0.82,NORMAL,1.0,,2023-06,,,False,,,2023-06-30 01:00:00+00:00,False,False,1.0,1845.6884244694813,True,2023-06-30 00:15:00+00:00|LONG|TBX0 (a)|1855.7784|10.09,0.0,True,0.7154038126344209,market_like,0.04772800104249152,-1.3655524746760408,5.22810461154794,-1.5498934062914917,True,True,False,3.0,0.3655524746760408,1.0315210262232837,3.5757142857142816,5.762296881121786,,True,True,True,True,11.75,ambiguous_stop,0.1971460202159876,0.5223454612889963,0.40722260590701836,1.0827463162798883
ETHUSDT,15M,LONG,TBX0 (a),1851.7991863525986,1874.23,9.86,40.52,4.11,2023-06-30 02:00:00+00:00,2023-06-30 06:45,4.11,1.86,NORMAL,1.0,,2023-06,,,False,,True,2023-06-30 06:45:00+00:00,False,False,1.0,1841.9391863525987,True,2023-06-30 02:00:00+00:00|LONG|TBX0 (a)|1851.7992|9.86,0.0,True,0.7859215367747059,market_like,5.753632215760794,-0.8964692041174968,6.300285359777031,-3.2250696097970137,False,False,False,,0.0,0.0,5.316428571428593,,,False,False,False,False,,clean_winner,0.1971460202159876,0.5223454612889963,0.40722260590701836,1.0827463162798883
ETHUSDT,15M,LONG,TBX0 (a),1895.1546294468305,1888.7983490633821,15.75,-6.68,-0.42,2023-06-30 12:00:00+00:00,2023-06-30 13:30,-0.42,-0.42,NORMAL,1.0,,2023-06,,,False,,,2023-06-30 13:30:00+00:00,False,False,1.0,1879.4046294468305,True,2023-06-30 12:00:00+00:00|LONG|TBX0 (a)|1895.1546|15.75,0.0,True,0.29426218710035296,market_like,1.1914520986139385,-3.311405044243209,3.3114520986139304,-4.771722504560669,True,True,False,6.0,2.311405044243209,6.898549164261369,5.277142857142833,3.3114520986139304,,True,True,True,False,4.0,hopeless,0.1971460202159876,0.5223454612889963,0.40722260590701836,1.0827463162798883
ETHUSDT,1H,LONG,TBX7A,1897.97,1920.59,31.21,35.55,1.06,2023-06-30 16:00:00+00:00,2023-07-01 02:45,1.06,1.06,NORMAL,1.0,,2023-06,,,False,,,2023-07-01 02:45:00+00:00,False,False,1.0,1866.76,True,2023-06-30 16:00:00+00:00|LONG|TBX7A|1897.97|31.21,3.0,False,1.5001602050624778,limit_retest,1.5809035565523843,-1.6046139057994209,1.5809035565523843,-1.6046139057994209,True,True,False,0.0,0.6046139057994209,1.1763815291445832,16.04071428571428,1.5809035565523843,,True,True,False,False,1.5,winner_survived_stop_touch,0.4321185415586152,0.6756383432490256,0.6360653867547656,1.0796369927068623
ETHUSDT,15M,SHORT,TBX0 (a) or TBX1,1954.2588886674266,1959.85,5.59,-5.14,-0.92,2023-07-04 12:30:00+00:00,2023-07-04 14:30,-0.92,-0.92,NORMAL,1.0,,2023-07,,,False,,,2023-07-04 14:30:00+00:00,False,False,-1.0,1959.8488886674265,True,2023-07-04 12:30:00+00:00|SHORT|TBX0 (a) or TBX1|1954.2589|5.59,0.0,True,0.39912546199881777,limit_retest,0.40051675624805655,-1.0896442455408393,4.2735042338867135,-2.098588789369122,True,False,True,8.0,0.08964424554083927,0.14707670138419585,3.4071428571428277,4.2735042338867135,0.8638441265521564,True,True,True,False,5.0,stop_hunt,0.1971460202159876,0.5223454612889963,0.40722260590701836,1.0827463162798883
ETHUSDT,15M,SHORT,TBX0 (a) or TBX1,1950.2620225072308,1937.6,10.51,9.28,0.88,2023-07-04 16:45:00+00:00,2023-07-05 07:00,0.88,0.88,NORMAL,1.0,,2023-07,,,False,,,2023-07-05 07:00:00+00:00,False,False,-1.0,1960.7720225072308,True,2023-07-04 16:45:00+00:00|SHORT|TBX0 (a) or TBX1|1950.262|10.51,0.0,True,1.0007590383224743,limit_retest,1.892675785654698,-1.0007590383224743,1.892675785654698,-1.0007590383224743,True,False,True,0.0,0.0007590383224742592,0.0014534734353053393,5.488571428571439,1.892675785654698,1.892675785654698,True,True,False,False,2.75,winner_survived_stop_touch,0.1971460202159876,0.5223454612889963,0.40722260590701836,1.0827463162798883
ETHUSDT,1H,LONG,TBX0,1912.56,1923.8313217177567,4.5,11.27,2.5,2023-07-06 03:00:00+00:00,2023-07-06 11:45,2.5,2.5,NORMAL,1.0,,2023-07,,,False,,,2023-07-06 11:45:00+00:00,False,False,1.0,1908.06,True,2023-07-06 03:00:00+00:00|LONG|TBX0|1912.56|4.5,0.0,True,0.4444444444444444,market_like,10.084444444444468,-0.8200000000000122,10.084444444444468,-10.7911111111111,False,False,False,,0.0,0.0,4.538571428571394,,,False,False,False,False,,clean_winner,0.4321185415586152,0.6756383432490256,0.6360653867547656,1.0796369927068623
ETHUSDT,1H,SHORT,TBX7B,1900.01,1857.0,21.09,43.01,2.04,2023-07-06 12:00:00+00:00,2023-07-07 03:45,2.04,2.04,NORMAL,1.0,,2023-07,,,False,,,2023-07-07 03:45:00+00:00,False,False,-1.0,1921.1,True,2023-07-06 12:00:00+00:00|SHORT|TBX7B|1900.01|21.09,2.0,False,0.790896159317215,limit_retest,3.6164058795637737,-0.853010905642485,2.6334755808440002,-0.853010905642485,False,False,False,,0.0,0.0,9.388571428571433,,,False,False,False,False,,clean_winner,0.4321185415586152,0.6756383432490256,0.6360653867547656,1.0796369927068623
ETHUSDT,1H,LONG,TBX0,1863.0,1855.675,7.33,-7.11,-0.97,2023-07-07 10:00:00+00:00,2023-07-07 12:15,-0.97,-0.97,NORMAL,1.0,,2023-07,,,False,,,2023-07-07 12:15:00+00:00,False,False,1.0,1855.67,True,2023-07-07 10:00:00+00:00|LONG|TBX0|1863.0|7.33,3.0,False,0.34106412005457026,limit_retest,0.12551159618009178,-1.2251023192360189,1.9795361527967246,-1.7735334242837653,True,False,True,9.0,0.22510231923601887,0.3725806451612931,4.428571428571445,1.9795361527967246,,True,True,False,False,1.75,stop_hunt,0.4321185415586152,0.6756383432490256,0.6360653867547656,1.0796369927068623
ETHUSDT,15M,LONG,TBX0,1863.4359155501197,1864.005145392256,7.68,0.55,0.07,2023-07-07 12:30:00+00:00,2023-07-07 17:45,0.07,0.07,NORMAL,1.0,,2023-07,,,False,,,2023-07-07 17:45:00+00:00,False,False,1.0,1855.7559155501197,True,2023-07-07 12:30:00+00:00|LONG|TBX0|1863.4359|7.68,0.0,True,0.999468170588506,market_like,1.8325630794114942,-1.749468170588505,1.8325630794114942,-1.749468170588505,True,False,True,0.0,0.7494681705885049,1.1531599556622198,4.991428571428579,1.8325630794114942,1.8325630794114942,True,True,False,False,1.5,winner_survived_stop_touch,0.1971460202159876,0.5223454612889963,0.40722260590701836,1.0827463162798883
ETHUSDT,15M,LONG,TBX0,1867.558258883039,1865.4518603317294,9.21,-1.83,-0.2,2023-07-07 21:00:00+00:00,2023-07-08 03:15,-0.2,-0.2,NORMAL,1.0,,2023-07,,,False,,,2023-07-08 03:15:00+00:00,False,False,1.0,1858.3482588830389,True,2023-07-07 21:00:00+00:00|LONG|TBX0|1867.5583|9.21,0.0,True,0.31251453670345547,market_like,0.6017091332205233,-0.4428076963125809,0.6017091332205233,-1.5502995529901102,False,False,False,,0.0,0.0,3.8371428571428754,,,False,False,False,False,,not_applicable,0.1971460202159876,0.5223454612889963,0.40722260590701836,1.0827463162798883
ETHUSDT,15M,SHORT,TBX4,1876.7830233112372,1863.9223760774064,3.02,12.86,4.26,2023-07-09 21:15:00+00:00,2023-07-10 02:45,4.26,4.26,NORMAL,1.0,,2023-07,,,False,,,2023-07-10 02:45:00+00:00,False,False,-1.0,1879.8030233112372,True,2023-07-09 21:15:00+00:00|SHORT|TBX4|1876.783|3.02,,False,-2.769213016965946,unknown,10.494378579879905,1.9380871891513796,10.494378579879905,1.9380871891513796,False,False,False,,0.0,0.0,2.9957142857142736,,,False,False,False,False,,clean_winner,0.1971460202159876,0.5223454612889963,0.40722260590701836,1.0827463162798883
ETHUSDT,15M,LONG,TBX7A,1637.3184258059043,1634.3101024687633,5.95,-2.02,-0.34,2023-09-04 02:45:00+00:00,2023-09-04 09:45,-0.34,-0.34,NORMAL,1.0,,2023-09,,,False,,,2023-09-04 09:45:00+00:00,False,False,1.0,1631.3684258059043,True,2023-09-04 02:45:00+00:00|LONG|TBX7A|1637.3184|5.95,0.0,True,0.35939929510996005,market_like,1.206987259511878,-0.6064581186393764,1.206987259511878,-1.7476345892276055,False,False,False,,0.0,0.0,2.2528571428571404,,,False,False,False,False,,not_applicable,0.1971460202159876,0.5223454612889963,0.40722260590701836,1.0827463162798883
ETHUSDT,1H,SHORT,TBX7A,1631.46,1633.9,9.0,-2.44,-0.81,2023-09-04 11:00:00+00:00,2023-09-04 13:15,-0.81,-0.81,NORMAL,1.0,,2023-09,,,False,,,2023-09-04 13:15:00+00:00,False,False,-1.0,1640.46,True,2023-09-04 11:00:00+00:00|SHORT|TBX7A|1631.46|9.0,1.0,False,0.33555555555555355,limit_retest,0.5044444444444404,-0.46777777777778184,1.8555555555555605,-0.46777777777778184,False,False,False,,0.0,0.0,2.0471428571428953,,,False,False,False,False,,not_applicable,0.4321185415586152,0.6756383432490256,0.6360653867547656,1.0796369927068623
ETHUSDT,15M,SHORT,TBX7A,1629.1173564995477,1633.2582503595022,5.0,-3.69,-0.74,2023-09-04 14:45:00+00:00,2023-09-04 17:00,-0.74,-0.74,NORMAL,1.0,,2023-09,,,False,,,2023-09-04 17:00:00+00:00,False,False,-1.0,1634.1173564995477,True,2023-09-04 14:45:00+00:00|SHORT|TBX7A|1629.1174|5.0,0.0,True,0.40052870009044456,limit_retest,2.415471299909541,-0.9765287000904663,2.8714712999095355,-1.262528700090479,False,False,False,,0.0,0.0,2.817142857142861,,,False,False,False,False,,not_applicable,0.1971460202159876,0.5223454612889963,0.40722260590701836,1.0827463162798883
ETHUSDT,1H,LONG,TBX0,1629.75,1625.6125021124076,4.26,-4.01,-0.94,2023-09-04 17:00:00+00:00,2023-09-04 21:00,-0.94,-0.94,NORMAL,1.0,,2023-09,,,False,,,2023-09-04 21:00:00+00:00,False,False,1.0,1625.49,True,2023-09-04 17:00:00+00:00|LONG|TBX0|1629.75|4.26,0.0,True,0.41314553990610114,market_like,1.3333333333333484,-1.2488262910797974,1.3333333333333484,-4.999999999999989,True,False,True,16.0,0.24882629107979737,0.23147714865074143,4.5792857142857395,0.9976525821596245,,True,False,False,False,2.75,ambiguous_stop,0.4321185415586152,0.6756383432490256,0.6360653867547656,1.0796369927068623
ETHUSDT,15M,LONG,TBX0,1622.5930637840213,1626.9100386831328,3.96,6.42,1.62,2023-10-06 07:00:00+00:00,2023-10-06 12:30,1.62,1.62,NORMAL,1.0,,2023-10,,,False,,,2023-10-06 12:30:00+00:00,False,False,1.0,1618.6330637840213,True,2023-10-06 07:00:00+00:00|LONG|TBX0|1622.5931|3.96,0.0,True,0.3088544909144964,market_like,4.256802074742108,-0.43006661212656483,6.668418236358258,-3.0310767131367116,False,False,False,,0.0,0.0,2.1271428571428714,,,False,False,False,False,,clean_winner,0.1971460202159876,0.5223454612889963,0.40722260590701836,1.0827463162798883
ETHUSDT,1H,SHORT,TBX7B,1614.82,1629.1975,14.38,-13.66,-0.95,2023-10-06 12:00:00+00:00,2023-10-06 13:30,-0.95,-0.95,NORMAL,1.0,,2023-10,,,False,,,2023-10-06 13:30:00+00:00,False,False,-1.0,1629.2,True,2023-10-06 12:00:00+00:00|SHORT|TBX7B|1614.82|14.38,3.0,False,1.3331015299026476,limit_retest,0.29415855354659376,-1.619610570236437,0.29415855354659376,-3.46175243393602,True,True,False,0.0,0.619610570236437,2.8247282608695197,3.1542857142857526,0.29415855354659376,,True,False,False,False,0.75,hopeless,0.4321185415586152,0.6756383432490256,0.6360653867547656,1.0796369927068623
ETHUSDT,1H,LONG,TBX0,1633.52,1641.6,11.49,20.83,1.81,2023-10-06 14:00:00+00:00,2023-10-07 01:30,1.81,1.81,NORMAL,1.0,,2023-10,,,False,,,2023-10-07 01:30:00+00:00,False,False,1.0,1622.03,True,2023-10-06 14:00:00+00:00|LONG|TBX0|1633.52|11.49,2.0,False,0.39686684073106576,limit_retest,2.704960835509132,-0.7093124456048817,2.704960835509132,-0.7093124456048817,False,False,False,,0.0,0.0,6.261428571428626,,,False,False,False,False,,clean_winner,0.4321185415586152,0.6756383432490256,0.6360653867547656,1.0796369927068623
ETHUSDT,1H,LONG,TBX0,1589.27,1581.5499363556858,13.26,-7.32,-0.55,2023-10-10 02:00:00+00:00,2023-10-10 10:30,-0.55,-0.55,NORMAL,1.0,,2023-10,,,False,,,2023-10-10 10:30:00+00:00,False,False,1.0,1576.01,True,2023-10-10 02:00:00+00:00|LONG|TBX0|1589.27|13.26,3.0,False,0.8031674208144866,limit_retest,0.38687782805430687,-0.9049773755656109,0.38687782805430687,-1.3838612368024064,False,False,False,,0.0,0.0,2.8271428571429005,,,False,False,False,False,,not_applicable,0.4321185415586152,0.6756383432490256,0.6360653867547656,1.0796369927068623
ETHUSDT,15M,LONG,TBX0,1582.1267653008854,1570.67,11.46,-8.34,-0.73,2023-10-10 14:00:00+00:00,2023-10-10 14:45,-0.73,-0.73,NORMAL,1.0,,2023-10,,,False,,,2023-10-10 14:45:00+00:00,False,False,1.0,1570.6667653008853,True,2023-10-10 14:00:00+00:00|LONG|TBX0|1582.1268|11.46,0.0,True,0.6716200088032563,market_like,0.5107534641461289,-1.632352993096449,0.5107534641461289,-3.187326815085992,True,False,True,3.0,0.6323529930964491,1.400534431424543,5.174285714285735,-0.5887229756444391,,True,False,False,False,10.25,hopeless,0.1971460202159876,0.5223454612889963,0.40722260590701836,1.0827463162798883
ETHUSDT,1H,SHORT,TBX7B,1571.12,1568.19,11.04,2.17,0.2,2023-10-10 14:00:00+00:00,2023-10-10 22:30,0.2,0.2,NORMAL,1.0,,2023-10,,,False,,,2023-10-10 22:30:00+00:00,False,False,-1.0,1582.1599999999999,True,2023-10-10 14:00:00+00:00|SHORT|TBX7B|1571.12|11.04,3.0,False,0.2998188405797258,limit_retest,2.3115942028985494,-1.5271739130434898,2.3115942028985494,-1.5271739130434898,True,True,False,0.0,0.5271739130434898,1.124792932081743,5.174285714285735,2.3115942028985494,,True,True,True,False,6.75,winner_survived_stop_touch,0.4321185415586152,0.6756383432490256,0.6360653867547656,1.0796369927068623
ETHUSDT,15M,SHORT,TBX7B,1566.5715925985683,1562.0482485598407,6.55,3.42,0.52,2023-10-11 02:15:00+00:00,2023-10-11 08:30,0.52,-1.17,YELLOW,0.5,День перед CPI,2023-10,,,False,,True,2023-10-11 08:30:00+00:00,False,False,-1.0,1573.1215925985682,True,2023-10-11 02:15:00+00:00|SHORT|TBX7B|1566.5716|6.55,0.0,True,0.6455583818979689,limit_retest,3.784975969247067,-0.682199603272016,3.784975969247067,-1.728001129989594,False,False,False,,0.0,0.0,2.9178571428572178,,,False,False,False,False,,clean_winner,0.1971460202159876,0.5223454612889963,0.40722260590701836,1.0827463162798883
ETHUSDT,1H,SHORT,TBX7B,1553.21,1558.76,10.0,-2.82,-0.28,2023-10-11 16:00:00+00:00,2023-10-11 19:00,-0.28,-0.28,YELLOW,0.5,День перед CPI,2023-10,,,False,,,2023-10-11 19:00:00+00:00,False,False,-1.0,1563.21,True,2023-10-11 16:00:00+00:00|SHORT|TBX7B|1553.21|10.0,0.0,True,0.5569999999999936,limit_retest,0.5220000000000027,-0.7730000000000018,0.5220000000000027,-1.5670000000000073,False,False,False,,0.0,0.0,5.809285714285726,,,False,False,False,False,,not_applicable,0.4321185415586152,0.6756383432490256,0.6360653867547656,1.0796369927068623
ETHUSDT,15M,SHORT,TBX7B,1561.244144408228,1562.3794732371216,4.94,-0.95,-0.19,2023-10-12 00:30:00+00:00,2023-10-12 02:30,-0.19,-0.19,NORMAL,1.0,,2023-10,,,False,,,2023-10-12 02:30:00+00:00,False,False,-1.0,1566.1841444082281,True,2023-10-12 00:30:00+00:00|SHORT|TBX7B|1561.2441|4.94,0.0,True,0.4546266380105146,limit_retest,1.1890980583457844,-0.6226428323424836,5.674928017859925,-1.3797278525854004,False,False,False,,0.0,0.0,3.087857142857177,,,False,False,False,False,,not_applicable,0.1971460202159876,0.5223454612889963,0.40722260590701836,1.0827463162798883
ETHUSDT,15M,SHORT,TBX7B,1559.8659373087746,1551.49,6.44,8.01,1.24,2023-10-12 07:15:00+00:00,2023-10-12 11:00,1.24,0.15,NORMAL,1.0,,2023-10,,,False,,True,2023-10-12 11:00:00+00:00,False,False,-1.0,1566.3059373087747,True,2023-10-12 07:15:00+00:00|SHORT|TBX7B|1559.8659|6.44,0.0,True,0.5720594241033129,limit_retest,4.1391207001202766,-0.5736122191343674,7.044400203225872,-0.5736122191343674,False,False,False,,0.0,0.0,2.6542857142857366,,,False,False,False,False,,clean_winner,0.1971460202159876,0.5223454612889963,0.40722260590701836,1.0827463162798883
ETHUSDT,1H,LONG,TBX0,1551.49,1543.58,7.91,-7.91,-1.0,2023-10-12 11:00:00+00:00,2023-10-12 13:00,-1.0,-1.0,NORMAL,1.0,,2023-10,,,False,,,2023-10-12 13:00:00+00:00,False,False,1.0,1543.58,True,2023-10-12 11:00:00+00:00|LONG|TBX0|1551.49|7.91,3.0,False,0.6839443742098713,limit_retest,0.43868520859671645,-1.4525916561314802,0.43868520859671645,-4.676359039190898,True,False,True,7.0,0.4525916561314802,0.6666666666666717,5.369999999999972,0.1378002528444903,0.1378002528444903,True,False,False,False,0.5,ambiguous_stop,0.4321185415586152,0.6756383432490256,0.6360653867547656,1.0796369927068623
ETHUSDT,15M,LONG,TBX7B,1589.727803024251,1583.7216091017203,6.28,-10.74,-1.71,2023-10-17 07:45:00+00:00,2023-10-17 10:30,-1.71,-1.71,GREEN,1.25,День Retail Sales,2023-10,,,False,,,2023-10-17 10:30:00+00:00,False,False,1.0,1583.447803024251,True,2023-10-17 07:45:00+00:00|LONG|TBX7B|1589.7278|6.28,0.0,True,0.3674845580017382,market_like,0.6404772254377407,-1.3053826471737286,0.6404772254377407,-7.75920430322468,True,False,True,11.0,0.30538264717372865,0.6786967224346376,2.8257142857142816,-0.5171660866641672,-0.5171660866641672,True,False,False,False,0.25,ambiguous_stop,0.1971460202159876,0.5223454612889963,0.40722260590701836,1.0827463162798883
ETHUSDT,15M,SHORT,TBX0 (a),1565.4550905859082,1575.19,9.73,-11.0,-1.13,2023-10-18 07:00:00+00:00,2023-10-18 07:30,-1.13,-1.13,NORMAL,1.0,,2023-10,,,False,,,2023-10-18 07:30:00+00:00,False,False,-1.0,1575.1850905859083,True,2023-10-18 07:00:00+00:00|SHORT|TBX0 (a)|1565.4551|9.73,0.0,True,0.6233205975428309,limit_retest,0.0015509338035131683,-1.0683360137812612,0.02416141684565369,-1.9984490661964904,True,False,True,2.0,0.0683360137812612,0.15556035757492218,4.274285714285741,0.35509666864421763,-0.48662995006082393,True,False,False,False,12.0,ambiguous_stop,0.1971460202159876,0.5223454612889963,0.40722260590701836,1.0827463162798883
ETHUSDT,15M,SHORT,TBX0 (a),1570.7395081076959,1580.77,10.03,-9.73,-0.97,2023-10-18 09:45:00+00:00,2023-10-18 10:30,-0.97,-0.97,NORMAL,1.0,,2023-10,,,False,,,2023-10-18 10:30:00+00:00,False,False,-1.0,1580.7695081076959,True,2023-10-18 09:45:00+00:00|SHORT|TBX0 (a)|1570.7395|10.03,0.0,True,1.0010460510771775,limit_retest,0.27313141652002826,-1.1077260111968121,1.5991533507174316,-1.4118137479864614,True,False,True,0.0,0.10772601119681213,0.2580059098116389,4.187857142857134,1.5991533507174316,0.22128694991983067,True,True,False,False,11.75,stop_hunt,0.1971460202159876,0.5223454612889963,0.40722260590701836,1.0827463162798883
ETHUSDT,15M,SHORT,TBX0 (a),1570.4298095032848,1564.1997014901065,9.03,-3.72,-0.41,2023-10-18 14:00:00+00:00,2023-10-18 22:15,-0.41,-0.41,NORMAL,1.0,,2023-10,,,False,,,2023-10-18 22:15:00+00:00,False,False,-1.0,1579.4598095032848,True,2023-10-18 14:00:00+00:00|SHORT|TBX0 (a)|1570.4298|9.03,0.0,True,0.24033117350112096,market_like,1.74195011110573,-0.7519590804778783,3.480599059057009,-0.7519590804778783,False,False,False,,0.0,0.0,3.8528571428571468,,,False,False,False,False,,not_applicable,0.1971460202159876,0.5223454612889963,0.40722260590701836,1.0827463162798883
ETHUSDT,15M,SHORT,TBX0 (a),1557.281015709922,1553.670826540867,8.31,4.93,0.59,2023-10-19 01:30:00+00:00,2023-10-19 10:00,0.59,0.59,NORMAL,1.0,,2023-10,,,False,,,2023-10-19 10:00:00+00:00,False,False,-1.0,1565.591015709922,True,2023-10-19 01:30:00+00:00|SHORT|TBX0 (a)|1557.281|8.31,0.0,True,0.8289993128854443,limit_retest,2.199881553540557,-0.8927778929095084,2.199881553540557,-0.8927778929095084,False,False,False,,0.0,0.0,4.325000000000013,,,False,False,False,False,,clean_winner,0.1971460202159876,0.5223454612889963,0.40722260590701836,1.0827463162798883
ETHUSDT,1H,LONG,TBX0,1560.47,1559.44,9.69,-1.03,-0.11,2023-10-19 14:00:00+00:00,2023-10-19 17:30,-0.11,-0.11,NORMAL,1.0,,2023-10,,,False,,,2023-10-19 17:30:00+00:00,False,False,1.0,1550.78,True,2023-10-19 14:00:00+00:00|LONG|TBX0|1560.47|9.69,3.0,False,0.7110423116615171,limit_retest,1.4313725490195968,-0.8606811145510752,1.4313725490195968,-0.8606811145510752,False,False,False,,0.0,0.0,3.5142857142857014,,,False,False,False,False,,not_applicable,0.4321185415586152,0.6756383432490256,0.6360653867547656,1.0796369927068623
ETHUSDT,15M,LONG,TBX0,1568.38,1563.26,12.93,-5.12,-0.59,2023-10-19 19:30:00+00:00,2023-10-19 21:15,-0.59,-0.59,NORMAL,1.0,,2023-10,,,False,,,2023-10-19 21:15:00+00:00,False,False,1.0,1555.45,True,2023-10-19 19:30:00+00:00|LONG|TBX0|1568.38|12.93,0.0,True,0.2142304717710912,market_like,0.3534416086620214,-0.4547563805104493,2.0270688321732258,-0.6194895591647501,False,False,False,,0.0,0.0,4.137142857142846,,,False,False,False,False,,not_applicable,0.1971460202159876,0.5223454612889963,0.40722260590701836,1.0827463162798883
ETHUSDT,15M,LONG,TBX0,1568.0198499921669,1605.38,6.36,52.88,8.32,2023-10-20 02:00:00+00:00,2023-10-20 12:15,8.32,8.32,NORMAL,1.0,,2023-10,,,False,,,2023-10-20 12:15:00+00:00,False,False,1.0,1561.659849992167,True,2023-10-20 02:00:00+00:00|LONG|TBX0|1568.0198|6.36,0.0,True,0.5628694956237151,market_like,9.74687893204923,-0.668215407573412,9.74687893204923,-0.668215407573412,False,False,False,,0.0,0.0,2.5228571428571547,,,False,False,False,False,,clean_winner,0.1971460202159876,0.5223454612889963,0.40722260590701836,1.0827463162798883
ETHUSDT,15M,LONG,TBX0,1635.3267530413832,1634.0687647113414,11.5,-0.7,-0.06,2023-10-22 04:45:00+00:00,2023-10-22 07:30,-0.06,-0.06,NORMAL,1.0,,2023-10,,,False,,,2023-10-22 07:30:00+00:00,False,False,1.0,1623.8267530413832,True,2023-10-22 04:45:00+00:00|LONG|TBX0|1635.3268|11.5,0.0,True,0.21015243838114064,market_like,1.3115866920536419,-1.1310220035985445,1.3115866920536419,-1.3327611340333216,True,False,True,11.0,0.13102200359854455,0.4735026392674679,3.182142857142854,0.4672388659666823,-0.0075437427289730494,True,False,False,False,11.75,ambiguous_stop,0.1971460202159876,0.5223454612889963,0.40722260590701836,1.0827463162798883
ETHUSDT,1H,LONG,TBX7B,1635.0,1682.07,10.0,47.07,8.09,2023-10-22 17:00:00+00:00,2023-10-23 06:45,8.09,8.09,NORMAL,1.0,,2023-10,,,False,,,2023-10-23 06:45:00+00:00,False,False,1.0,1625.0,True,2023-10-22 17:00:00+00:00|LONG|TBX7B|1635.0|10.0,2.0,False,0.45799999999999275,limit_retest,7.025,-0.56400000000001,6.71099999999999,-0.56400000000001,False,False,False,,0.0,0.0,4.320714285714287,,,False,False,False,False,,clean_winner,0.4321185415586152,0.6756383432490256,0.6360653867547656,1.0796369927068623
ETHUSDT,15M,LONG,TBX7B,1679.081407149198,1823.387902080208,11.35,229.73,20.24,2023-10-23 14:15:00+00:00,2023-10-24 13:00,20.24,20.24,NORMAL,1.0,,2023-10,,,False,,,2023-10-24 13:00:00+00:00,False,False,1.0,1667.731407149198,True,2023-10-23 14:15:00+00:00|LONG|TBX7B|1679.0814|11.35,0.0,True,0.24417684133903192,market_like,15.487981748969334,-0.8001239779029038,10.917937696105907,-0.8001239779029038,False,False,False,,0.0,0.0,5.233571428571444,,,False,False,False,False,,clean_winner,0.1971460202159876,0.5223454612889963,0.40722260590701836,1.0827463162798883
ETHUSDT,15M,SHORT,TBX7B,1796.3234713305649,1796.0,15.77,0.62,0.04,2023-10-27 00:30:00+00:00,2023-10-27 04:45,0.04,0.04,NORMAL,1.0,,2023-10,,,False,,,2023-10-27 04:45:00+00:00,False,False,-1.0,1812.0934713305649,True,2023-10-27 00:30:00+00:00|SHORT|TBX7B|1796.3235|15.77,0.0,True,0.33269046730723306,market_like,1.5423887971188885,-0.34156808303330155,1.5423887971188885,-0.34156808303330155,False,False,False,,0.0,0.0,5.030714285714306,,,False,False,False,False,,clean_winner,0.1971460202159876,0.5223454612889963,0.40722260590701836,1.0827463162798883
ETHUSDT,15M,SHORT,TBX7B,1785.2423069101196,1791.14,10.64,-12.29,-1.16,2023-10-27 07:30:00+00:00,2023-10-27 09:15,-1.16,-1.16,NORMAL,1.0,,2023-10,,,False,,,2023-10-27 09:15:00+00:00,False,False,-1.0,1795.8823069101197,True,2023-10-27 07:30:00+00:00|SHORT|TBX7B|1785.2423|10.64,0.0,True,0.22440724528951933,market_like,0.878976213357098,-0.5853095009286093,4.675028844936055,-1.175535064838381,False,False,False,,0.0,0.0,5.538571428571394,,,False,False,False,False,,ambiguous_stop,0.1971460202159876,0.5223454612889963,0.40722260590701836,1.0827463162798883
ETHUSDT,15M,SHORT,TBX7B,1778.0279646680804,1779.5,16.99,-1.62,-0.1,2023-10-27 14:15:00+00:00,2023-10-27 20:15,-0.1,-0.1,NORMAL,1.0,,2023-10,,,False,,,2023-10-27 20:15:00+00:00,False,False,-1.0,1795.0179646680804,True,2023-10-27 14:15:00+00:00|SHORT|TBX7B|1778.028|16.99,0.0,True,0.23378665873570584,market_like,2.5031174024767724,-0.6781657052336432,2.5031174024767724,-0.6781657052336432,False,False,False,,0.0,0.0,7.133571428571437,,,False,False,False,False,,not_applicable,0.1971460202159876,0.5223454612889963,0.40722260590701836,1.0827463162798883
ETHUSDT,1H,LONG,TBX0,1781.34,1788.2771361600273,9.23,6.94,0.75,2023-10-27 20:00:00+00:00,2023-10-28 11:30,0.75,0.75,NORMAL,1.0,,2023-10,,,False,,,2023-10-28 11:30:00+00:00,False,False,1.0,1772.11,True,2023-10-27 20:00:00+00:00|LONG|TBX0|1781.34|9.23,2.0,False,0.7291440953412803,limit_retest,2.6966413867822427,-0.7963163596966315,1.6533044420368352,-0.7963163596966315,False,False,False,,0.0,0.0,9.327142857142885,,,False,False,False,False,,clean_winner,0.4321185415586152,0.6756383432490256,0.6360653867547656,1.0796369927068623
ETHUSDT,1H,SHORT,TBX0,1835.94,1839.64,19.54,-5.46,-0.28,2023-11-02 05:00:00+00:00,2023-11-02 12:30,-0.28,-0.28,GREEN,1.2,FOMC+1 (день после решения),2023-11,,,False,,,2023-11-02 12:30:00+00:00,False,False,-1.0,1855.48,True,2023-11-02 05:00:00+00:00|SHORT|TBX0|1835.94|19.54,3.0,False,0.8224155578300889,limit_retest,0.7594677584442244,-0.9145342886386844,2.6581371545547623,-0.9145342886386844,False,False,False,,0.0,0.0,7.984999999999981,,,False,False,False,False,,not_applicable,0.4321185415586152,0.6756383432490256,0.6360653867547656,1.0796369927068623
ETHUSDT,15M,SHORT,TBX0,1830.9193825559546,1809.45,9.06,51.53,5.69,2023-11-02 13:00:00+00:00,2023-11-02 19:15,5.69,5.69,GREEN,1.2,FOMC+1 (день после решения),2023-11,,,False,,,2023-11-02 19:15:00+00:00,False,False,-1.0,1839.9793825559545,True,2023-11-02 13:00:00+00:00|SHORT|TBX0|1830.9194|9.06,0.0,True,0.6049246626981779,limit_retest,5.178739796462979,-0.8179489452588663,5.785803814123024,-0.8179489452588663,False,False,False,,0.0,0.0,5.715714285714284,,,False,False,False,False,,clean_winner,0.1971460202159876,0.5223454612889963,0.40722260590701836,1.0827463162798883
ETHUSDT,15M,SHORT,TBX0,1800.607346272879,1797.21,13.12,8.19,0.62,2023-11-02 20:30:00+00:00,2023-11-03 02:45,0.62,0.62,GREEN,1.2,FOMC+1 (день после решения),2023-11,,,False,,,2023-11-03 02:45:00+00:00,False,False,-1.0,1813.727346272879,True,2023-11-02 20:30:00+00:00|SHORT|TBX0|1800.6073|13.12,0.0,True,0.37825104627445305,limit_retest,1.9243404171401841,-0.46361689993299865,1.9243404171401841,-0.46361689993299865,False,False,False,,0.0,0.0,4.950714285714314,,,False,False,False,False,,clean_winner,0.1971460202159876,0.5223454612889963,0.40722260590701836,1.0827463162798883
ETHUSDT,15M,SHORT,TBX0,1787.558477412584,1798.91,11.35,-13.66,-1.2,2023-11-03 04:45:00+00:00,2023-11-03 05:45,-1.2,-1.2,NORMAL,1.0,,2023-11,,,False,,,2023-11-03 05:45:00+00:00,False,False,-1.0,1798.9084774125838,True,2023-11-03 04:45:00+00:00|SHORT|TBX0|1787.5585|11.35,0.0,True,0.5023367918428276,limit_retest,0.01660593943471425,-1.0397817257635245,0.6210112257783178,-2.8203984658516337,True,False,True,4.0,0.039781725763524456,0.10154724857548614,4.446428571428588,0.6210112257783178,,True,False,False,False,4.75,ambiguous_stop,0.1971460202159876,0.5223454612889963,0.40722260590701836,1.0827463162798883
ETHUSDT,15M,SHORT,TBX0,1789.1447386756872,1795.800654244695,16.24,-6.17,-0.38,2023-11-03 08:45:00+00:00,2023-11-03 12:30,-0.38,-0.38,NORMAL,1.0,,2023-11,,,False,,,2023-11-03 12:30:00+00:00,False,False,-1.0,1805.3847386756872,True,2023-11-03 08:45:00+00:00|SHORT|TBX0|1789.1447|16.24,0.0,True,0.34946190420644796,market_like,0.531695731261529,-0.5686737268665571,0.531695731261529,-2.5699052539601532,False,False,False,,0.0,0.0,5.351428571428544,,,False,False,False,False,,not_applicable,0.1971460202159876,0.5223454612889963,0.40722260590701836,1.0827463162798883
ETHUSDT,15M,SHORT,TBX0 (a) or TBX1,1877.0312732289706,1885.41,16.53,-7.16,-0.43,2023-11-06 04:30:00+00:00,2023-11-06 08:45,-0.43,-0.43,NORMAL,1.0,,2023-11,,,False,,,2023-11-06 08:45:00+00:00,False,False,-1.0,1893.5612732289705,True,2023-11-06 04:30:00+00:00|SHORT|TBX0 (a) or TBX1|1877.0313|16.53,0.0,True,0.2473518917743082,market_like,0.4779959606152732,-0.5831050678178763,0.4779959606152732,-2.405851589293973,False,False,False,,0.0,0.0,6.551428571428606,,,False,False,False,False,,not_applicable,0.1971460202159876,0.5223454612889963,0.40722260590701836,1.0827463162798883
ETHUSDT,1H,LONG,TBX7A,1895.98,1892.869544119564,9.0,-2.66,-0.3,2023-11-06 10:00:00+00:00,2023-11-06 13:30,-0.3,-0.3,NORMAL,1.0,,2023-11,,,False,,,2023-11-06 13:30:00+00:00,False,False,1.0,1886.98,True,2023-11-06 10:00:00+00:00|LONG|TBX7A|1895.98|9.0,1.0,False,0.8222222222222323,limit_retest,1.8577777777777809,-0.9844444444444586,2.3133333333333264,-1.6311111111111183,False,False,False,,0.0,0.0,4.85357142857148,,,False,False,False,False,,not_applicable,0.4321185415586152,0.6756383432490256,0.6360653867547656,1.0796369927068623
ETHUSDT,15M,LONG,TBX7A,1909.3063945819567,1896.935650711676,16.66,-6.12,-0.37,2023-11-06 14:00:00+00:00,2023-11-06 16:00,-0.37,-0.37,NORMAL,1.0,,2023-11,,,False,,,2023-11-06 16:00:00+00:00,False,False,1.0,1892.6463945819567,True,2023-11-06 14:00:00+00:00|LONG|TBX7A|1909.3064|16.66,0.0,True,0.6726527360118144,market_like,0.449796243580025,-0.7734930721462584,0.449796243580025,-1.6810560973563495,False,False,False,,0.0,0.0,8.386428571428562,,,False,False,False,False,,not_applicable,0.1971460202159876,0.5223454612889963,0.40722260590701836,1.0827463162798883
ETHUSDT,15M,LONG,TBX7A,1904.225262055101,1890.6354091316107,15.65,-15.13,-0.97,2023-11-06 22:45:00+00:00,2023-11-07 00:30,-0.97,-0.97,NORMAL,1.0,,2023-11,,,False,,,2023-11-07 00:30:00+00:00,False,False,1.0,1888.575262055101,True,2023-11-06 22:45:00+00:00|LONG|TBX7A|1904.2253|15.65,0.0,True,0.2929879907412705,market_like,0.23289060350791735,-1.2169496520831258,0.23289060350791735,-2.186917703201341,True,False,True,7.0,0.21694965208312578,0.6073038044130923,5.5907142857143,-0.4175886297189092,,True,False,False,False,0.75,ambiguous_stop,0.1971460202159876,0.5223454612889963,0.40722260590701836,1.0827463162798883
ETHUSDT,1H,SHORT,TBX7A,1881.32,1890.32,9.0,-8.73,-0.97,2023-11-07 02:00:00+00:00,2023-11-07 03:45,-0.97,-0.97,NORMAL,1.0,,2023-11,,,False,,,2023-11-07 03:45:00+00:00,False,False,-1.0,1890.32,True,2023-11-07 02:00:00+00:00|SHORT|TBX7A|1881.32|9.0,3.0,False,1.4122222222222263,limit_retest,0.37555555555554243,-1.6911111111111141,1.6266666666666525,-1.8022222222222253,True,True,False,0.0,0.6911111111111141,0.9125013098606343,6.816428571428576,1.6266666666666525,,True,True,False,False,11.5,hopeless,0.4321185415586152,0.6756383432490256,0.6360653867547656,1.0796369927068623
ETHUSDT,1H,LONG,TBX7A,1902.18,1893.18,9.0,-8.55,-0.95,2023-11-07 20:00:00+00:00,2023-11-07 21:45,-0.95,-0.95,NORMAL,1.0,,2023-11,,,False,,,2023-11-07 21:45:00+00:00,False,False,1.0,1893.18,True,2023-11-07 20:00:00+00:00|LONG|TBX7A|1902.18|9.0,3.0,False,0.7766666666666677,limit_retest,0.6988888888888849,-1.188888888888894,0.6988888888888849,-3.318888888888902,True,True,False,0.0,0.188888888888894,0.17577548005908825,9.67142857142861,0.6988888888888849,,True,False,False,False,0.75,ambiguous_stop,0.4321185415586152,0.6756383432490256,0.6360653867547656,1.0796369927068623
ETHUSDT,15M,LONG,TBX7A,1898.6671946025454,1885.51,13.16,-9.25,-0.7,2023-11-08 23:45:00+00:00,2023-11-09 00:00,-0.7,-0.7,NORMAL,1.0,,2023-11,,,False,,,2023-11-09 00:00:00+00:00,False,False,1.0,1885.5071946025453,True,2023-11-08 23:45:00+00:00|LONG|TBX7A|1898.6672|13.16,0.0,True,0.36148895156119065,market_like,0.04276636758774068,-1.0848932068803383,2.4341037536059797,-1.2824615959380994,True,False,True,1.0,0.0848932068803383,0.15684641431642088,7.122857142857161,2.4341037536059797,,True,True,True,False,4.5,stop_hunt,0.1971460202159876,0.5223454612889963,0.40722260590701836,1.0827463162798883
ETHUSDT,15M,LONG,TBX7A,1902.39,1910.25,23.59,7.86,0.33,2023-11-09 00:30:00+00:00,2023-11-09 07:30,0.33,0.33,NORMAL,1.0,,2023-11,,,False,True,,2023-11-09 07:30:00+00:00,False,False,1.0,1878.8000000000002,True,2023-11-09 00:30:00+00:00|LONG|TBX7A|1902.39|23.59,0.0,True,0.5849936413734711,market_like,1.2000847816871534,-0.6091564222128071,1.2000847816871534,-0.6091564222128071,False,False,False,,0.0,0.0,7.527857142857182,,,False,False,False,False,,clean_winner,0.1971460202159876,0.5223454612889963,0.40722260590701836,1.0827463162798883
ETHUSDT,15M,LONG,TBX7A,1925.6518693111593,2097.466234031932,21.53,168.75,7.84,2023-11-09 14:00:00+00:00,2023-11-10 08:00,7.84,3.84,NORMAL,1.0,,2023-11,,,False,,True,2023-11-10 08:00:00+00:00,False,False,1.0,1904.1218693111593,True,2023-11-09 14:00:00+00:00|LONG|TBX7A|1925.6519|21.53,0.0,True,0.20909750632416282,market_like,9.937209971613589,-0.23371432007243034,9.69104183413102,-0.23371432007243034,False,False,False,,0.0,0.0,6.536428571428587,,,False,False,False,False,,clean_winner,0.1971460202159876,0.5223454612889963,0.40722260590701836,1.0827463162798883
ETHUSDT,1H,SHORT,TBX0,2099.99,2103.119523057936,13.2,-3.13,-0.24,2023-11-10 08:00:00+00:00,2023-11-10 16:00,-0.24,-0.24,NORMAL,1.0,,2023-11,,,False,,,2023-11-10 16:00:00+00:00,False,False,-1.0,2113.1899999999996,True,2023-11-10 08:00:00+00:00|SHORT|TBX0|2099.99|13.2,0.0,True,0.3522727272727342,limit_retest,2.5749999999999837,-0.8356060606060758,2.5749999999999837,-0.8356060606060758,False,False,False,,0.0,0.0,11.2914285714285,,,False,False,False,False,,not_applicable,0.4321185415586152,0.6756383432490256,0.6360653867547656,1.0796369927068623
ETHUSDT,15M,SHORT,TBX7A,2048.9296220790475,2052.62,10.74,-7.3,-0.68,2023-11-12 09:30:00+00:00,2023-11-12 14:00,-0.68,-0.68,NORMAL,1.0,,2023-11,,,False,,,2023-11-12 14:00:00+00:00,False,False,-1.0,2059.6696220790473,True,2023-11-12 09:30:00+00:00|SHORT|TBX7A|2048.9296|10.74,0.0,True,0.5344858399397203,limit_retest,1.1480095045668126,-0.6443554861222004,1.1480095045668126,-1.8650258771836647,False,False,False,,0.0,0.0,4.857857142857142,,,False,False,False,False,,not_applicable,0.1971460202159876,0.5223454612889963,0.40722260590701836,1.0827463162798883
ETHUSDT,1H,SHORT,TBX7A,2041.16,2051.06,15.9,-5.0,-0.31,2023-11-13 03:00:00+00:00,2023-11-13 07:15,-0.31,-0.31,YELLOW,0.5,День перед CPI,2023-11,,,False,,,2023-11-13 07:15:00+00:00,False,False,-1.0,2057.06,True,2023-11-13 03:00:00+00:00|SHORT|TBX7A|2041.16|15.9,3.0,False,1.5000000000000084,limit_retest,0.7018867924528354,-1.5509433962264203,0.7018867924528354,-2.595597484276714,True,False,True,0.0,0.5509433962264203,0.861477943242483,10.168571428571536,0.7018867924528354,,True,False,False,False,3.5,ambiguous_stop,0.4321185415586152,0.6756383432490256,0.6360653867547656,1.0796369927068623
ETHUSDT,15M,SHORT,TBX7A,2040.5198413452313,2068.97,28.45,-14.22,-0.5,2023-11-13 14:45:00+00:00,2023-11-13 14:45,-0.5,-0.5,YELLOW,0.5,День перед CPI,2023-11,,,False,,,2023-11-13 14:45:00+00:00,False,False,-1.0,2068.969841345231,True,2023-11-13 14:45:00+00:00|SHORT|TBX7A|2040.5198|28.45,0.0,True,0.35044494392859443,limit_retest,0.01827210352306751,-1.4731162971799145,0.28751639174802646,-2.7936786873380925,True,True,False,0.0,0.47311629717991455,1.131649178277441,11.894285714285745,0.28751639174802646,,True,False,False,False,10.0,hopeless,0.1971460202159876,0.5223454612889963,0.40722260590701836,1.0827463162798883
ETHUSDT,1H,SHORT,TBX0,2060.35,2063.18,29.45,-1.42,-0.05,2023-11-13 21:00:00+00:00,2023-11-14 05:30,-0.05,-0.05,YELLOW,0.5,День перед CPI,2023-11,,,False,,,2023-11-14 05:30:00+00:00,False,False,-1.0,2089.7999999999997,True,2023-11-13 21:00:00+00:00|SHORT|TBX0|2060.35|29.45,0.0,True,0.9151103565365118,limit_retest,0.9511035653650252,-0.9219015280135855,0.9511035653650252,-0.9219015280135855,False,False,False,,0.0,0.0,9.886428571428464,,,False,False,False,False,,not_applicable,0.4321185415586152,0.6756383432490256,0.6360653867547656,1.0796369927068623
ETHUSDT,1H,LONG,TBX0 (a),2047.36,2051.78,13.25,5.53,0.49,2023-11-15 21:00:00+00:00,2023-11-16 05:00,0.49,0.49,GREEN,1.25,День Retail Sales,2023-11,,,False,,,2023-11-16 05:00:00+00:00,False,False,1.0,2034.11,True,2023-11-15 21:00:00+00:00|LONG|TBX0 (a)|2047.36|13.25,2.0,False,0.13433962264150737,limit_retest,2.6747169811320965,-0.8113207547169812,2.6747169811320965,-0.8113207547169812,False,False,False,,0.0,0.0,15.719285714285709,,,False,False,False,False,,clean_winner,0.4321185415586152,0.6756383432490256,0.6360653867547656,1.0796369927068623
ETHUSDT,15M,LONG,TBX0 (a),2053.8130403299565,2048.420225111969,15.89,-3.98,-0.25,2023-11-16 11:00:00+00:00,2023-11-16 12:15,-0.25,-0.25,NORMAL,1.0,,2023-11,,,False,,,2023-11-16 12:15:00+00:00,False,False,1.0,2037.9230403299564,True,2023-11-16 11:00:00+00:00|LONG|TBX0 (a)|2053.813|15.89,0.0,True,0.8724380320929167,market_like,2.466139689744714,-0.9183788753905894,2.466139689744714,-7.263249863433379,False,False,False,,0.0,0.0,8.089285714285682,,,False,False,False,False,,not_applicable,0.1971460202159876,0.5223454612889963,0.40722260590701836,1.0827463162798883
ETHUSDT,15M,SHORT,TBX0 (a),1972.3719035108516,1942.1683851860341,15.05,15.94,1.06,2023-11-17 07:45:00+00:00,2023-11-17 17:00,1.06,1.06,NORMAL,1.0,,2023-11,,,False,,,2023-11-17 17:00:00+00:00,False,False,-1.0,1987.4219035108515,True,2023-11-17 07:45:00+00:00|SHORT|TBX0 (a)|1972.3719|15.05,0.0,True,0.24306288964441328,market_like,4.555608206701104,-0.705521361405213,4.555608206701104,-0.705521361405213,False,False,False,,0.0,0.0,6.197857142857141,,,False,False,False,False,,clean_winner,0.1971460202159876,0.5223454612889963,0.40722260590701836,1.0827463162798883
ETHUSDT,15M,LONG,TBX0 (a) or TBX1,1965.0515746905844,1958.14,6.91,-6.57,-0.95,2023-11-19 09:30:00+00:00,2023-11-19 10:15,-0.95,-0.95,NORMAL,1.0,,2023-11,,,False,,,2023-11-19 10:15:00+00:00,False,False,1.0,1958.1415746905843,True,2023-11-19 09:30:00+00:00|LONG|TBX0 (a) or TBX1|1965.0516|6.91,0.0,True,0.527000678811045,market_like,0.06200076836694871,-1.0204883777980323,3.407876311058684,-2.8945838915462296,True,False,True,3.0,0.020488377798032253,0.03561627436085572,3.975000000000039,3.407876311058684,-0.6398805630368007,True,True,True,False,9.75,stop_hunt,0.1971460202159876,0.5223454612889963,0.40722260590701836,1.0827463162798883
ETHUSDT,15M,LONG,TBX0 (a) or TBX1,1962.4,2020.96,17.74,58.56,3.3,2023-11-19 15:15:00+00:00,2023-11-20 11:45,3.3,3.3,NORMAL,1.0,,2023-11,,,False,True,,2023-11-20 11:45:00+00:00,False,False,1.0,1944.66,True,2023-11-19 15:15:00+00:00|LONG|TBX0 (a) or TBX1|1962.4|17.74,0.0,True,0.6009019165727217,market_like,4.6183765501691,-0.6009019165727217,3.0467869222096935,-0.6009019165727217,False,False,False,,0.0,0.0,5.260000000000056,,,False,False,False,False,,clean_winner,0.1971460202159876,0.5223454612889963,0.40722260590701836,1.0827463162798883
ETHUSDT,15M,LONG,TBX0 (a) or TBX1,2030.55,2020.89,29.06,-10.28,-0.35,2023-11-20 14:30:00+00:00,2023-11-20 16:45,-0.35,-0.35,NORMAL,1.0,,2023-11,,,False,,,2023-11-20 16:45:00+00:00,False,False,1.0,2001.49,True,2023-11-20 14:30:00+00:00|LONG|TBX0 (a) or TBX1|2030.55|29.06,0.0,True,0.22711631108051994,market_like,0.806951135581557,-0.3585684790089417,1.3162422573984938,-0.6803165863730207,False,False,False,,0.0,0.0,10.327857142857154,,,False,False,False,False,,not_applicable,0.1971460202159876,0.5223454612889963,0.40722260590701836,1.0827463162798883
ETHUSDT,1H,LONG,TBX0 (a),2030.98,2065.65,17.28,43.34,2.8,2023-11-22 13:00:00+00:00,2023-11-22 22:45,2.8,2.8,GREEN,1.25,Канун праздника (прочие),2023-11,,,False,,,2023-11-22 22:45:00+00:00,False,False,1.0,2013.7,True,2023-11-22 13:00:00+00:00|LONG|TBX0 (a)|2030.98|17.28,2.0,False,0.5185185185185206,limit_retest,3.6342592592592697,-0.8935185185185216,3.6342592592592697,-0.8935185185185216,False,False,False,,0.0,0.0,8.280714285714307,,,False,False,False,False,,clean_winner,0.4321185415586152,0.6756383432490256,0.6360653867547656,1.0796369927068623
ETHUSDT,15M,LONG,TBX0 (a),2078.032829159224,2067.219349037716,22.8,-5.22,-0.23,2023-11-23 08:30:00+00:00,2023-11-23 11:00,-0.23,-0.23,NORMAL,1.0,,2023-11,,,False,,,2023-11-23 11:00:00+00:00,False,False,1.0,2055.232829159224,True,2023-11-23 08:30:00+00:00|LONG|TBX0 (a)|2078.0328|22.8,0.0,True,0.41459777014141075,market_like,0.513911001788417,-1.0347732087378965,0.513911001788417,-1.9531942613694777,True,False,True,10.0,0.034773208737896466,0.15215364262010295,5.210714285714305,0.016542580735779012,,True,False,False,False,10.0,ambiguous_stop,0.1971460202159876,0.5223454612889963,0.40722260590701836,1.0827463162798883
ETHUSDT,15M,SHORT,TBX0 (a) or TBX1,2062.27,2075.885801170081,20.39,-13.01,-0.64,2023-11-23 23:30:00+00:00,2023-11-24 01:15,-0.64,-0.64,NORMAL,1.0,,2023-11,,,False,,,2023-11-24 01:15:00+00:00,False,False,-1.0,2082.66,True,2023-11-23 23:30:00+00:00|SHORT|TBX0 (a) or TBX1|2062.27|20.39,0.0,True,0.06768023540951981,market_like,0.12947523295732577,-0.7714565963707709,0.12947523295732577,-3.319764590485535,False,False,False,,0.0,0.0,5.676428571428557,,,False,False,False,False,,not_applicable,0.1971460202159876,0.5223454612889963,0.40722260590701836,1.0827463162798883
ETHUSDT,15M,SHORT,TBX0 (a) or TBX1,2066.69,2073.2499484540053,9.74,-6.07,-0.62,2023-11-24 03:30:00+00:00,2023-11-24 05:45,-0.62,-0.62,NORMAL,1.0,,2023-11,,,False,,,2023-11-24 05:45:00+00:00,False,False,-1.0,2076.43,True,2023-11-24 03:30:00+00:00|SHORT|TBX0 (a) or TBX1|2066.69|9.74,0.0,True,0.6334702258726974,limit_retest,0.4260780287474426,-0.6991786447638547,0.4260780287474426,-6.4958932238193,False,False,False,,0.0,0.0,5.243571428571419,,,False,False,False,False,,not_applicable,0.1971460202159876,0.5223454612889963,0.40722260590701836,1.0827463162798883
ETHUSDT,15M,SHORT,TBX0 (a) or TBX1,2066.27,2076.2321682888255,11.98,-9.6,-0.8,2023-11-24 07:15:00+00:00,2023-11-24 07:45,-0.8,-0.8,NORMAL,1.0,,2023-11,,,False,,,2023-11-24 07:45:00+00:00,False,False,-1.0,2078.25,True,2023-11-24 07:15:00+00:00|SHORT|TBX0 (a) or TBX1|2066.27|11.98,0.0,True,0.029215358931544994,market_like,0.018363939899816353,-1.5634390651085157,0.018363939899816353,-5.737061769616028,True,True,False,2.0,0.5634390651085157,1.6779119318182085,4.02285714285709,-0.7404006677796235,,True,False,False,False,0.25,hopeless,0.1971460202159876,0.5223454612889963,0.40722260590701836,1.0827463162798883
ETHUSDT,15M,SHORT,TBX0 (a) or TBX1,2081.851508733389,2089.5463901395005,12.22,-7.33,-0.6,2023-11-26 11:00:00+00:00,2023-11-26 12:45,-0.6,-0.6,NORMAL,1.0,,2023-11,,,False,,,2023-11-26 12:45:00+00:00,False,False,-1.0,2094.071508733389,True,2023-11-26 11:00:00+00:00|SHORT|TBX0 (a) or TBX1|2081.8515|12.22,0.0,True,0.27483561919894056,market_like,0.8528239552691609,-0.6668159792644041,3.8340023513411605,-0.7298274358928805,False,False,False,,0.0,0.0,3.782857142857113,,,False,False,False,False,,not_applicable,0.1971460202159876,0.5223454612889963,0.40722260590701836,1.0827463162798883
ETHUSDT,15M,SHORT,TBX0 (a) or TBX1,2076.5550655972056,2056.63,15.02,8.16,0.54,2023-11-26 13:15:00+00:00,2023-11-26 19:00,0.54,0.54,NORMAL,1.0,,2023-11,,,False,,,2023-11-26 19:00:00+00:00,False,False,-1.0,2091.5750655972056,True,2023-11-26 13:15:00+00:00|SHORT|TBX0 (a) or TBX1|2076.5551|15.02,0.0,True,0.688078189267261,limit_retest,2.766648841358563,-0.6887439682286604,2.766648841358563,-0.6887439682286604,False,False,False,,0.0,0.0,5.841428571428553,,,False,False,False,False,,clean_winner,0.1971460202159876,0.5223454612889963,0.40722260590701836,1.0827463162798883
ETHUSDT,1H,LONG,TBX0,2056.63,2064.306365439207,10.36,7.68,0.74,2023-11-26 19:00:00+00:00,2023-11-26 23:00,0.74,0.74,NORMAL,1.0,,2023-11,,,False,,,2023-11-26 23:00:00+00:00,False,False,1.0,2046.2700000000002,True,2023-11-26 19:00:00+00:00|LONG|TBX0|2056.63|10.36,3.0,False,0.7374517374517691,limit_retest,2.525096525096511,-0.8735521235521412,2.525096525096511,-1.8291505791505835,False,False,False,,0.0,0.0,8.687142857142915,,,False,False,False,False,,clean_winner,0.4321185415586152,0.6756383432490256,0.6360653867547656,1.0796369927068623
ETHUSDT,15M,SHORT,TBX7B,2035.8332148335194,2022.95,15.18,8.94,0.59,2023-11-27 10:15:00+00:00,2023-11-27 17:00,0.59,0.59,NORMAL,1.0,,2023-11,,,False,,,2023-11-27 17:00:00+00:00,False,False,-1.0,2051.013214833519,True,2023-11-27 10:15:00+00:00|SHORT|TBX7B|2035.8332|15.18,0.0,True,0.5188923034572239,limit_retest,2.4923066425243334,-0.5682994180817298,3.3486966293491025,-0.5682994180817298,False,False,False,,0.0,0.0,7.2999999999999705,,,False,False,False,False,,clean_winner,0.1971460202159876,0.5223454612889963,0.40722260590701836,1.0827463162798883
ETHUSDT,1H,LONG,TBX0,2020.23,2019.13,12.37,-2.74,-0.22,2023-11-27 22:00:00+00:00,2023-11-28 04:45,-0.22,-0.22,NORMAL,1.0,,2023-11,,,False,,,2023-11-28 04:45:00+00:00,False,False,1.0,2007.8600000000001,True,2023-11-27 22:00:00+00:00|LONG|TBX0|2020.23|12.37,3.0,False,0.3694421988682245,limit_retest,1.7081649151172096,-0.6960388035570031,1.7081649151172096,-2.051738075990308,False,False,False,,0.0,0.0,9.275714285714278,,,False,False,False,False,,not_applicable,0.4321185415586152,0.6756383432490256,0.6360653867547656,1.0796369927068623
ETHUSDT,1H,LONG,TBX0,2045.23,2031.5217557909111,18.31,-13.16,-0.72,2023-11-30 11:00:00+00:00,2023-11-30 13:45,-0.72,-0.72,NORMAL,1.0,,2023-11,,,False,,,2023-11-30 13:45:00+00:00,False,False,1.0,2026.92,True,2023-11-30 11:00:00+00:00|LONG|TBX0|2045.23|18.31,3.0,False,0.8427089022392171,limit_retest,0.4123429819770717,-0.9240851993446245,0.4123429819770717,-1.1463681048607324,False,False,False,,0.0,0.0,4.7407142857142945,,,False,False,False,False,,not_applicable,0.4321185415586152,0.6756383432490256,0.6360653867547656,1.0796369927068623
ETHUSDT,15M,LONG,TBX7B,2254.5915250745143,2226.69,27.9,-17.98,-0.64,2023-12-04 12:45:00+00:00,2023-12-04 14:00,-0.64,-0.64,NORMAL,1.0,,2023-12,,,False,,,2023-12-04 14:00:00+00:00,False,False,1.0,2226.691525074514,True,2023-12-04 12:45:00+00:00|LONG|TBX7B|2254.5915|27.9,0.0,True,0.21009050446287628,market_like,0.07557257797439257,-1.0953951639610777,0.07557257797439257,-1.9244274220255977,True,True,False,5.0,0.09539516396107772,0.17600184707003425,15.12214285714286,0.00747221955146653,,True,False,False,False,8.25,hopeless,0.1971460202159876,0.5223454612889963,0.40722260590701836,1.0827463162798883
ETHUSDT,1H,SHORT,TBX0,2225.61,2240.8511395571213,17.86,-14.7,-0.82,2023-12-04 14:00:00+00:00,2023-12-04 22:00,-0.82,-0.82,NORMAL,1.0,,2023-12,,,False,,,2023-12-04 22:00:00+00:00,False,False,-1.0,2243.4700000000003,True,2023-12-04 14:00:00+00:00|SHORT|TBX0|2225.61|17.86,0.0,True,0.8208286674132058,limit_retest,1.383538633818591,-1.0767077267637188,1.383538633818591,-1.6343784994400927,True,True,False,32.0,0.07670772676371884,0.09030131826742134,15.171428571428546,2.2178051511758192,,True,True,True,False,9.5,ambiguous_stop,0.4321185415586152,0.6756383432490256,0.6360653867547656,1.0796369927068623
ETHUSDT,15M,SHORT,TBX0,2220.4409129129617,2252.65,32.21,-30.6,-0.95,2023-12-04 22:45:00+00:00,2023-12-05 00:45,-0.95,-0.95,NORMAL,1.0,,2023-12,,,False,,,2023-12-05 00:45:00+00:00,False,False,-1.0,2252.6509129129618,True,2023-12-04 22:45:00+00:00|SHORT|TBX0|2220.4409|32.21,0.0,True,0.41071366305614254,limit_retest,0.007479444674383831,-1.0294656034473204,1.0692614999367192,-1.0294656034473204,True,False,True,8.0,0.02946560344732041,0.09619358009508877,9.866428571428612,1.0692614999367192,,True,True,False,False,6.75,stop_hunt,0.1971460202159876,0.5223454612889963,0.40722260590701836,1.0827463162798883
ETHUSDT,15M,SHORT,TBX0,2227.5308140641546,2224.0665399582485,25.85,3.45,0.13,2023-12-05 02:00:00+00:00,2023-12-05 15:30,0.13,0.13,NORMAL,1.0,,2023-12,,,False,,,2023-12-05 15:30:00+00:00,False,False,-1.0,2253.3808140641545,True,2023-12-05 02:00:00+00:00|SHORT|TBX0|2227.5308|25.85,0.0,True,0.48662227991665546,limit_retest,1.6066078941645874,-0.5469704423924754,1.6066078941645874,-0.5469704423924754,False,False,False,,0.0,0.0,10.042142857142835,,,False,False,False,False,,clean_winner,0.1971460202159876,0.5223454612889963,0.40722260590701836,1.0827463162798883
ETHUSDT,1H,LONG,TBX7A,2378.48,2364.24,14.24,-13.81,-0.97,2023-12-10 20:00:00+00:00,2023-12-10 21:15,-0.97,-0.97,NORMAL,1.0,,2023-12,,,False,,,2023-12-10 21:15:00+00:00,False,False,1.0,2364.2400000000002,True,2023-12-10 20:00:00+00:00|LONG|TBX7A|2378.48|14.24,3.0,False,1.5000000000000089,limit_retest,0.10533707865168539,-1.5575842696629099,0.10533707865168539,-18.528792134831455,True,True,False,0.0,0.5575842696629099,1.6323054331864697,4.864285714285676,0.10533707865168539,,True,False,False,False,1.0,hopeless,0.4321185415586152,0.6756383432490256,0.6360653867547656,1.0796369927068623
ETHUSDT,1H,LONG,TBX0,2192.15,2249.7,12.47,34.53,2.77,2023-12-13 13:00:00+00:00,2023-12-14 02:15,2.77,2.77,YELLOW,0.6,PPI день 09-16 UTC,2023-12,,,False,,,2023-12-14 02:15:00+00:00,False,False,1.0,2179.6800000000003,True,2023-12-13 13:00:00+00:00|LONG|TBX0|2192.15|12.47,0.0,True,0.6391339214114077,market_like,7.518845228548497,-0.8259823576583947,7.518845228548497,-0.8259823576583947,False,False,False,,0.0,0.0,7.279285714285769,,,False,False,False,False,,clean_winner,0.4321185415586152,0.6756383432490256,0.6360653867547656,1.0796369927068623
ETHUSDT,15M,LONG,TBX0,2262.44,2286.2661847833906,15.16,28.6,2.83,2023-12-14 05:45:00+00:00,2023-12-14 13:00,2.83,2.83,GREEN,1.2,FOMC+1 (день после решения),2023-12,,,False,,,2023-12-14 13:00:00+00:00,False,False,1.0,2247.28,True,2023-12-14 05:45:00+00:00|LONG|TBX0|2262.44|15.16,0.0,True,0.2565963060685932,market_like,3.730870712401052,-0.35883905013192974,3.730870712401052,-3.324538258575204,False,False,False,,0.0,0.0,4.996428571428559,,,False,False,False,False,,clean_winner,0.1971460202159876,0.5223454612889963,0.40722260590701836,1.0827463162798883
ETHUSDT,15M,LONG,TBX0,2312.9799698228803,2300.78,25.28,-19.9,-0.79,2023-12-14 22:45:00+00:00,2023-12-15 00:45,-0.79,-0.79,GREEN,1.2,FOMC+1 (день после решения),2023-12,,,False,,,2023-12-15 00:45:00+00:00,False,False,1.0,2287.69996982288,True,2023-12-14 22:45:00+00:00|LONG|TBX0|2312.98|25.28,0.0,True,0.2614703252721689,market_like,0.8034030924493529,-0.5233374138797595,0.8034030924493529,-2.224286780968367,False,False,False,,0.0,0.0,5.89142857142854,,,False,False,False,False,,not_applicable,0.1971460202159876,0.5223454612889963,0.40722260590701836,1.0827463162798883
ETHUSDT,15M,SHORT,TBX0,2268.7968578354794,2251.23,14.18,35.17,2.48,2023-12-15 12:00:00+00:00,2023-12-15 20:00,2.48,2.48,NORMAL,1.0,,2023-12,,,False,,,2023-12-15 20:00:00+00:00,False,False,-1.0,2282.976857835479,True,2023-12-15 12:00:00+00:00|SHORT|TBX0|2268.7969|14.18,0.0,True,0.3887970496841015,limit_retest,3.048438493334219,-0.4374571343103395,5.1845456865641175,-0.4374571343103395,False,False,False,,0.0,0.0,7.122857142857096,,,False,False,False,False,,clean_winner,0.1971460202159876,0.5223454612889963,0.40722260590701836,1.0827463162798883
ETHUSDT,1H,LONG,TBX0,2251.23,2239.0905,12.14,-11.78,-0.97,2023-12-15 20:00:00+00:00,2023-12-15 22:15,-0.97,-0.97,NORMAL,1.0,,2023-12,,,False,,,2023-12-15 22:15:00+00:00,False,False,1.0,2239.09,True,2023-12-15 20:00:00+00:00|LONG|TBX0|2251.23|12.14,1.0,False,0.6581548599670706,limit_retest,0.20922570016474165,-1.9126853377265074,0.8047775947281698,-4.608731466227332,True,True,False,9.0,0.9126853377265074,1.6533788104881444,6.701428571428551,0.8047775947281698,,True,False,False,False,5.5,hopeless,0.4321185415586152,0.6756383432490256,0.6360653867547656,1.0796369927068623
ETHUSDT,1H,SHORT,TBX7B,2197.93,2158.2308490890055,19.25,39.7,2.06,2023-12-17 23:00:00+00:00,2023-12-18 13:45,2.06,2.06,NORMAL,1.0,,2023-12,,,False,,,2023-12-18 13:45:00+00:00,False,False,-1.0,2217.18,True,2023-12-17 23:00:00+00:00|SHORT|TBX7B|2197.93|19.25,2.0,False,1.1485714285714352,limit_retest,4.227012987012982,-1.3781818181818286,4.227012987012982,-1.3781818181818286,True,False,True,0.0,0.3781818181818286,0.9536820436044146,7.633571428571356,4.227012987012982,4.227012987012982,True,True,True,False,11.5,winner_survived_stop_touch,0.4321185415586152,0.6756383432490256,0.6360653867547656,1.0796369927068623
ETHUSDT,1H,LONG,TBX0,2170.32,2238.2824667628583,20.84,67.96,3.26,2023-12-18 14:00:00+00:00,2023-12-19 10:15,3.26,3.26,NORMAL,1.0,,2023-12,,,False,,,2023-12-19 10:15:00+00:00,False,False,1.0,2149.48,True,2023-12-18 14:00:00+00:00|LONG|TBX0|2170.32|20.84,2.0,False,0.6137236084452957,limit_retest,4.1420345489443235,-0.9601727447216996,3.8210172744721524,-0.9601727447216996,False,False,False,,0.0,0.0,9.30428571428573,,,False,False,False,False,,clean_winner,0.4321185415586152,0.6756383432490256,0.6360653867547656,1.0796369927068623
ETHUSDT,15M,SHORT,TBX0 (a),2205.7711271590506,2221.4874636461554,16.9,-14.96,-0.89,2023-12-20 11:30:00+00:00,2023-12-20 13:00,-0.89,-0.89,NORMAL,1.0,,2023-12,,,False,,,2023-12-20 13:00:00+00:00,False,False,-1.0,2222.6711271590507,True,2023-12-20 11:30:00+00:00|SHORT|TBX0 (a)|2205.7711|16.9,0.0,True,0.21531791958279656,market_like,0.09355782006216205,-1.8738978012396132,2.945037110002994,-3.7744895172159385,True,True,False,6.0,0.8738978012396132,1.8477588898417694,7.992857142857084,2.945037110002994,,True,True,True,False,7.0,hopeless,0.1971460202159876,0.5223454612889963,0.40722260590701836,1.0827463162798883
ETHUSDT,1H,LONG,TBX7A,2249.62,2227.6541017368772,23.6,-21.26,-0.9,2023-12-20 13:00:00+00:00,2023-12-20 16:45,-0.9,-0.9,NORMAL,1.0,,2023-12,,,False,,,2023-12-20 16:45:00+00:00,False,False,1.0,2226.02,True,2023-12-20 13:00:00+00:00|LONG|TBX7A|2249.62|23.6,3.0,False,1.5000000000000038,limit_retest,0.8449152542372904,-1.5190677966101656,0.8449152542372904,-3.966949152542368,True,True,False,0.0,0.5190677966101656,1.3220783225408494,9.265714285714271,0.8449152542372904,0.8449152542372904,True,False,False,False,1.5,hopeless,0.4321185415586152,0.6756383432490256,0.6360653867547656,1.0796369927068623
ETHUSDT,15M,LONG,TBX7A,2206.987987716543,2238.4900973946387,18.48,31.5,1.7,2023-12-21 04:30:00+00:00,2023-12-21 14:00,1.7,1.7,NORMAL,1.0,,2023-12,,,False,,,2023-12-21 14:00:00+00:00,False,False,1.0,2188.507987716543,True,2023-12-21 04:30:00+00:00|LONG|TBX7A|2206.988|18.48,0.0,True,0.2996746599861085,market_like,4.081277720966274,-0.713094573406015,4.081277720966274,-0.713094573406015,False,False,False,,0.0,0.0,7.145000000000015,,,False,False,False,False,,clean_winner,0.1971460202159876,0.5223454612889963,0.40722260590701836,1.0827463162798883
ETHUSDT,15M,LONG,TBX7A,2262.845607544075,2247.403218496891,32.34,-18.09,-0.56,2023-12-22 04:45:00+00:00,2023-12-22 07:00,-0.56,-0.56,GREEN,1.25,Канун праздника (прочие),2023-12,,,False,,,2023-12-22 07:00:00+00:00,False,False,1.0,2230.505607544075,True,2023-12-22 04:45:00+00:00|LONG|TBX7A|2262.8456|32.34,0.0,True,0.260532082377083,market_like,1.2202966127373223,-0.4813113031562998,2.5697091050069534,-0.4813113031562998,False,False,False,,0.0,0.0,8.74428571428572,,,False,False,False,False,,not_applicable,0.1971460202159876,0.5223454612889963,0.40722260590701836,1.0827463162798883
ETHUSDT,1H,LONG,TBX0 (a),2295.21,2388.447427359859,19.54,93.24,5.26,2023-12-27 13:00:00+00:00,2023-12-28 05:00,5.26,5.26,NORMAL,1.0,,2023-12,,,False,,,2023-12-28 05:00:00+00:00,False,False,1.0,2275.67,True,2023-12-27 13:00:00+00:00|LONG|TBX0 (a)|2295.21|19.54,1.0,False,0.48874104401229185,limit_retest,8.204196519959057,-0.8720573183213902,8.204196519959057,-0.8720573183213902,False,False,False,,0.0,0.0,10.017857142857176,,,False,False,False,False,,clean_winner,0.4321185415586152,0.6756383432490256,0.6360653867547656,1.0796369927068623
ETHUSDT,15M,LONG,TBX0 (a),2404.646850137937,2390.37017923786,24.94,-9.65,-0.39,2023-12-28 10:30:00+00:00,2023-12-28 12:15,-0.39,-0.39,NORMAL,1.0,,2023-12,,,False,,,2023-12-28 12:15:00+00:00,False,False,1.0,2379.7068501379367,True,2023-12-28 10:30:00+00:00|LONG|TBX0 (a)|2404.6469|24.94,0.0,True,0.4337149213286629,market_like,0.4042963056160079,-0.7159923872468651,0.48529069214367354,-2.7516780327961827,False,False,False,,0.0,0.0,10.214999999999918,,,False,False,False,False,,not_applicable,0.1971460202159876,0.5223454612889963,0.40722260590701836,1.0827463162798883
ETHUSDT,15M,LONG,TBX0 (a),2406.6631104617636,2374.36,32.3,-29.72,-0.92,2023-12-28 13:15:00+00:00,2023-12-28 14:15,-0.92,-0.92,NORMAL,1.0,,2023-12,,,False,,,2023-12-28 14:15:00+00:00,False,False,1.0,2374.3631104617634,True,2023-12-28 13:15:00+00:00|LONG|TBX0 (a)|2406.6631|32.3,0.0,True,0.7319848440174498,market_like,0.3122876018029843,-1.1784244725004243,0.3122876018029843,-2.6892603858131094,True,False,True,4.0,0.17842447250042426,0.406609617823373,14.173571428571417,-0.5177433579493361,,True,False,False,False,0.25,ambiguous_stop,0.1971460202159876,0.5223454612889963,0.40722260590701836,1.0827463162798883
ETHUSDT,1H,LONG,TBX7A,2306.72,2298.7008290439944,9.0,-8.02,-1.0,2024-01-01 11:00:00+00:00,2024-01-01 14:00,-1.0,-1.0,NORMAL,1.0,,2024-01,,,False,,,2024-01-01 14:00:00+00:00,False,False,1.0,2297.72,True,2024-01-01 11:00:00+00:00|LONG|TBX7A|2306.72|9.0,0.0,True,0.28111111111108283,market_like,0.45444444444446064,-1.134444444444398,4.9577777777778165,-1.134444444444398,True,False,True,12.0,0.13444444444439796,0.27648114901247184,4.37642857142857,10.657777777777786,10.657777777777786,True,True,True,True,11.0,stop_hunt,0.4321185415586152,0.6756383432490256,0.6360653867547656,1.0796369927068623
ETHUSDT,15M,SHORT,TBX0 (a) or TBX1,2222.852988815646,2229.13,21.08,-8.11,-0.38,2024-01-04 07:45:00+00:00,2024-01-04 11:45,-0.38,-0.38,NORMAL,1.0,,2024-01,,,False,,,2024-01-04 11:45:00+00:00,False,False,-1.0,2243.932988815646,True,2024-01-04 07:45:00+00:00|SHORT|TBX0 (a) or TBX1|2222.853|21.08,0.0,True,0.26219218142097966,market_like,0.8269918793000848,-0.43391893663919084,0.8269918793000848,-3.4396115362596906,False,False,False,,0.0,0.0,8.172857142857115,,,False,False,False,False,,not_applicable,0.1971460202159876,0.5223454612889963,0.40722260590701836,1.0827463162798883
ETHUSDT,15M,SHORT,TBX0 (a) or TBX1,2263.740030343066,2255.29,21.88,8.54,0.39,2024-01-04 22:45:00+00:00,2024-01-05 06:45,0.39,0.39,NORMAL,1.0,,2024-01,,,False,,,2024-01-05 06:45:00+00:00,False,False,-1.0,2285.620030343066,True,2024-01-04 22:45:00+00:00|SHORT|TBX0 (a) or TBX1|2263.74|21.88,0.0,True,0.3180973334978947,market_like,2.59186610343079,-0.5973477905362917,2.59186610343079,-0.5973477905362917,False,False,False,,0.0,0.0,11.232142857142824,,,False,False,False,False,,clean_winner,0.1971460202159876,0.5223454612889963,0.40722260590701836,1.0827463162798883
ETHUSDT,1H,LONG,TBX7A,2248.24,2238.9466666666667,9.29,-9.29,-1.0,2024-01-05 20:00:00+00:00,2024-01-05 21:00,-1.0,-1.0,NORMAL,1.0,,2024-01,,,False,,,2024-01-05 21:00:00+00:00,False,False,1.0,2238.95,True,2024-01-05 20:00:00+00:00|LONG|TBX7A|2248.24|9.29,3.0,False,1.5005382131323575,limit_retest,1.7104413347686038,-1.5758880516684473,3.2206673842841846,-3.517761033369197,True,True,False,0.0,0.5758880516684473,0.6055950840879488,8.8342857142858,3.2206673842841846,,True,True,True,False,3.25,ambiguous_stop,0.4321185415586152,0.6756383432490256,0.6360653867547656,1.0796369927068623
ETHUSDT,1H,LONG,TBX0,2212.84,2323.233913095062,20.4,110.39,5.41,2024-01-08 06:00:00+00:00,2024-01-09 00:15,5.41,5.41,NORMAL,1.0,,2024-01,,,False,,,2024-01-09 00:15:00+00:00,False,False,1.0,2192.44,True,2024-01-08 06:00:00+00:00|LONG|TBX0|2212.84|20.4,1.0,False,0.8230392156862728,limit_retest,7.1955882352941165,-0.9147058823529564,4.664705882352934,-0.9147058823529564,False,False,False,,0.0,0.0,8.78285714285721,,,False,False,False,False,,clean_winner,0.4321185415586152,0.6756383432490256,0.6360653867547656,1.0796369927068623
ETHUSDT,1H,SHORT,TBX0,2291.34,2273.7237005708685,25.54,17.62,0.69,2024-01-09 08:00:00+00:00,2024-01-09 18:15,0.69,0.69,NORMAL,1.0,,2024-01,,,False,,,2024-01-09 18:15:00+00:00,False,False,-1.0,2316.88,True,2024-01-09 08:00:00+00:00|SHORT|TBX0|2291.34|25.54,3.0,False,0.5775254502740799,limit_retest,2.6977290524667223,-0.7963978073609903,2.6977290524667223,-0.7963978073609903,False,False,False,,0.0,0.0,6.502142857142871,,,False,False,False,False,,clean_winner,0.4321185415586152,0.6756383432490256,0.6360653867547656,1.0796369927068623
ETHUSDT,15M,SHORT,TBX0,2262.460329596119,2274.75,12.29,-24.58,-2.0,2024-01-09 19:30:00+00:00,2024-01-09 21:00,-2.0,-2.0,NORMAL,1.0,,2024-01,,,False,,,2024-01-09 21:00:00+00:00,False,False,-1.0,2274.750329596119,True,2024-01-09 19:30:00+00:00|SHORT|TBX0|2262.4603|12.29,0.0,True,0.6818283485663903,limit_retest,1.244127713272509,-3.054489048322278,1.562272546470219,-11.402739658574509,True,True,False,6.0,2.054489048322278,2.6473106092588408,9.537857142857092,1.562272546470219,,False,True,False,False,0.25,hopeless,0.1971460202159876,0.5223454612889963,0.40722260590701836,1.0827463162798883
ETHUSDT,1H,LONG,TBX7B,2341.19,2364.7726729934975,28.85,23.58,0.82,2024-01-09 22:00:00+00:00,2024-01-10 12:15,0.82,0.82,NORMAL,1.0,,2024-01,,,False,,,2024-01-10 12:15:00+00:00,False,False,1.0,2312.34,True,2024-01-09 22:00:00+00:00|LONG|TBX7B|2341.19|28.85,0.0,True,0.8058925476603119,market_like,3.1407279029462782,-0.89220103986136,3.1407279029462782,-0.89220103986136,False,False,False,,0.0,0.0,30.74071428571418,,,False,False,False,False,,clean_winner,0.4321185415586152,0.6756383432490256,0.6360653867547656,1.0796369927068623
ETHUSDT,15M,LONG,TBX7B,2418.7478991481194,2622.8603258596972,52.85,97.52,1.85,2024-01-10 15:00:00+00:00,2024-01-11 14:15,1.85,1.85,YELLOW,0.5,День перед CPI,2024-01,,,False,,,2024-01-11 14:15:00+00:00,False,False,1.0,2365.8978991481194,True,2024-01-10 15:00:00+00:00|LONG|TBX7B|2418.7479|52.85,0.0,True,0.600717107816828,market_like,4.690862835418741,-0.6659961995859826,4.293322627282511,-0.6659961995859826,False,False,False,,0.0,0.0,25.662857142857092,,,False,False,False,False,,clean_winner,0.1971460202159876,0.5223454612889963,0.40722260590701836,1.0827463162798883
ETHUSDT,1H,LONG,TBX7A,2604.52,2595.52,9.0,-11.25,-1.25,2024-01-12 17:00:00+00:00,2024-01-12 18:00,-1.25,-1.25,GREEN,1.25,Канун праздника (прочие),2024-01,,,False,,,2024-01-12 18:00:00+00:00,False,False,1.0,2595.52,True,2024-01-12 17:00:00+00:00|LONG|TBX7A|2604.52|9.0,1.0,False,-1.9433333333333596,limit_retest,3.2011111111111052,-4.9466666666666645,3.2011111111111052,-16.237777777777765,True,True,False,1.0,3.9466666666666645,1.010054231917615,35.1664285714286,1.2522222222222201,,True,True,False,False,2.0,hopeless,0.4321185415586152,0.6756383432490256,0.6360653867547656,1.0796369927068623
ETHUSDT,1H,SHORT,TBX0,2585.8,2546.42,47.46,91.31,1.92,2024-01-12 19:00:00+00:00,2024-01-13 02:45,1.92,0.29,GREEN,1.25,Канун праздника (прочие),2024-01,,,False,,True,2024-01-13 02:45:00+00:00,False,False,-1.0,2633.26,True,2024-01-12 19:00:00+00:00|SHORT|TBX0|2585.8|47.46,3.0,False,0.23619890434049803,limit_retest,2.6847871892119692,-0.6319005478297468,2.6847871892119692,-0.6319005478297468,False,False,False,,0.0,0.0,29.747142857142826,,,False,False,False,False,,clean_winner,0.4321185415586152,0.6756383432490256,0.6360653867547656,1.0796369927068623
ETHUSDT,15M,SHORT,TBX0,2506.4070003086827,2509.36,22.7,-2.95,-0.13,2024-01-14 22:30:00+00:00,2024-01-15 03:00,-0.13,-0.13,NORMAL,1.0,,2024-01,,,False,,,2024-01-15 03:00:00+00:00,False,False,-1.0,2529.1070003086825,True,2024-01-14 22:30:00+00:00|SHORT|TBX0|2506.407|22.7,0.0,True,0.5551982242871174,limit_retest,1.6038326127172977,-0.5759030701020865,1.6038326127172977,-1.2662114401461426,False,False,False,,0.0,0.0,14.745000000000053,,,False,False,False,False,,not_applicable,0.1971460202159876,0.5223454612889963,0.40722260590701836,1.0827463162798883
ETHUSDT,15M,LONG,TBX0 (a) or TBX1,2523.49,2524.5159311656216,20.7,1.03,0.05,2024-01-16 02:15:00+00:00,2024-01-16 07:15,0.05,0.05,NORMAL,1.0,,2024-01,,,False,,,2024-01-16 07:15:00+00:00,False,False,1.0,2502.79,True,2024-01-16 02:15:00+00:00|LONG|TBX0 (a) or TBX1|2523.49|20.7,0.0,True,0.17874396135264822,market_like,0.9425120772946965,-0.3826086956521555,1.274879227053156,-0.3826086956521555,False,False,False,,0.0,0.0,7.9471428571429055,,,False,False,False,False,,clean_winner,0.1971460202159876,0.5223454612889963,0.40722260590701836,1.0827463162798883
ETHUSDT,15M,LONG,TBX0 (a) or TBX1,2534.9876679462545,2526.343427813567,10.66,-8.64,-0.81,2024-01-16 08:15:00+00:00,2024-01-16 11:15,-0.81,-0.81,NORMAL,1.0,,2024-01,,,False,,,2024-01-16 11:15:00+00:00,False,False,1.0,2524.3276679462547,True,2024-01-16 08:15:00+00:00|LONG|TBX0 (a) or TBX1|2534.9877|10.66,0.0,True,0.8618825465529409,market_like,1.3970292733344818,-0.9641339536824105,4.685021768644025,-3.282145210718061,False,False,False,,0.0,0.0,7.977857142857114,,,False,False,False,False,,not_applicable,0.1971460202159876,0.5223454612889963,0.40722260590701836,1.0827463162798883
ETHUSDT,15M,LONG,TBX0 (a) or TBX1,2546.773280636667,2527.974071448102,21.83,-15.29,-0.7,2024-01-16 12:45:00+00:00,2024-01-16 13:45,-0.7,-0.7,NORMAL,1.0,,2024-01,,,False,,,2024-01-16 13:45:00+00:00,False,False,1.0,2524.943280636667,True,2024-01-16 12:45:00+00:00|LONG|TBX0 (a) or TBX1|2546.7733|21.83,0.0,True,0.1875071294854448,market_like,0.06627207344629887,-1.048707312719514,3.070394840280948,-2.142614779508342,True,False,True,4.0,0.048707312719513896,0.14699248457922293,7.233571428571395,3.070394840280948,,True,True,True,False,7.75,stop_hunt,0.1971460202159876,0.5223454612889963,0.40722260590701836,1.0827463162798883
ETHUSDT,1H,SHORT,TBX0,2525.57,2549.73,24.16,-24.16,-1.0,2024-01-16 13:00:00+00:00,2024-01-16 15:15,-1.0,-1.0,NORMAL,1.0,,2024-01,,,False,,,2024-01-16 15:15:00+00:00,False,False,-1.0,2549.73,True,2024-01-16 13:00:00+00:00|SHORT|TBX0|2525.57|24.16,3.0,False,0.896523178807941,limit_retest,1.0583609271523247,-1.6539735099337762,1.0583609271523247,-3.6519039735099343,True,True,False,9.0,0.6539735099337762,2.263147125025599,6.981428571428523,-0.8956953642384053,,False,False,False,False,1.0,hopeless,0.4321185415586152,0.6756383432490256,0.6360653867547656,1.0796369927068623
ETHUSDT,1H,LONG,TBX7A,2559.43,2578.146484224948,16.17,18.72,1.08,2024-01-16 15:00:00+00:00,2024-01-17 01:45,1.08,1.08,NORMAL,1.0,,2024-01,,,False,,,2024-01-17 01:45:00+00:00,False,False,1.0,2543.2599999999998,True,2024-01-16 15:00:00+00:00|LONG|TBX7A|2559.43|16.17,1.0,False,1.5003092145949142,limit_retest,3.3623995052566693,-2.066171923314771,3.3623995052566693,-2.066171923314771,True,True,False,0.0,1.066171923314771,1.3687195191108026,12.595714285714232,3.3623995052566693,,True,True,True,False,6.5,winner_survived_stop_touch,0.4321185415586152,0.6756383432490256,0.6360653867547656,1.0796369927068623
ETHUSDT,15M,SHORT,TBX0,2534.97622848129,2527.069158528479,11.62,15.8,1.36,2024-01-18 10:30:00+00:00,2024-01-18 14:15,1.36,-0.34,NORMAL,1.0,,2024-01,,,False,,True,2024-01-18 14:15:00+00:00,False,False,-1.0,2546.59622848129,True,2024-01-18 10:30:00+00:00|SHORT|TBX0|2534.9762|11.62,0.0,True,0.2249373079784948,market_like,2.751826891677284,-0.3531645024707308,9.187283001832206,-0.3531645024707308,False,False,False,,0.0,0.0,6.658571428571479,,,False,False,False,False,,clean_winner,0.1971460202159876,0.5223454612889963,0.40722260590701836,1.0827463162798883
ETHUSDT,15M,SHORT,TBX0,2512.594187957361,2471.29,20.86,65.71,3.15,2024-01-18 16:15:00+00:00,2024-01-18 23:45,3.15,3.15,NORMAL,1.0,,2024-01,,,False,,,2024-01-18 23:45:00+00:00,False,False,-1.0,2533.4541879573612,True,2024-01-18 16:15:00+00:00|SHORT|TBX0|2512.5942|20.86,0.0,True,0.3003744986883522,market_like,4.044783698818854,-0.43316452745153444,4.044783698818854,-0.43316452745153444,False,False,False,,0.0,0.0,9.320714285714205,,,False,False,False,False,,clean_winner,0.1971460202159876,0.5223454612889963,0.40722260590701836,1.0827463162798883
ETHUSDT,15M,SHORT,TBX0,2453.5148847472137,2463.4124856886924,14.84,-13.6,-0.92,2024-01-19 02:30:00+00:00,2024-01-19 03:45,-0.92,-0.92,NORMAL,1.0,,2024-01,,,False,,,2024-01-19 03:45:00+00:00,False,False,-1.0,2468.354884747214,True,2024-01-19 02:30:00+00:00|SHORT|TBX0|2453.5149|14.84,0.0,True,0.47136895234410314,limit_retest,0.7098978940170964,-0.6923932111041938,0.7098978940170964,-3.1964363377888203,False,False,False,,0.0,0.0,6.654285714285671,,,False,False,False,False,,not_applicable,0.1971460202159876,0.5223454612889963,0.40722260590701836,1.0827463162798883
ETHUSDT,1H,LONG,TBX0,2473.82,2476.118563191537,18.14,2.3,0.13,2024-01-19 08:00:00+00:00,2024-01-19 14:15,0.13,0.13,NORMAL,1.0,,2024-01,,,False,,,2024-01-19 14:15:00+00:00,False,False,1.0,2455.6800000000003,True,2024-01-19 08:00:00+00:00|LONG|TBX0|2473.82|18.14,3.0,False,0.4597574421168768,limit_retest,1.4955898566703227,-0.7398015435501694,1.7276736493935883,-3.2122381477398005,False,False,False,,0.0,0.0,4.993571428571419,,,False,False,False,False,,clean_winner,0.4321185415586152,0.6756383432490256,0.6360653867547656,1.0796369927068623
ETHUSDT,1H,SHORT,TBX7B,2463.66,2466.0014798139973,14.77,-2.34,-0.16,2024-01-19 15:00:00+00:00,2024-01-19 17:30,-0.16,-0.16,NORMAL,1.0,,2024-01,,,False,,,2024-01-19 17:30:00+00:00,False,False,-1.0,2478.43,True,2024-01-19 15:00:00+00:00|SHORT|TBX7B|2463.66|14.77,1.0,False,0.8002708192281763,limit_retest,3.257278266756918,-1.3094109681787507,3.257278266756918,-2.8097494922139474,True,False,True,0.0,0.3094109681787507,0.5177632111354087,8.826428571428519,3.257278266756918,,True,True,True,False,1.5,stop_hunt,0.4321185415586152,0.6756383432490256,0.6360653867547656,1.0796369927068623
ETHUSDT,1H,LONG,TBX0,2496.42,2476.46,43.29,-19.96,-0.46,2024-01-19 18:00:00+00:00,2024-01-20 00:45,-0.46,-0.46,NORMAL,1.0,,2024-01,,,False,,,2024-01-20 00:45:00+00:00,False,False,1.0,2453.13,True,2024-01-19 18:00:00+00:00|LONG|TBX0|2496.42|43.29,3.0,False,0.5694155694155715,limit_retest,0.20189420189419685,-0.7925617925617913,0.20189420189419685,-0.7925617925617913,False,False,False,,0.0,0.0,17.943571428571367,,,False,False,False,False,,not_applicable,0.4321185415586152,0.6756383432490256,0.6360653867547656,1.0796369927068623
ETHUSDT,15M,LONG,TBX0,2479.304232867168,2472.4,8.69,-13.73,-1.58,2024-01-21 13:30:00+00:00,2024-01-21 15:15,-1.58,-1.58,NORMAL,1.0,,2024-01,,,False,,,2024-01-21 15:15:00+00:00,False,False,1.0,2470.614232867168,True,2024-01-21 13:30:00+00:00|LONG|TBX0|2479.3042|8.69,0.0,True,0.3825354277523729,market_like,0.24462222472171433,-0.955607924875505,0.24462222472171433,-5.068381227522201,False,False,False,,0.0,0.0,3.454999999999992,,,False,False,False,False,,ambiguous_stop,0.1971460202159876,0.5223454612889963,0.40722260590701836,1.0827463162798883
ETHUSDT,15M,SHORT,TBX7B,2414.0956560935083,2339.01,21.51,35.68,1.66,2024-01-22 08:00:00+00:00,2024-01-23 02:30,1.66,1.66,NORMAL,1.0,,2024-01,,,False,,,2024-01-23 02:30:00+00:00,False,False,-1.0,2435.6056560935085,True,2024-01-22 08:00:00+00:00|SHORT|TBX7B|2414.0957|21.51,0.0,True,0.3200531802181181,market_like,5.2015646719436655,-0.32051808026459716,5.141592565946457,-0.32051808026459716,False,False,False,,0.0,0.0,8.210000000000004,,,False,False,False,False,,clean_winner,0.1971460202159876,0.5223454612889963,0.40722260590701836,1.0827463162798883
ETHUSDT,15M,SHORT,TBX7B,2338.615753308195,2230.8054771872303,10.51,104.88,9.98,2024-01-23 07:15:00+00:00,2024-01-23 15:30,9.98,23.35,NORMAL,1.0,,2024-01,,,False,,True,2024-01-23 15:30:00+00:00,False,False,-1.0,2349.1257533081953,True,2024-01-23 07:15:00+00:00|SHORT|TBX7B|2338.6158|10.51,0.0,True,0.336274661446721,market_like,16.281232474614182,-0.41715001824975706,16.281232474614182,-0.41715001824975706,False,False,False,,0.0,0.0,5.454285714285788,,,False,False,False,False,,clean_winner,0.1971460202159876,0.5223454612889963,0.40722260590701836,1.0827463162798883
ETHUSDT,1H,LONG,TBX0,2225.99,2222.11,26.21,-4.99,-0.19,2024-01-23 22:00:00+00:00,2024-01-24 02:45,-0.19,-0.19,NORMAL,1.0,,2024-01,,,False,,,2024-01-24 02:45:00+00:00,False,False,1.0,2199.7799999999997,True,2024-01-23 22:00:00+00:00|LONG|TBX0|2225.99|26.21,2.0,False,0.904616558565417,limit_retest,1.1068294544067232,-0.9156810377718427,1.1068294544067232,-0.9156810377718427,False,False,False,,0.0,0.0,11.755714285714248,,,False,False,False,False,,not_applicable,0.4321185415586152,0.6756383432490256,0.6360653867547656,1.0796369927068623
ETHUSDT,15M,LONG,TBX0,2226.01,2232.490970776777,19.18,6.48,0.51,2024-01-24 05:15:00+00:00,2024-01-24 12:45,0.51,0.51,NORMAL,1.0,,2024-01,,,False,,,2024-01-24 12:45:00+00:00,False,False,1.0,2206.8300000000004,True,2024-01-24 05:15:00+00:00|LONG|TBX0|2226.01|19.18,0.0,True,0.2716371220020874,market_like,2.0036496350364876,-0.3133472367049123,2.0036496350364876,-0.46037539103234526,False,False,False,,0.0,0.0,7.284999999999984,,,False,False,False,False,,clean_winner,0.1971460202159876,0.5223454612889963,0.40722260590701836,1.0827463162798883
ETHUSDT,15M,LONG,TBX0,2244.618419396231,2220.05,24.57,-23.83,-0.97,2024-01-24 14:30:00+00:00,2024-01-24 18:00,-0.97,-0.97,NORMAL,1.0,,2024-01,,,False,,,2024-01-24 18:00:00+00:00,False,False,1.0,2220.0484193962307,True,2024-01-24 14:30:00+00:00|LONG|TBX0|2244.6184|24.57,0.0,True,0.7280593974859911,market_like,0.03588036645377208,-1.0019706713972658,0.03588036645377208,-2.019471688898283,True,False,True,14.0,0.0019706713972658108,0.005158447205170743,9.386428571428658,-0.21238988181647248,,True,False,False,False,6.5,ambiguous_stop,0.1971460202159876,0.5223454612889963,0.40722260590701836,1.0827463162798883
ETHUSDT,15M,SHORT,TBX7A,2216.773346777657,2223.02,21.75,-4.0,-0.18,2024-01-25 01:45:00+00:00,2024-01-25 06:45,-0.18,-0.18,NORMAL,1.0,,2024-01,,,False,,,2024-01-25 06:45:00+00:00,False,False,-1.0,2238.523346777657,True,2024-01-25 01:45:00+00:00|SHORT|TBX7A|2216.7733|21.75,0.0,True,0.2936392286134634,market_like,0.6603837598922837,-0.3828346309123165,0.9321078978233115,-1.1851334814870418,False,False,False,,0.0,0.0,8.21499999999995,,,False,False,False,False,,not_applicable,0.1971460202159876,0.5223454612889963,0.40722260590701836,1.0827463162798883
ETHUSDT,15M,SHORT,TBX7A,2224.1390121089935,2210.0747748794147,16.53,7.98,0.48,2024-01-25 12:00:00+00:00,2024-01-25 18:00,0.48,0.48,NORMAL,1.0,,2024-01,,,False,,,2024-01-25 18:00:00+00:00,False,False,-1.0,2240.6690121089937,True,2024-01-25 12:00:00+00:00|SHORT|TBX7A|2224.139|16.53,0.0,True,0.4205074344226655,limit_retest,3.33327356981207,-0.5911063454934283,3.33327356981207,-0.5911063454934283,False,False,False,,0.0,0.0,6.906428571428576,,,False,False,False,False,,clean_winner,0.1971460202159876,0.5223454612889963,0.40722260590701836,1.0827463162798883
ETHUSDT,1H,LONG,TBX0,2210.65,2211.5559501035455,10.38,0.91,0.09,2024-01-25 18:00:00+00:00,2024-01-26 06:45,0.09,0.09,NORMAL,1.0,,2024-01,,,False,,,2024-01-26 06:45:00+00:00,False,False,1.0,2200.27,True,2024-01-25 18:00:00+00:00|LONG|TBX0|2210.65|10.38,0.0,True,0.7591522157996251,market_like,2.6329479768786057,-0.7591522157996251,2.6329479768786057,-0.7591522157996251,False,False,False,,0.0,0.0,11.871428571428558,,,False,False,False,False,,clean_winner,0.4321185415586152,0.6756383432490256,0.6360653867547656,1.0796369927068623
ETHUSDT,1H,LONG,TBX7A,2270.98,2261.98,9.0,-8.73,-0.97,2024-01-29 03:00:00+00:00,2024-01-29 07:30,-0.97,-0.97,NORMAL,1.0,,2024-01,,,False,,,2024-01-29 07:30:00+00:00,False,False,1.0,2261.98,True,2024-01-29 03:00:00+00:00|LONG|TBX7A|2270.98|9.0,0.0,True,0.32444444444445253,market_like,0.7233333333333071,-1.3711111111111274,0.7233333333333071,-4.331111111111113,True,False,True,18.0,0.3711111111111274,0.5670628183361907,5.88999999999997,4.8633333333333315,,True,True,True,False,9.5,stop_hunt,0.4321185415586152,0.6756383432490256,0.6360653867547656,1.0796369927068623
ETHUSDT,1H,LONG,TBX0 (a),2302.08,2308.81,13.38,6.73,0.58,2024-01-29 20:00:00+00:00,2024-01-30 04:15,0.58,0.58,NORMAL,1.0,,2024-01,,,False,,,2024-01-30 04:15:00+00:00,False,False,1.0,2288.7,True,2024-01-29 20:00:00+00:00|LONG|TBX0 (a)|2302.08|13.38,3.0,False,0.7227204783258648,limit_retest,1.9133034379671081,-0.813153961136032,1.9133034379671081,-0.813153961136032,False,False,False,,0.0,0.0,9.620714285714323,,,False,False,False,False,,clean_winner,0.4321185415586152,0.6756383432490256,0.6360653867547656,1.0796369927068623
ETHUSDT,15M,LONG,TBX0 (a),2312.5344860659966,2302.07,10.46,-5.46,-0.52,2024-01-30 07:30:00+00:00,2024-01-30 08:00,-0.52,-0.52,YELLOW,0.8,День перед FOMC,2024-01,,,False,,,2024-01-30 08:00:00+00:00,False,False,1.0,2302.0744860659966,True,2024-01-30 07:30:00+00:00|LONG|TBX0 (a)|2312.5345|10.46,0.0,True,0.29488394512397426,market_like,0.09039330152996455,-1.0788227596555056,6.590393301529943,-1.6667768705541757,True,False,True,2.0,0.07882275965550556,0.20229241016390517,4.075714285714217,6.590393301529943,-0.034845704206167886,True,True,True,True,10.5,stop_hunt,0.1971460202159876,0.5223454612889963,0.40722260590701836,1.0827463162798883
ETHUSDT,15M,LONG,TBX0 (a),2314.8472182458954,2365.5392872031016,13.69,40.55,2.96,2024-01-30 14:15:00+00:00,2024-01-30 22:45,2.96,2.96,YELLOW,0.8,День перед FOMC,2024-01,,,False,,,2024-01-30 22:45:00+00:00,False,False,1.0,2301.1572182458954,True,2024-01-30 14:15:00+00:00|LONG|TBX0 (a)|2314.8472|13.69,0.0,True,0.9749611574795778,market_like,5.69706221724651,-1.0699209821691456,5.69706221724651,-1.0699209821691456,True,False,True,0.0,0.06992098216914555,0.09856616241937653,9.711428571428574,5.69706221724651,5.69706221724651,True,True,True,True,7.25,winner_survived_stop_touch,0.1971460202159876,0.5223454612889963,0.40722260590701836,1.0827463162798883
ETHUSDT,1H,SHORT,TBX0,2341.95,2342.047755600527,27.95,0.59,0.02,2024-01-30 23:00:00+00:00,2024-01-31 08:00,0.02,0.02,YELLOW,0.8,День перед FOMC,2024-01,,,False,,,2024-01-31 08:00:00+00:00,False,False,-1.0,2369.8999999999996,True,2024-01-30 23:00:00+00:00|SHORT|TBX0|2341.95|27.95,2.0,False,0.801788908765664,limit_retest,0.566726296958844,-0.9044722719141396,2.216100178890862,-0.9044722719141396,False,False,False,,0.0,0.0,7.194285714285733,,,False,False,False,False,,clean_winner,0.4321185415586152,0.6756383432490256,0.6360653867547656,1.0796369927068623
ETHUSDT,15M,SHORT,TBX7B,2265.62,2271.5,9.02,-11.59,-1.56,2024-02-01 11:45:00+00:00,2024-02-01 12:00,-1.56,-1.56,GREEN,1.2,FOMC+1 (день после решения),2024-02,,,False,True,,2024-02-01 12:00:00+00:00,False,False,-1.0,2274.64,True,2024-02-01 11:45:00+00:00|SHORT|TBX7B|2265.62|9.02,0.0,True,0.5776053215077646,limit_retest,0.4279379157427575,-0.7549889135254929,0.4279379157427575,-5.087583148558795,False,False,False,,0.0,0.0,4.917142857142835,,,False,False,False,False,,ambiguous_stop,0.1971460202159876,0.5223454612889963,0.40722260590701836,1.0827463162798883
ETHUSDT,15M,SHORT,TBX7B,2264.5086302041227,2275.54,11.03,-25.68,-2.33,2024-02-01 13:00:00+00:00,2024-02-01 13:30,-2.33,-2.33,GREEN,1.2,FOMC+1 (день после решения),2024-02,,,False,,,2024-02-01 13:30:00+00:00,False,False,-1.0,2275.538630204123,True,2024-02-01 13:00:00+00:00|SHORT|TBX7B|2264.5086|11.03,0.0,True,0.4969510241049023,limit_retest,0.19117227598573155,-1.1143580957277854,0.19117227598573155,-5.030949210868295,True,False,True,2.0,0.11435809572778544,0.22021669961696985,5.727857142857082,-0.2331250948211439,-0.41535537587284094,True,False,False,False,3.0,ambiguous_stop,0.1971460202159876,0.5223454612889963,0.40722260590701836,1.0827463162798883
ETHUSDT,15M,SHORT,TBX7B,2279.0329669313733,2306.08,27.05,-19.7,-0.73,2024-02-01 16:15:00+00:00,2024-02-01 17:15,-0.73,-0.73,GREEN,1.2,FOMC+1 (день после решения),2024-02,,,False,,,2024-02-01 17:15:00+00:00,False,False,-1.0,2306.0829669313734,True,2024-02-01 16:15:00+00:00|SHORT|TBX7B|2279.033|27.05,0.0,True,0.43057423543905987,limit_retest,0.4418841749121382,-1.2006296883041387,0.4418841749121382,-1.5144929045703044,True,False,True,4.0,0.20062968830413874,0.5183766320582469,10.469285714285727,-0.22465926316550316,,True,False,False,False,5.25,ambiguous_stop,0.1971460202159876,0.5223454612889963,0.40722260590701836,1.0827463162798883
ETHUSDT,15M,SHORT,TBX7B,2309.4493450241544,2309.8344895771356,13.2,-0.32,-0.02,2024-02-02 13:30:00+00:00,2024-02-02 15:00,-0.02,-0.02,NORMAL,1.0,,2024-02,,,False,,,2024-02-02 15:00:00+00:00,False,False,-1.0,2322.649345024154,True,2024-02-02 13:30:00+00:00|SHORT|TBX7B|2309.4493|13.2,0.0,True,0.30611022544283545,market_like,2.2272231078904676,-0.30611022544283545,2.2272231078904676,-1.5909587102913232,False,False,False,,0.0,0.0,5.883571428571453,,,False,False,False,False,,not_applicable,0.1971460202159876,0.5223454612889963,0.40722260590701836,1.0827463162798883
ETHUSDT,1H,SHORT,TBX7A,2287.29,2296.29,9.0,-9.0,-1.0,2024-02-04 22:00:00+00:00,2024-02-05 03:45,-1.0,-1.0,NORMAL,1.0,,2024-02,,,False,,,2024-02-05 03:45:00+00:00,False,False,-1.0,2296.29,True,2024-02-04 22:00:00+00:00|SHORT|TBX7A|2287.29|9.0,1.0,False,1.39999999999999,limit_retest,2.1855555555555637,-1.65222222222221,2.1855555555555637,-4.185555555555563,True,True,False,0.0,0.65222222222221,0.6191050173270951,9.481428571428555,2.1855555555555637,,True,True,True,False,3.0,ambiguous_stop,0.4321185415586152,0.6756383432490256,0.6360653867547656,1.0796369927068623
ETHUSDT,1H,LONG,TBX7A,2309.74,2319.08333687691,9.0,9.34,1.42,2024-02-05 07:00:00+00:00,2024-02-05 14:45,1.42,1.42,NORMAL,1.0,,2024-02,,,False,,,2024-02-05 14:45:00+00:00,False,False,1.0,2300.74,True,2024-02-05 07:00:00+00:00|LONG|TBX7A|2309.74|9.0,2.0,False,1.0266666666666424,limit_retest,3.140000000000024,-1.3655555555555514,3.140000000000024,-2.321111111111097,True,True,False,0.0,0.3655555555555514,0.6914877645998913,4.757857142857217,3.140000000000024,,True,True,True,False,6.5,winner_survived_stop_touch,0.4321185415586152,0.6756383432490256,0.6360653867547656,1.0796369927068623
ETHUSDT,1H,SHORT,TBX7A,2300.22,2309.22,9.0,-8.73,-0.97,2024-02-05 18:00:00+00:00,2024-02-05 19:15,-0.97,-0.97,NORMAL,1.0,,2024-02,,,False,,,2024-02-05 19:15:00+00:00,False,False,-1.0,2309.22,True,2024-02-05 18:00:00+00:00|SHORT|TBX7A|2300.22|9.0,0.0,True,0.13333333333336364,market_like,0.7711111111110667,-1.3433333333333495,2.024444444444422,-3.2311111111111535,True,False,True,5.0,0.3433333333333495,0.3459969607294419,8.930714285714268,2.024444444444422,2.024444444444422,True,True,True,False,1.0,stop_hunt,0.4321185415586152,0.6756383432490256,0.6360653867547656,1.0796369927068623
ETHUSDT,1H,LONG,TBX7B,2323.77,2310.915,12.86,-12.47,-0.97,2024-02-06 02:00:00+00:00,2024-02-06 05:00,-0.97,-0.97,NORMAL,1.0,,2024-02,,,False,,,2024-02-06 05:00:00+00:00,False,False,1.0,2310.91,True,2024-02-06 02:00:00+00:00|LONG|TBX7B|2323.77|12.86,2.0,False,1.3328149300155423,limit_retest,0.430015552099549,-1.4331259720062082,2.039657853810266,-1.4331259720062082,True,True,False,0.0,0.43312597200620817,1.092615945074931,5.097857142857135,2.039657853810266,0.430015552099549,True,True,True,False,11.5,hopeless,0.4321185415586152,0.6756383432490256,0.6360653867547656,1.0796369927068623
ETHUSDT,15M,LONG,TBX7B,2322.1210011341464,2320.7133325552295,14.05,-1.44,-0.1,2024-02-06 07:30:00+00:00,2024-02-06 10:45,-0.1,-0.1,NORMAL,1.0,,2024-02,,,False,,,2024-02-06 10:45:00+00:00,False,False,1.0,2308.071001134146,True,2024-02-06 07:30:00+00:00|LONG|TBX7B|2322.121|14.05,0.0,True,0.26697516969013974,market_like,1.5892525883169724,-0.4235587995833652,3.621281058067875,-0.993665561149217,False,False,False,,0.0,0.0,4.770714285714283,,,False,False,False,False,,not_applicable,0.1971460202159876,0.5223454612889963,0.40722260590701836,1.0827463162798883
ETHUSDT,15M,LONG,TBX7B,2334.1880336709455,2372.89,14.75,33.57,2.28,2024-02-06 13:15:00+00:00,2024-02-07 03:00,2.28,2.28,NORMAL,1.0,,2024-02,,,False,,,2024-02-07 03:00:00+00:00,False,False,1.0,2319.4380336709455,True,2024-02-06 13:15:00+00:00|LONG|TBX7B|2334.188|14.75,0.0,True,0.6344429607420737,market_like,3.9194553443426767,-0.6513921132844467,3.9194553443426767,-0.6513921132844467,False,False,False,,0.0,0.0,9.961428571428574,,,False,False,False,False,,clean_winner,0.1971460202159876,0.5223454612889963,0.40722260590701836,1.0827463162798883
ETHUSDT,15M,SHORT,TBX0,2361.307010063213,2371.03,9.72,-12.24,-1.26,2024-02-07 10:45:00+00:00,2024-02-07 12:45,-1.26,-1.26,NORMAL,1.0,,2024-02,,,False,,,2024-02-07 12:45:00+00:00,False,False,-1.0,2371.027010063213,True,2024-02-07 10:45:00+00:00|SHORT|TBX0|2361.307|9.72,0.0,True,0.5661512280644947,limit_retest,0.9513384838696616,-1.2029825037846649,0.9513384838696616,-8.610389911192073,True,True,False,8.0,0.20298250378466487,0.3674096716549249,5.369999999999989,0.11800515053633762,,True,False,False,False,2.25,hopeless,0.1971460202159876,0.5223454612889963,0.40722260590701836,1.0827463162798883
ETHUSDT,15M,LONG,TBX7B,2426.869397438538,2420.2,10.9,-2.83,-0.26,2024-02-08 10:00:00+00:00,2024-02-08 11:15,-0.26,-0.26,NORMAL,1.0,,2024-02,,,False,,,2024-02-08 11:15:00+00:00,False,False,1.0,2415.9693974385377,True,2024-02-08 10:00:00+00:00|LONG|TBX7B|2426.8694|10.9,0.0,True,0.36599976500345943,market_like,0.27620206985892587,-0.6293025172970274,3.3404222533451726,-1.3641649026181484,False,False,False,,0.0,0.0,4.918571428571438,,,False,False,False,False,,not_applicable,0.1971460202159876,0.5223454612889963,0.40722260590701836,1.0827463162798883
ETHUSDT,15M,LONG,TBX7B,2428.5373545733646,2420.11,8.43,-3.96,-0.47,2024-02-08 12:00:00+00:00,2024-02-08 12:30,-0.47,-0.47,NORMAL,1.0,,2024-02,,,False,,,2024-02-08 12:30:00+00:00,False,False,1.0,2420.107354573365,True,2024-02-08 12:00:00+00:00|LONG|TBX7B|2428.5374|8.43,0.0,True,0.5157004238866614,market_like,0.0062450090908108945,-1.4575746824869051,4.121310252269939,-1.9617265211583168,True,False,True,2.0,0.45757468248690514,0.7087003153163343,5.44285714285713,4.121310252269939,,True,True,True,False,2.75,ambiguous_stop,0.1971460202159876,0.5223454612889963,0.40722260590701836,1.0827463162798883
ETHUSDT,15M,LONG,TBX7B,2426.1089290062873,2418.87,7.24,-4.68,-0.65,2024-02-08 14:00:00+00:00,2024-02-08 14:30,-0.65,-0.65,NORMAL,1.0,,2024-02,,,False,,,2024-02-08 14:30:00+00:00,False,False,1.0,2418.8689290062875,True,2024-02-08 14:00:00+00:00|LONG|TBX7B|2426.1089|7.24,0.0,True,0.27471395114467334,market_like,1.5042915737172202,-1.0316200284927421,5.134125827860894,-1.948747100315929,True,False,True,2.0,0.03162002849274215,0.039238566209896554,5.834285714285703,5.134125827860894,5.134125827860894,True,True,True,True,0.75,stop_hunt,0.1971460202159876,0.5223454612889963,0.40722260590701836,1.0827463162798883
ETHUSDT,15M,LONG,TBX7B,2434.8909695806947,2492.0339561297633,15.62,20.79,1.33,2024-02-09 02:15:00+00:00,2024-02-09 14:15,1.33,1.33,NORMAL,1.0,,2024-02,,,False,,,2024-02-09 14:15:00+00:00,False,False,1.0,2419.270969580695,True,2024-02-09 02:15:00+00:00|LONG|TBX7B|2434.891|15.62,0.0,True,0.24910176572949252,market_like,6.003138951299948,-0.31312225228519036,6.003138951299948,-0.31312225228519036,False,False,False,,0.0,0.0,5.418571428571405,,,False,False,False,False,,clean_winner,0.1971460202159876,0.5223454612889963,0.40722260590701836,1.0827463162798883
ETHUSDT,15M,LONG,TBX7B,2508.669833996353,2489.5202635710916,24.58,-7.91,-0.32,2024-02-09 18:00:00+00:00,2024-02-09 19:00,-0.32,-0.32,NORMAL,1.0,,2024-02,,,False,,,2024-02-09 19:00:00+00:00,False,False,1.0,2484.0898339963533,True,2024-02-09 18:00:00+00:00|LONG|TBX7B|2508.6698|24.58,0.0,True,0.5130119607954942,market_like,0.5651003256162228,-1.194867127597763,0.5651003256162228,-1.194867127597763,True,False,True,4.0,0.19486712759776292,0.4398666838238272,10.889285714285668,0.265669894371303,,True,False,False,False,9.0,ambiguous_stop,0.1971460202159876,0.5223454612889963,0.40722260590701836,1.0827463162798883
ETHUSDT,1H,SHORT,TBX0 (a) or TBX1,2494.9411409100176,2500.5,23.48,-0.88,-0.04,2024-02-12 02:45:00+00:00,2024-02-12 07:15,-0.04,-0.04,YELLOW,0.5,День перед CPI,2024-02,,,False,,,2024-02-12 07:15:00+00:00,False,False,-1.0,2518.4211409100176,True,2024-02-12 02:45:00+00:00|SHORT|TBX0 (a) or TBX1|2494.9411|23.48,0.0,True,0.2887077976994137,market_like,0.663592031942821,-0.3858117159277016,1.0600996980416262,-0.5553176784489972,False,False,False,,0.0,0.0,7.661428571428587,,,False,False,False,False,,not_applicable,0.4321185415586152,0.6756383432490256,0.6360653867547656,1.0796369927068623
ETHUSDT,15M,SHORT,TBX0 (a) or TBX1,2490.630414042391,2490.4227917981775,11.42,0.1,0.01,2024-02-12 08:45:00+00:00,2024-02-12 14:00,0.01,0.01,YELLOW,0.5,День перед CPI,2024-02,,,False,,,2024-02-12 14:00:00+00:00,False,False,-1.0,2502.050414042391,True,2024-02-12 08:45:00+00:00|SHORT|TBX0 (a) or TBX1|2490.6304|11.42,0.0,True,0.3721178596855753,limit_retest,1.802137832083245,-0.3957605917346105,1.802137832083245,-13.077897194186443,False,False,False,,0.0,0.0,6.587857142857176,,,False,False,False,False,,clean_winner,0.1971460202159876,0.5223454612889963,0.40722260590701836,1.0827463162798883
ETHUSDT,1H,LONG,TBX7A,2527.03,2642.791867547745,26.93,57.88,2.0,2024-02-12 14:00:00+00:00,2024-02-13 03:30,2.0,1.56,YELLOW,0.5,День перед CPI,2024-02,,,False,,True,2024-02-13 03:30:00+00:00,False,False,1.0,2500.1000000000004,True,2024-02-12 14:00:00+00:00|LONG|TBX7A|2527.03|26.93,3.0,False,1.4998143334571232,limit_retest,6.0070553286297805,-1.5384329743780278,6.0070553286297805,-1.5384329743780278,True,True,False,0.0,0.5384329743780278,2.7585269737737113,5.256428571428485,6.0070553286297805,,True,True,True,True,10.0,winner_survived_stop_touch,0.4321185415586152,0.6756383432490256,0.6360653867547656,1.0796369927068623
ETHUSDT,15M,LONG,TBX0 (a),3352.190190819861,3379.7306686989764,34.8,24.94,0.72,2024-03-24 08:00:00+00:00,2024-03-24 16:45,0.72,0.72,NORMAL,1.0,,2024-03,,,False,,,2024-03-24 16:45:00+00:00,False,False,1.0,3317.390190819861,True,2024-03-24 08:00:00+00:00|LONG|TBX0 (a)|3352.1902|34.8,0.0,True,0.22672962126037044,market_like,1.8807416431074369,-0.4140859430994504,1.8807416431074369,-0.5137985867776187,False,False,False,,0.0,0.0,13.120714285714225,,,False,False,False,False,,clean_winner,0.1971460202159876,0.5223454612889963,0.40722260590701836,1.0827463162798883
ETHUSDT,1H,SHORT,TBX0 (a) or TBX1,3567.55,3589.34,75.25,-23.82,-0.32,2024-03-27 06:00:00+00:00,2024-03-27 11:30,-0.32,-0.32,NORMAL,1.0,,2024-03,,,False,,,2024-03-27 11:30:00+00:00,False,False,-1.0,3642.8,True,2024-03-27 06:00:00+00:00|SHORT|TBX0 (a) or TBX1|3567.55|75.25,7.0,False,0.6305647840531537,limit_retest,0.43255813953488614,-0.6898338870431875,1.0732225913621292,-1.3872425249169418,False,False,False,,0.0,0.0,11.825714285714184,,,False,False,False,False,,not_applicable,0.4321185415586152,0.6756383432490256,0.6360653867547656,1.0796369927068623
ETHUSDT,15M,SHORT,TBX0 (a) or TBX1,3575.0627005238257,3527.783733047654,86.4,-6.48,-0.07,2024-03-27 13:45:00+00:00,2024-03-28 00:15,-0.07,-0.07,NORMAL,1.0,,2024-03,,,False,,,2024-03-28 00:15:00+00:00,False,False,-1.0,3661.462700523826,True,2024-03-27 13:45:00+00:00|SHORT|TBX0 (a) or TBX1|3575.0627|86.4,0.0,True,0.24325578097423875,market_like,1.3180868116183548,-0.29545485504831537,1.3180868116183548,-0.29545485504831537,False,False,False,,0.0,0.0,26.54357142857147,,,False,False,False,False,,not_applicable,0.1971460202159876,0.5223454612889963,0.40722260590701836,1.0827463162798883
ETHUSDT,15M,SHORT,TBX0 (a) or TBX1,3479.60219118481,3514.11,51.17,-13.82,-0.27,2024-03-28 02:30:00+00:00,2024-03-28 04:15,-0.27,-0.27,GREEN,1.25,Канун праздника (прочие),2024-03,,,False,,,2024-03-28 04:15:00+00:00,False,False,-1.0,3530.7721911848103,True,2024-03-28 02:30:00+00:00|SHORT|TBX0 (a) or TBX1|3479.6022|51.17,0.0,True,0.4537386909358996,limit_retest,0.24686713278894626,-0.7206919838809818,0.24686713278894626,-2.5123667933396456,False,False,False,,0.0,0.0,17.933571428571344,,,False,False,False,False,,not_applicable,0.1971460202159876,0.5223454612889963,0.40722260590701836,1.0827463162798883
ETHUSDT,1H,SHORT,TBX7B,3488.28,3509.30015768404,24.43,-19.8,-0.81,2024-03-29 17:00:00+00:00,2024-03-29 22:15,-0.81,-0.81,NORMAL,1.0,,2024-03,,,False,,,2024-03-29 22:15:00+00:00,False,False,-1.0,3512.71,True,2024-03-29 17:00:00+00:00|SHORT|TBX7B|3488.28|24.43,0.0,True,-0.24232501023332267,limit_retest,0.5435939418747524,-0.969300040933272,0.5435939418747524,-1.619729840360201,False,False,False,,0.0,0.0,17.130000000000077,,,False,False,False,False,,not_applicable,0.4321185415586152,0.6756383432490256,0.6360653867547656,1.0796369927068623
ETHUSDT,1H,LONG,TBX0,3300.02,3255.105327551365,46.19,-41.21,-0.89,2024-04-02 22:00:00+00:00,2024-04-03 00:15,-0.89,-0.89,NORMAL,1.0,,2024-04,,,False,,,2024-04-03 00:15:00+00:00,False,False,1.0,3253.83,True,2024-04-02 22:00:00+00:00|LONG|TBX0|3300.02|46.19,3.0,False,0.6778523489932874,limit_retest,0.16713574366745618,-1.0272786317384677,1.2846936566356386,-2.0978566789348365,True,False,True,9.0,0.027278631738467674,0.07142567923228524,17.640714285714303,1.2846936566356386,,True,True,False,False,8.25,stop_hunt,0.4321185415586152,0.6756383432490256,0.6360653867547656,1.0796369927068623
ETHUSDT,15M,LONG,TBX0,3342.5719856549736,3317.314319248413,43.16,-6.93,-0.16,2024-04-03 14:00:00+00:00,2024-04-03 15:30,-0.16,-0.16,NORMAL,1.0,,2024-04,,,False,,,2024-04-03 15:30:00+00:00,False,False,1.0,3299.4119856549737,True,2024-04-03 14:00:00+00:00|LONG|TBX0|3342.572|43.16,0.0,True,0.6534287686509191,market_like,0.5516222044723482,-0.7261813173070794,0.635496161840279,-1.401806896547113,False,False,False,,0.0,0.0,18.8057142857143,,,False,False,False,False,,not_applicable,0.1971460202159876,0.5223454612889963,0.40722260590701836,1.0827463162798883
ETHUSDT,1H,SHORT,TBX7A,3298.4,3307.4,9.0,-9.0,-1.0,2024-04-05 04:00:00+00:00,2024-04-05 08:15,-1.0,-1.0,NORMAL,1.0,,2024-04,,,False,,,2024-04-05 08:15:00+00:00,False,False,-1.0,3307.4,True,2024-04-05 04:00:00+00:00|SHORT|TBX7A|3298.4|9.0,2.0,False,1.2888888888888788,limit_retest,6.298888888888895,-2.6155555555555514,10.044444444444455,-3.761111111111101,True,True,False,0.0,1.6155555555555514,0.7691958887545329,18.902857142857133,10.044444444444455,,True,True,True,True,8.0,hopeless,0.4321185415586152,0.6756383432490256,0.6360653867547656,1.0796369927068623
ETHUSDT,1H,SHORT,TBX0,3630.81,3648.4,60.52,-17.59,-0.29,2024-04-08 13:00:00+00:00,2024-04-08 14:00,-0.29,-0.29,NORMAL,1.0,,2024-04,,,False,,,2024-04-08 14:00:00+00:00,False,False,-1.0,3691.33,True,2024-04-08 13:00:00+00:00|SHORT|TBX0|3630.81|60.52,2.0,False,0.25644415069398513,limit_retest,0.5421348314606732,-0.7301718440185071,0.5421348314606732,-1.7267019167217448,False,False,False,,0.0,0.0,17.607857142857092,,,False,False,False,False,,not_applicable,0.4321185415586152,0.6756383432490256,0.6360653867547656,1.0796369927068623
ETHUSDT,15M,LONG,TBX7B,3573.5198956635904,3522.82,50.7,-8.85,-0.17,2024-04-11 12:30:00+00:00,2024-04-11 13:30,-0.17,-0.17,YELLOW,0.6,PPI день 09-16 UTC,2024-04,,,False,,,2024-04-11 13:30:00+00:00,False,False,1.0,3522.8198956635906,True,2024-04-11 12:30:00+00:00|LONG|TBX7B|3573.5199|50.7,0.0,True,0.9053233858696359,market_like,0.09743795535324662,-1.45009656141204,0.09743795535324662,-1.9426014923785055,True,True,False,4.0,0.45009656141204,1.2159493769135463,18.767142857142908,-0.6362898552976374,,True,False,False,False,0.25,hopeless,0.1971460202159876,0.5223454612889963,0.40722260590701836,1.0827463162798883
ETHUSDT,15M,LONG,TBX7B,3526.6873476669252,3504.720376213174,23.5,-9.6,-0.41,2024-04-12 00:30:00+00:00,2024-04-12 02:00,-0.41,-0.41,NORMAL,1.0,,2024-04,,,False,,,2024-04-12 02:00:00+00:00,False,False,1.0,3503.1873476669252,True,2024-04-12 00:30:00+00:00|LONG|TBX7B|3526.6873|23.5,0.0,True,0.2683977730606436,market_like,0.07713414183296877,-0.9854190496563844,1.2047937163010538,-0.9854190496563844,False,False,False,,0.0,0.0,11.502142857142806,,,False,False,False,False,,not_applicable,0.1971460202159876,0.5223454612889963,0.40722260590701836,1.0827463162798883
ETHUSDT,1H,SHORT,TBX7B,3425.56,3260.98,23.24,204.44,8.8,2024-04-12 16:00:00+00:00,2024-04-13 05:15,8.8,12.91,NORMAL,1.0,,2024-04,,,False,,True,2024-04-13 05:15:00+00:00,False,False,-1.0,3448.7999999999997,True,2024-04-12 16:00:00+00:00|SHORT|TBX7B|3425.56|23.24,1.0,False,0.7254733218588696,limit_retest,15.641996557659208,-1.3154044750430365,15.641996557659208,-1.3154044750430365,True,False,True,0.0,0.3154044750430365,0.37419778296383677,19.58857142857138,15.641996557659208,15.641996557659208,True,True,True,True,2.5,winner_survived_stop_touch,0.4321185415586152,0.6756383432490256,0.6360653867547656,1.0796369927068623
ETHUSDT,15M,SHORT,TBX7A,3011.092201347087,3006.870868674405,46.49,-13.35,-0.29,2024-04-17 14:00:00+00:00,2024-04-17 17:45,-0.29,-0.29,NORMAL,1.0,,2024-04,,,False,,,2024-04-17 17:45:00+00:00,False,False,-1.0,3057.582201347087,True,2024-04-17 14:00:00+00:00|SHORT|TBX7A|3011.0922|46.49,0.0,True,0.662245615248718,limit_retest,2.121793963155246,-0.6837556173997181,2.121793963155246,-0.6837556173997181,False,False,False,,0.0,0.0,19.84357142857139,,,False,False,False,False,,not_applicable,0.1971460202159876,0.5223454612889963,0.40722260590701836,1.0827463162798883
ETHUSDT,15M,SHORT,TBX7A,2982.8104527577348,3007.0777952415874,53.97,-27.92,-0.52,2024-04-17 19:30:00+00:00,2024-04-18 01:00,-0.52,-0.52,NORMAL,1.0,,2024-04,,,False,,,2024-04-18 01:00:00+00:00,False,False,-1.0,3036.7804527577346,True,2024-04-17 19:30:00+00:00|SHORT|TBX7A|2982.8105|53.97,0.0,True,0.2927468453263917,market_like,0.6164619743882676,-0.5804993003940172,0.6164619743882676,-0.9549665970403028,False,False,False,,0.0,0.0,25.642857142857046,,,False,False,False,False,,not_applicable,0.1971460202159876,0.5223454612889963,0.40722260590701836,1.0827463162798883
ETHUSDT,15M,SHORT,TBX7A,2989.686352729421,3002.1225068692665,40.1,-9.23,-0.23,2024-04-18 05:45:00+00:00,2024-04-18 09:00,-0.23,-0.23,NORMAL,1.0,,2024-04,,,False,,,2024-04-18 09:00:00+00:00,False,False,-1.0,3029.7863527294207,True,2024-04-18 05:45:00+00:00|SHORT|TBX7A|2989.6864|40.1,0.0,True,0.32203609153563784,market_like,0.9398092949980257,-0.6312630242039693,0.9398092949980257,-2.591113398268811,False,False,False,,0.0,0.0,15.614285714285709,,,False,False,False,False,,not_applicable,0.1971460202159876,0.5223454612889963,0.40722260590701836,1.0827463162798883
ETHUSDT,1H,LONG,TBX0 (a),3050.38,3046.6241407597067,36.47,-0.84,-0.02,2024-04-18 18:00:00+00:00,2024-04-19 00:00,-0.02,-0.02,NORMAL,1.0,,2024-04,,,False,,,2024-04-19 00:00:00+00:00,False,False,1.0,3013.9100000000003,True,2024-04-18 18:00:00+00:00|LONG|TBX0 (a)|3050.38|36.47,2.0,False,0.38744173293117934,limit_retest,0.8280778722237406,-0.9314505072662532,0.8280778722237406,-5.171922127776251,False,False,False,,0.0,0.0,18.649285714285757,,,False,False,False,False,,not_applicable,0.4321185415586152,0.6756383432490256,0.6360653867547656,1.0796369927068623
ETHUSDT,1H,SHORT,TBX0,3246.68,3155.11,27.49,91.57,3.33,2024-04-24 13:00:00+00:00,2024-04-25 00:00,3.33,3.33,NORMAL,1.0,,2024-04,,,False,,,2024-04-25 00:00:00+00:00,False,False,-1.0,3274.1699999999996,True,2024-04-24 13:00:00+00:00|SHORT|TBX0|3246.68|27.49,1.0,False,0.9090578392142684,limit_retest,5.244816296835207,-0.9170607493634062,5.244816296835207,-0.9170607493634062,False,False,False,,0.0,0.0,14.160714285714286,,,False,False,False,False,,clean_winner,0.4321185415586152,0.6756383432490256,0.6360653867547656,1.0796369927068623
ETHUSDT,1H,LONG,TBX0,3158.83,3148.569557612241,50.3,-8.75,-0.17,2024-04-25 15:00:00+00:00,2024-04-26 00:00,-0.17,-0.17,NORMAL,1.0,,2024-04,,,False,,,2024-04-26 00:00:00+00:00,False,False,1.0,3108.5299999999997,True,2024-04-25 15:00:00+00:00|LONG|TBX0|3158.83|50.3,3.0,False,0.8415506958250483,limit_retest,0.6190854870775323,-0.9236580516898616,0.6190854870775323,-0.9236580516898616,False,False,False,,0.0,0.0,23.793571428571436,,,False,False,False,False,,not_applicable,0.4321185415586152,0.6756383432490256,0.6360653867547656,1.0796369927068623
ETHUSDT,15M,LONG,TBX0,3158.265731654742,3133.98,24.29,-23.56,-0.97,2024-04-26 01:45:00+00:00,2024-04-26 04:00,-0.97,-0.97,NORMAL,1.0,,2024-04,,,False,,,2024-04-26 04:00:00+00:00,False,False,1.0,3133.975731654742,True,2024-04-26 01:45:00+00:00|LONG|TBX0|3158.2657|24.29,0.0,True,0.4559790718296401,market_like,0.2072568277175039,-1.2855385613314965,0.2072568277175039,-2.0694002328012355,True,True,False,9.0,0.28553856133149647,0.5732009632018219,12.100000000000007,0.3678167289113959,,True,False,False,False,10.0,hopeless,0.1971460202159876,0.5223454612889963,0.40722260590701836,1.0827463162798883
ETHUSDT,15M,LONG,TBX0,3148.047921898086,3118.34,29.71,-8.64,-0.29,2024-04-26 12:30:00+00:00,2024-04-26 12:45,-0.29,-0.29,NORMAL,1.0,,2024-04,,,False,,,2024-04-26 12:45:00+00:00,False,False,1.0,3118.337921898086,True,2024-04-26 12:30:00+00:00|LONG|TBX0|3148.0479|29.71,0.0,True,0.4189808784276658,market_like,0.060319020596239815,-1.0571498451055532,0.6446340660354748,-1.6044403196932262,True,False,True,1.0,0.05714984510555321,0.15694511140369552,10.818571428571463,0.6446340660354748,,True,False,False,False,1.25,ambiguous_stop,0.1971460202159876,0.5223454612889963,0.40722260590701836,1.0827463162798883
ETHUSDT,15M,SHORT,TBX0 (a),3180.1819942567718,2980.19,59.83,156.18,2.61,2024-04-30 01:45:00+00:00,2024-04-30 21:00,2.61,2.61,YELLOW,0.8,День перед FOMC,2024-04,,,False,,,2024-04-30 21:00:00+00:00,False,False,-1.0,3240.0119942567717,True,2024-04-30 01:45:00+00:00|SHORT|TBX0 (a)|3180.182|59.83,0.0,True,0.46511792985506367,limit_retest,4.376600271716059,-0.5368210888054225,3.624469233775227,-0.5368210888054225,False,False,False,,0.0,0.0,18.732857142857124,,,False,False,False,False,,clean_winner,0.1971460202159876,0.5223454612889963,0.40722260590701836,1.0827463162798883
ETHUSDT,15M,SHORT,TBX0 (a),2977.0324273407587,2998.51,32.16,-8.44,-0.26,2024-05-01 02:00:00+00:00,2024-05-01 03:30,-0.26,-0.26,NORMAL,1.0,,2024-05,,,False,,,2024-05-01 03:30:00+00:00,False,False,-1.0,3009.1924273407585,True,2024-05-01 02:00:00+00:00|SHORT|TBX0 (a)|2977.0324|32.16,0.0,True,0.7474369607973106,limit_retest,0.591804332735033,-0.8522255180112375,5.055734680993738,-1.1149742742301374,False,False,False,,0.0,0.0,18.16285714285703,,,False,False,False,False,,not_applicable,0.1971460202159876,0.5223454612889963,0.40722260590701836,1.0827463162798883
ETHUSDT,15M,SHORT,TBX0 (a),2969.9,2904.19,49.43,2.57,0.07,2024-05-01 06:15:00+00:00,2024-05-01 11:45,0.07,-2.1,NORMAL,1.0,,2024-05,,,False,True,True,2024-05-01 11:45:00+00:00,False,False,-1.0,3019.33,True,2024-05-01 06:15:00+00:00|SHORT|TBX0 (a)|2969.9|49.43,0.0,True,0.27938498887315283,market_like,3.145053611167308,-0.40097107020027734,3.145053611167308,-0.40097107020027734,False,False,False,,0.0,0.0,12.28071428571421,,,False,False,False,False,,clean_winner,0.1971460202159876,0.5223454612889963,0.40722260590701836,1.0827463162798883
ETHUSDT,15M,SHORT,TBX0 (a),2880.516306086387,2927.012123751132,46.69,-13.25,-0.28,2024-05-01 13:30:00+00:00,2024-05-01 17:45,-0.28,-0.28,NORMAL,1.0,,2024-05,,,False,,,2024-05-01 17:45:00+00:00,False,False,-1.0,2927.206306086387,True,2024-05-01 13:30:00+00:00|SHORT|TBX0 (a)|2880.5163|46.69,0.0,True,0.383673033060888,limit_retest,0.3503171147223629,-1.121090038843717,0.3503171147223629,-2.8790681926239685,True,False,True,17.0,0.12109003884371705,0.32893535631710175,17.18785714285712,-0.2031204522084606,,True,False,False,False,7.75,ambiguous_stop,0.1971460202159876,0.5223454612889963,0.40722260590701836,1.0827463162798883
ETHUSDT,15M,LONG,TBX4,2940.37,2956.8440613209605,40.67,19.76,0.48,2024-05-02 08:15:00+00:00,2024-05-02 13:45,0.48,0.48,GREEN,1.2,FOMC+1 (день после решения),2024-05,,,False,,,2024-05-02 13:45:00+00:00,False,False,1.0,2899.7,True,2024-05-02 08:15:00+00:00|LONG|TBX4|2940.37|40.67,0.0,True,0.29825424145562107,market_like,1.7612490779444334,-0.3811163019424637,1.7612490779444334,-0.3811163019424637,False,False,False,,0.0,0.0,12.984285714285729,,,False,False,False,False,,clean_winner,0.1971460202159876,0.5223454612889963,0.40722260590701836,1.0827463162798883
ETHUSDT,15M,SHORT,TBX0 (a) or TBX1,3135.6700192639355,3146.83,20.82,-11.16,-0.54,2024-05-06 01:30:00+00:00,2024-05-06 04:45,-0.54,-0.54,NORMAL,1.0,,2024-05,,,False,,,2024-05-06 04:45:00+00:00,False,False,-1.0,3156.4900192639357,True,2024-05-06 01:30:00+00:00|SHORT|TBX0 (a) or TBX1|3135.67|20.82,0.0,True,0.8285293341049266,limit_retest,0.6085503969229347,-0.8290096415016491,2.5067252288153448,-4.144091293759093,False,False,False,,0.0,0.0,9.643571428571411,,,False,False,False,False,,not_applicable,0.1971460202159876,0.5223454612889963,0.40722260590701836,1.0827463162798883
ETHUSDT,15M,SHORT,TBX0 (a) or TBX1,3155.0875700086954,3078.5,59.25,76.59,1.29,2024-05-06 10:30:00+00:00,2024-05-07 00:30,1.29,1.29,NORMAL,1.0,,2024-05,,,False,,,2024-05-07 00:30:00+00:00,False,False,-1.0,3214.3375700086954,True,2024-05-06 10:30:00+00:00|SHORT|TBX0 (a) or TBX1|3155.0876|59.25,0.0,True,0.4942182277013422,limit_retest,1.8762459073197517,-0.5200410125114722,1.8762459073197517,-0.5200410125114722,False,False,False,,0.0,0.0,16.398571428571454,,,False,False,False,False,,clean_winner,0.1971460202159876,0.5223454612889963,0.40722260590701836,1.0827463162798883
ETHUSDT,15M,SHORT,TBX0 (a) or TBX1,3068.9986150397513,3082.91,25.88,-11.02,-0.43,2024-05-07 03:15:00+00:00,2024-05-07 08:00,-0.43,-0.43,NORMAL,1.0,,2024-05,,,False,,,2024-05-07 08:00:00+00:00,False,False,-1.0,3094.8786150397514,True,2024-05-07 03:15:00+00:00|SHORT|TBX0 (a) or TBX1|3068.9986|25.88,0.0,True,0.3798834992368111,limit_retest,1.9705801792794149,-0.5784924636881199,1.9705801792794149,-2.302603746532028,False,False,False,,0.0,0.0,14.736428571428567,,,False,False,False,False,,not_applicable,0.1971460202159876,0.5223454612889963,0.40722260590701836,1.0827463162798883
ETHUSDT,15M,LONG,TBX0,2992.1651558211183,3033.37,28.34,34.07,1.2,2024-05-09 15:00:00+00:00,2024-05-10 08:15,1.2,1.2,NORMAL,1.0,,2024-05,,,False,,,2024-05-10 08:15:00+00:00,False,False,1.0,2963.825155821118,True,2024-05-09 15:00:00+00:00|LONG|TBX0|2992.1652|28.34,0.0,True,0.21965969728716578,market_like,2.3311518764601864,-0.44160747428081304,2.3311518764601864,-0.44160747428081304,False,False,False,,0.0,0.0,14.244999999999957,,,False,False,False,False,,clean_winner,0.1971460202159876,0.5223454612889963,0.40722260590701836,1.0827463162798883
ETHUSDT,1H,SHORT,TBX0,3019.64,2922.0563857507186,13.2,114.5,8.67,2024-05-10 13:00:00+00:00,2024-05-11 01:00,8.67,8.67,NORMAL,1.0,,2024-05,,,False,,,2024-05-11 01:00:00+00:00,False,False,-1.0,3032.8399999999997,True,2024-05-10 13:00:00+00:00|SHORT|TBX0|3019.64|13.2,1.0,False,0.5174242424242369,limit_retest,10.806060606060598,-0.7674242424242508,10.806060606060598,-0.7674242424242508,False,False,False,,0.0,0.0,7.5271428571428,,,False,False,False,False,,clean_winner,0.4321185415586152,0.6756383432490256,0.6360653867547656,1.0796369927068623
ETHUSDT,15M,LONG,TBX0 (a) or TBX1,2919.0768011255323,2915.529524113881,15.59,-2.61,-0.17,2024-05-12 10:00:00+00:00,2024-05-12 21:15,-0.17,-0.17,NORMAL,1.0,,2024-05,,,False,,,2024-05-12 21:15:00+00:00,False,False,1.0,2903.486801125532,True,2024-05-12 10:00:00+00:00|LONG|TBX0 (a) or TBX1|2919.0768|15.59,0.0,True,0.29998724345940764,market_like,2.300397618631674,-0.5097370831002018,2.300397618631674,-0.5097370831002018,False,False,False,,0.0,0.0,7.568571428571431,,,False,False,False,False,,not_applicable,0.1971460202159876,0.5223454612889963,0.40722260590701836,1.0827463162798883
ETHUSDT,15M,LONG,TBX0 (a) or TBX1,2937.768444878132,2923.100918637654,17.01,-13.31,-0.78,2024-05-13 00:15:00+00:00,2024-05-13 01:15,-0.78,-0.78,NORMAL,1.0,,2024-05,,,False,,,2024-05-13 01:15:00+00:00,False,False,1.0,2920.7584448781317,True,2024-05-13 00:15:00+00:00|LONG|TBX0 (a) or TBX1|2937.7684|17.01,0.0,True,0.2626951721417858,market_like,0.24876867265538158,-1.431419451977183,3.449238984236807,-4.3485270357514265,True,False,True,4.0,0.431419451977183,1.0993924911058917,6.675000000000052,3.449238984236807,,True,True,True,False,8.0,hopeless,0.1971460202159876,0.5223454612889963,0.40722260590701836,1.0827463162798883
ETHUSDT,1H,LONG,TBX7B,2984.67,2961.179219204905,23.49,-22.79,-0.97,2024-05-13 09:00:00+00:00,2024-05-13 10:30,-0.97,-0.97,NORMAL,1.0,,2024-05,,,False,,,2024-05-13 10:30:00+00:00,False,False,1.0,2961.1800000000003,True,2024-05-13 09:00:00+00:00|LONG|TBX7B|2984.67|23.49,1.0,False,0.5449127288207826,limit_retest,0.5010642826734774,-1.6181353767560758,0.5010642826734774,-2.5376756066411295,True,True,False,6.0,0.6181353767560758,0.8535079984884856,17.012142857142894,0.0464027245636503,,True,False,False,False,2.75,hopeless,0.4321185415586152,0.6756383432490256,0.6360653867547656,1.0796369927068623
ETHUSDT,15M,LONG,TBX7B,2975.06,2944.8,30.26,-30.26,-1.0,2024-05-13 16:45:00+00:00,2024-05-13 17:00,-1.0,-1.0,NORMAL,1.0,,2024-05,,,False,,,2024-05-13 17:00:00+00:00,False,False,1.0,2944.7999999999997,True,2024-05-13 16:45:00+00:00|LONG|TBX7B|2975.06|30.26,0.0,True,0.2997356245869188,market_like,0.06708526107072703,-1.0079312623925973,0.06708526107072703,-1.6523463317911433,True,False,True,1.0,0.007931262392597338,0.019343696027633507,12.407142857142844,-0.5046265697290145,,True,False,False,False,8.5,ambiguous_stop,0.1971460202159876,0.5223454612889963,0.40722260590701836,1.0827463162798883
ETHUSDT,15M,LONG,TBX7B,2951.614608298683,2938.21,13.4,-16.48,-1.23,2024-05-13 23:15:00+00:00,2024-05-14 00:45,-1.23,-1.23,NORMAL,1.0,,2024-05,,,False,,,2024-05-14 00:45:00+00:00,False,False,1.0,2938.214608298683,True,2024-05-13 23:15:00+00:00|LONG|TBX7B|2951.6146|13.4,0.0,True,0.5130304700509808,market_like,0.45114863442663655,-1.1794483804987297,0.6101038583072417,-5.344373753633054,True,False,True,6.0,0.1794483804987297,0.34759438494126554,6.9178571428571685,0.6101038583072417,0.6101038583072417,True,False,False,False,0.75,ambiguous_stop,0.1971460202159876,0.5223454612889963,0.40722260590701836,1.0827463162798883
ETHUSDT,1H,SHORT,TBX7A,2893.31,2902.31,9.0,-4.37,-0.49,2024-05-14 14:00:00+00:00,2024-05-14 15:15,-0.49,-0.49,YELLOW,0.5,День перед CPI,2024-05,,,False,,,2024-05-14 15:15:00+00:00,False,False,-1.0,2902.31,True,2024-05-14 14:00:00+00:00|SHORT|TBX7A|2893.31|9.0,0.0,True,0.27555555555555755,market_like,2.796666666666675,-3.521111111111117,3.907777777777786,-3.521111111111117,True,True,False,1.0,2.521111111111117,1.8558158555821636,12.226428571428642,3.907777777777786,,True,True,True,False,3.25,hopeless,0.4321185415586152,0.6756383432490256,0.6360653867547656,1.0796369927068623
ETHUSDT,15M,SHORT,TBX7A,2880.225063297278,2890.59,14.45,-3.31,-0.23,2024-05-14 23:15:00+00:00,2024-05-15 00:15,-0.23,-0.23,YELLOW,0.5,День перед CPI,2024-05,,,False,,,2024-05-15 00:15:00+00:00,False,False,-1.0,2894.675063297278,True,2024-05-14 23:15:00+00:00|SHORT|TBX7A|2880.2251|14.45,0.0,True,0.2619333358285126,market_like,0.212115107078087,-0.7373658617800621,1.2813192593272094,-3.6515527129911125,False,False,False,,0.0,0.0,7.122142857142827,,,False,False,False,False,,not_applicable,0.1971460202159876,0.5223454612889963,0.40722260590701836,1.0827463162798883
ETHUSDT,15M,SHORT,TBX7A,2889.730738340468,2924.5377297119826,35.67,-12.65,-0.35,2024-05-15 11:30:00+00:00,2024-05-15 12:30,-0.35,-0.35,GREEN,1.25,День Retail Sales,2024-05,,,False,,,2024-05-15 12:30:00+00:00,False,False,-1.0,2925.4007383404683,True,2024-05-15 11:30:00+00:00|SHORT|TBX7A|2889.7307|35.67,0.0,True,0.20603480963083118,market_like,0.12561643791612498,-1.9699821042761934,0.12561643791612498,-3.883354686277875,True,True,False,4.0,0.9699821042761934,3.1435502838175697,11.006428571428485,-1.2295840106400888,,False,False,False,False,0.25,hopeless,0.1971460202159876,0.5223454612889963,0.40722260590701836,1.0827463162798883
ETHUSDT,1H,LONG,TBX7B,2975.18,3007.73,36.26,39.06,1.08,2024-05-15 14:00:00+00:00,2024-05-16 02:30,1.08,1.08,GREEN,1.2,CPI после 12:00 UTC,2024-05,,,False,,,2024-05-16 02:30:00+00:00,False,False,1.0,2938.9199999999996,True,2024-05-15 14:00:00+00:00|LONG|TBX7B|2975.18|36.26,3.0,False,0.7101489244346387,limit_retest,1.7862658576944288,-0.8709321566464404,1.7862658576944288,-0.8709321566464404,False,False,False,,0.0,0.0,17.59214285714282,,,False,False,False,False,,clean_winner,0.4321185415586152,0.6756383432490256,0.6360653867547656,1.0796369927068623
ETHUSDT,15M,LONG,TBX7B,3026.312831779595,3005.63,20.68,-6.02,-0.29,2024-05-16 08:00:00+00:00,2024-05-16 08:30,-0.29,-0.29,NORMAL,1.0,,2024-05,,,False,,,2024-05-16 08:30:00+00:00,False,False,1.0,3005.632831779595,True,2024-05-16 08:00:00+00:00|LONG|TBX7B|3026.3128|20.68,0.0,True,0.5436572427270203,market_like,0.030327283385160074,-1.0306011498837013,0.030327283385160074,-4.995784902301496,True,False,True,2.0,0.03060114988370133,0.10484786880862798,6.035714285714383,-0.7404657533653262,,True,False,False,False,0.25,ambiguous_stop,0.1971460202159876,0.5223454612889963,0.40722260590701836,1.0827463162798883
ETHUSDT,15M,SHORT,TBX0 (a),2933.832747484332,2953.71,19.88,-5.78,-0.29,2024-05-17 01:15:00+00:00,2024-05-17 02:30,-0.29,-0.29,NORMAL,1.0,,2024-05,,,False,,,2024-05-17 02:30:00+00:00,False,False,-1.0,2953.712747484332,True,2024-05-17 01:15:00+00:00|SHORT|TBX0 (a)|2933.8327|19.88,0.0,True,0.39724610239779895,limit_retest,0.1243836762742278,-1.0738054585346108,0.1243836762742278,-7.735777289520529,True,True,False,5.0,0.07380545853461085,0.18090299620742423,8.110714285714234,-0.23778936195513933,,True,False,False,False,3.75,hopeless,0.1971460202159876,0.5223454612889963,0.40722260590701836,1.0827463162798883
ETHUSDT,15M,SHORT,TBX0 (a),2939.4207274135842,2949.68,10.26,-6.88,-0.67,2024-05-17 06:15:00+00:00,2024-05-17 06:30,-0.67,-0.67,NORMAL,1.0,,2024-05,,,False,,,2024-05-17 06:30:00+00:00,False,False,-1.0,2949.6807274135845,True,2024-05-17 06:15:00+00:00|SHORT|TBX0 (a)|2939.4207|10.26,0.0,True,0.2611376789878815,market_like,0.08389156077819687,-1.3888179908787357,0.08389156077819687,-17.502853078598026,True,True,False,1.0,0.3888179908787357,0.7106478713553994,5.613571428571504,-0.8732234489684078,,False,False,False,False,0.25,hopeless,0.1971460202159876,0.5223454612889963,0.40722260590701836,1.0827463162798883
ETHUSDT,1H,LONG,TBX7B,3035.44,3094.517949936265,27.44,56.89,2.07,2024-05-17 10:00:00+00:00,2024-05-18 05:00,2.07,2.07,NORMAL,1.0,,2024-05,,,False,,,2024-05-18 05:00:00+00:00,False,False,1.0,3008.0,True,2024-05-17 10:00:00+00:00|LONG|TBX7B|3035.44|27.44,2.0,False,0.3232507288629698,limit_retest,3.2893586005830815,-0.7029883381924185,3.045189504373176,-0.7029883381924185,False,False,False,,0.0,0.0,17.91499999999993,,,False,False,False,False,,clean_winner,0.4321185415586152,0.6756383432490256,0.6360653867547656,1.0796369927068623
ETHUSDT,15M,SHORT,TBX7B,3088.085135358906,3104.050665698572,45.58,-7.73,-0.17,2024-05-20 06:45:00+00:00,2024-05-20 15:15,-0.17,-0.17,NORMAL,1.0,,2024-05,,,False,,,2024-05-20 15:15:00+00:00,False,False,-1.0,3133.665135358906,True,2024-05-20 06:45:00+00:00|SHORT|TBX7B|3088.0851|45.58,0.0,True,0.28466135675941145,market_like,0.584579538370029,-0.7001944853245728,0.584579538370029,-1.4461356876062754,False,False,False,,0.0,0.0,13.43214285714274,,,False,False,False,False,,not_applicable,0.1971460202159876,0.5223454612889963,0.40722260590701836,1.0827463162798883
ETHUSDT,1H,LONG,TBX7A,3133.79,3739.032379268345,11.22,605.24,50.35,2024-05-20 16:00:00+00:00,2024-05-21 17:00,50.35,114.16,NORMAL,1.0,,2024-05,,,False,,True,2024-05-21 17:00:00+00:00,False,False,1.0,3122.57,True,2024-05-20 16:00:00+00:00|LONG|TBX7A|3133.79|11.22,0.0,True,1.4999999999999933,market_like,63.767379679144405,-2.2023172905525876,52.75401069518717,-2.2023172905525876,True,True,False,0.0,1.2023172905525876,0.9521072796934884,14.168571428571438,52.75401069518717,,True,True,True,True,8.75,winner_survived_stop_touch,0.4321185415586152,0.6756383432490256,0.6360653867547656,1.0796369927068623
ETHUSDT,15M,LONG,TBX0,3762.1735205706673,3840.1,27.32,19.56,0.72,2024-05-26 03:45:00+00:00,2024-05-26 22:45,0.72,0.72,NORMAL,1.0,,2024-05,,,False,,,2024-05-26 22:45:00+00:00,False,False,1.0,3734.853520570667,True,2024-05-26 03:45:00+00:00|LONG|TBX0|3762.1735|27.32,0.0,True,0.3039355992191577,market_like,4.578568061102962,-0.7296310604197473,4.264878456417744,-0.7296310604197473,False,False,False,,0.0,0.0,10.377857142857076,,,False,False,False,False,,clean_winner,0.1971460202159876,0.5223454612889963,0.40722260590701836,1.0827463162798883
ETHUSDT,15M,LONG,TBX0,3863.6617842248893,3896.28,44.82,-1.35,-0.03,2024-05-27 01:30:00+00:00,2024-05-27 06:45,-0.03,-0.03,NORMAL,1.0,,2024-05,,,False,,,2024-05-27 06:45:00+00:00,False,False,1.0,3818.841784224889,True,2024-05-27 01:30:00+00:00|LONG|TBX0|3863.6618|44.82,0.0,True,0.30503757752988636,market_like,1.8382020476374585,-0.3378354356289448,2.1409686696811825,-0.3378354356289448,False,False,False,,0.0,0.0,13.16571428571433,,,False,False,False,False,,not_applicable,0.1971460202159876,0.5223454612889963,0.40722260590701836,1.0827463162798883
ETHUSDT,15M,LONG,TBX0,3927.282553389823,3932.092905845586,33.24,2.96,0.09,2024-05-27 13:00:00+00:00,2024-05-27 17:15,0.09,0.09,NORMAL,1.0,,2024-05,,,False,,,2024-05-27 17:15:00+00:00,False,False,1.0,3894.0425533898233,True,2024-05-27 13:00:00+00:00|LONG|TBX0|3927.2826|33.24,0.0,True,0.3887651440981634,market_like,1.585964097779089,-0.5097037722570076,1.585964097779089,-2.1444811489116447,False,False,False,,0.0,0.0,15.072857142857076,,,False,False,False,False,,clean_winner,0.1971460202159876,0.5223454612889963,0.40722260590701836,1.0827463162798883
ETHUSDT,1H,LONG,TBX0,3794.21,3776.822,17.39,-16.52,-0.95,2024-05-30 03:00:00+00:00,2024-05-30 05:00,-0.95,-0.95,NORMAL,1.0,,2024-05,,,False,,,2024-05-30 05:00:00+00:00,False,False,1.0,3776.82,True,2024-05-30 03:00:00+00:00|LONG|TBX0|3794.21|17.39,3.0,False,0.7113283496262157,limit_retest,0.6204715353651503,-1.1673375503162842,0.6204715353651503,-5.147211040828075,True,True,False,8.0,0.16733755031628417,0.2362012987013128,12.320000000000034,0.3881541115583669,,True,False,False,False,9.0,hopeless,0.4321185415586152,0.6756383432490256,0.6360653867547656,1.0796369927068623
ETHUSDT,15M,SHORT,TBX0,3778.9499075065305,3788.0712072105116,11.96,-9.12,-0.76,2024-06-03 00:00:00+00:00,2024-06-03 01:00,-0.76,-0.76,NORMAL,1.0,,2024-06,,,False,,,2024-06-03 01:00:00+00:00,False,False,-1.0,3790.9099075065305,True,2024-06-03 00:00:00+00:00|SHORT|TBX0|3778.9499|11.96,0.0,True,0.4205762954405945,limit_retest,1.3336043065660959,-1.6722485362432533,1.3336043065660959,-5.724924121527555,True,False,True,4.0,0.6722485362432533,1.0662242579195809,7.540714285714297,-0.7366298071462968,,False,False,False,False,0.25,hopeless,0.1971460202159876,0.5223454612889963,0.40722260590701836,1.0827463162798883
ETHUSDT,15M,LONG,TBX7B,3820.8787018240664,3807.3581263402934,30.62,-5.29,-0.17,2024-06-04 21:30:00+00:00,2024-06-05 02:00,-0.17,-0.17,NORMAL,1.0,,2024-06,,,False,,,2024-06-05 02:00:00+00:00,False,False,1.0,3790.2587018240665,True,2024-06-04 21:30:00+00:00|LONG|TBX7B|3820.8787|30.62,0.0,True,0.2586120778597771,market_like,0.7877628404942387,-0.6815382698911232,0.7877628404942387,-1.370630366559979,False,False,False,,0.0,0.0,10.678571428571429,,,False,False,False,False,,not_applicable,0.1971460202159876,0.5223454612889963,0.40722260590701836,1.0827463162798883
ETHUSDT,1H,SHORT,TBX0,3850.08,3856.380991539292,20.1,-5.7,-0.28,2024-06-06 05:00:00+00:00,2024-06-06 11:00,-0.28,-0.28,NORMAL,1.0,,2024-06,,,False,,,2024-06-06 11:00:00+00:00,False,False,-1.0,3870.18,True,2024-06-06 05:00:00+00:00|SHORT|TBX0|3850.08|20.1,3.0,False,0.7437810945273767,limit_retest,0.3522388059701456,-0.8766169154228801,1.6099502487562252,-0.9840796019900596,False,False,False,,0.0,0.0,7.035714285714221,,,False,False,False,False,,not_applicable,0.4321185415586152,0.6756383432490256,0.6360653867547656,1.0796369927068623
ETHUSDT,15M,SHORT,TBX0,3848.0,3816.88,20.52,-8.02,-0.58,2024-06-06 12:45:00+00:00,2024-06-06 23:30,-0.58,-0.58,NORMAL,1.0,,2024-06,,,False,True,,2024-06-06 23:30:00+00:00,False,False,-1.0,3868.52,True,2024-06-06 12:45:00+00:00|SHORT|TBX0|3848.0|20.52,0.0,True,0.19444444444443382,market_like,4.288499025341131,-0.4385964912280702,4.288499025341131,-0.4385964912280702,False,False,False,,0.0,0.0,7.847142857142736,,,False,False,False,False,,not_applicable,0.1971460202159876,0.5223454612889963,0.40722260590701836,1.0827463162798883
ETHUSDT,15M,SHORT,TBX0,3801.4211138649916,3810.3519277900596,11.62,-7.52,-0.65,2024-06-07 02:15:00+00:00,2024-06-07 03:45,-0.65,-0.65,NORMAL,1.0,,2024-06,,,False,,,2024-06-07 03:45:00+00:00,False,False,-1.0,3813.0411138649915,True,2024-06-07 02:15:00+00:00|SHORT|TBX0|3801.4211|11.62,0.0,True,0.22623804948438406,market_like,0.7161027422540216,-0.7727096501728444,2.334002914371038,-3.691814641566999,False,False,False,,0.0,0.0,5.625000000000033,,,False,False,False,False,,not_applicable,0.1971460202159876,0.5223454612889963,0.40722260590701836,1.0827463162798883
ETHUSDT,15M,SHORT,TBX0,3810.3131924397385,3819.654737255858,11.56,-8.99,-0.78,2024-06-07 09:00:00+00:00,2024-06-07 11:30,-0.78,-0.78,NORMAL,1.0,,2024-06,,,False,,,2024-06-07 11:30:00+00:00,False,False,-1.0,3821.8731924397384,True,2024-06-07 09:00:00+00:00|SHORT|TBX0|3810.3132|11.56,0.0,True,0.3284435605762665,market_like,0.5885114567247637,-1.8284435605762397,22.084186197209213,-2.941765359884228,True,True,False,10.0,0.8284435605762397,1.7042748931442644,5.619285714285687,22.084186197209213,,True,True,True,True,6.5,hopeless,0.1971460202159876,0.5223454612889963,0.40722260590701836,1.0827463162798883
ETHUSDT,15M,SHORT,TBX0,3815.877110408775,3702.46,27.37,83.58,3.05,2024-06-07 12:30:00+00:00,2024-06-08 07:15,3.05,3.05,NORMAL,1.0,,2024-06,,,False,,,2024-06-08 07:15:00+00:00,False,False,-1.0,3843.247110408775,True,2024-06-07 12:30:00+00:00|SHORT|TBX0|3815.8771|27.37,0.0,True,0.859805977026848,limit_retest,9.530767643725795,-0.9727033098730352,9.530767643725795,-0.9727033098730352,False,False,False,,0.0,0.0,13.943571428571431,,,False,False,False,False,,clean_winner,0.1971460202159876,0.5223454612889963,0.40722260590701836,1.0827463162798883
ETHUSDT,15M,SHORT,TBX7B,3507.9080773833484,3523.64,15.73,-19.47,-1.24,2024-06-14 11:00:00+00:00,2024-06-14 12:15,-1.24,-1.24,NORMAL,1.0,,2024-06,,,False,,,2024-06-14 12:15:00+00:00,False,False,-1.0,3523.6380773833484,True,2024-06-14 11:00:00+00:00|SHORT|TBX7B|3507.9081|15.73,0.0,True,0.2683994034743599,market_like,0.1721600370850991,-1.0992957798252632,9.336177837466513,-1.3408723850382436,True,False,True,5.0,0.09929577982526316,0.19259218454394608,8.109999999999932,9.336177837466513,9.336177837466513,True,True,True,True,5.75,stop_hunt,0.1971460202159876,0.5223454612889963,0.40722260590701836,1.0827463162798883
ETHUSDT,15M,SHORT,TBX7B,3509.8591751178146,3427.5234774079245,12.24,164.75,13.46,2024-06-14 12:45:00+00:00,2024-06-14 21:15,13.46,22.06,NORMAL,1.0,,2024-06,,,False,,True,2024-06-14 21:15:00+00:00,False,False,-1.0,3522.0991751178144,True,2024-06-14 12:45:00+00:00|SHORT|TBX7B|3509.8592|12.24,0.0,True,0.2173876537733131,market_like,12.15761234622667,-0.8530085688060092,12.15761234622667,-1.5637928825314844,False,False,False,,0.0,0.0,7.467857142857058,,,False,False,False,False,,clean_winner,0.1971460202159876,0.5223454612889963,0.40722260590701836,1.0827463162798883
ETHUSDT,15M,LONG,TBX0 (a),3568.375654421523,3553.9522429791687,21.15,-12.51,-0.59,2024-06-16 05:30:00+00:00,2024-06-16 08:30,-0.59,-0.59,NORMAL,1.0,,2024-06,,,False,,,2024-06-16 08:30:00+00:00,False,False,1.0,3547.225654421523,True,2024-06-16 05:30:00+00:00|LONG|TBX0 (a)|3568.3757|21.15,0.0,True,0.21208767950463936,market_like,0.2507964812518601,-0.8035770412067559,2.020063620731769,-1.0707165211121976,False,False,False,,0.0,0.0,7.746428571428623,,,False,False,False,False,,not_applicable,0.1971460202159876,0.5223454612889963,0.40722260590701836,1.0827463162798883
ETHUSDT,15M,LONG,TBX0 (a),3560.582084838209,3588.08556134409,11.83,27.5,2.32,2024-06-16 10:30:00+00:00,2024-06-17 02:15,2.32,2.32,NORMAL,1.0,,2024-06,,,False,,,2024-06-17 02:15:00+00:00,False,False,1.0,3548.752084838209,True,2024-06-16 10:30:00+00:00|LONG|TBX0 (a)|3560.5821|11.83,0.0,True,0.6231686253769272,market_like,7.873872794741414,-0.7567273743202854,7.873872794741414,-0.7567273743202854,False,False,False,,0.0,0.0,6.933571428571375,,,False,False,False,False,,clean_winner,0.1971460202159876,0.5223454612889963,0.40722260590701836,1.0827463162798883
ETHUSDT,15M,SHORT,TBX0,3513.12,3457.76,71.26,55.36,1.17,2024-06-17 20:00:00+00:00,2024-06-18 05:15,1.17,1.17,NORMAL,1.0,,2024-06,,,False,,,2024-06-18 05:15:00+00:00,False,False,-1.0,3584.38,True,2024-06-17 20:00:00+00:00|SHORT|TBX0|3513.12|71.26,0.0,True,0.5523435307325305,limit_retest,2.4034521470670778,-0.5861633454953687,2.4034521470670778,-0.5861633454953687,False,False,False,,0.0,0.0,21.318571428571367,,,False,False,False,False,,clean_winner,0.1971460202159876,0.5223454612889963,0.40722260590701836,1.0827463162798883
ETHUSDT,15M,SHORT,TBX0,3421.268353332019,3418.071481006321,28.81,4.0,0.14,2024-06-18 10:00:00+00:00,2024-06-18 14:15,0.14,0.14,GREEN,1.25,День Retail Sales,2024-06,,,False,,,2024-06-18 14:15:00+00:00,False,False,-1.0,3450.078353332019,True,2024-06-18 10:00:00+00:00|SHORT|TBX0|3421.2684|28.81,0.0,True,0.2950936018042632,market_like,1.8583253499485992,-0.5717336573405284,1.8583253499485992,-2.3440349416168353,False,False,False,,0.0,0.0,10.973571428571436,,,False,False,False,False,,clean_winner,0.1971460202159876,0.5223454612889963,0.40722260590701836,1.0827463162798883
ETHUSDT,1H,LONG,TBX0,3422.77,3407.26,37.82,-19.39,-0.51,2024-06-18 15:00:00+00:00,2024-06-18 17:15,-0.51,-0.51,GREEN,1.25,День Retail Sales,2024-06,,,False,,,2024-06-18 17:15:00+00:00,False,False,1.0,3384.95,True,2024-06-18 15:00:00+00:00|LONG|TBX0|3422.77|37.82,1.0,False,0.6126388154415672,limit_retest,0.32178741406663336,-0.8133262823902634,3.3046007403490223,-0.9886303543098856,False,False,False,,0.0,0.0,26.283571428571413,,,False,False,False,False,,not_applicable,0.4321185415586152,0.6756383432490256,0.6360653867547656,1.0796369927068623
ETHUSDT,15M,LONG,TBX0,3419.752215109703,3534.8,24.29,171.07,7.04,2024-06-18 19:45:00+00:00,2024-06-19 07:15,7.04,9.9,GREEN,1.25,День Retail Sales,2024-06,,,False,,True,2024-06-19 07:15:00+00:00,False,False,1.0,3395.462215109703,True,2024-06-18 19:45:00+00:00|LONG|TBX0|3419.7522|24.29,0.0,True,0.8790537303294641,market_like,6.803120003717465,-1.4150767850845067,6.803120003717465,-1.4150767850845067,True,False,True,0.0,0.41507678508450674,0.5327860624913654,18.923571428571417,6.803120003717465,6.803120003717465,True,True,True,True,8.25,winner_survived_stop_touch,0.1971460202159876,0.5223454612889963,0.40722260590701836,1.0827463162798883
ETHUSDT,15M,SHORT,TBX4,3501.58,3496.5504181143097,48.7,5.03,0.1,2024-06-21 21:15:00+00:00,2024-06-22 13:30,0.1,0.1,NORMAL,1.0,,2024-06,,,False,,,2024-06-22 13:30:00+00:00,False,False,-1.0,3550.2799999999997,True,2024-06-21 21:15:00+00:00|SHORT|TBX4|3501.58|48.7,0.0,True,0.3484599589322434,market_like,0.595687885010262,-0.5135523613963083,0.595687885010262,-0.5135523613963083,False,False,False,,0.0,0.0,14.344285714285629,,,False,False,False,False,,clean_winner,0.1971460202159876,0.5223454612889963,0.40722260590701836,1.0827463162798883
ETHUSDT,15M,SHORT,TBX0,3490.9995784003604,3391.1263256892526,12.37,141.41,11.43,2024-06-23 14:00:00+00:00,2024-06-24 08:30,11.43,21.34,NORMAL,1.0,,2024-06,,,False,,True,2024-06-24 08:30:00+00:00,False,False,-1.0,3503.3695784003603,True,2024-06-23 14:00:00+00:00|SHORT|TBX0|3490.9996|12.37,0.0,True,0.43657409859657925,limit_retest,11.198834147159307,-0.5659192885723197,7.528664381597455,-0.5659192885723197,False,False,False,,0.0,0.0,5.596428571428565,,,False,False,False,False,,clean_winner,0.1971460202159876,0.5223454612889963,0.40722260590701836,1.0827463162798883
ETHUSDT,15M,SHORT,TBX0,3263.7841966289584,3322.44,58.66,-55.72,-0.95,2024-06-24 20:30:00+00:00,2024-06-24 21:00,-0.95,-0.95,NORMAL,1.0,,2024-06,,,False,,,2024-06-24 21:00:00+00:00,False,False,-1.0,3322.4441966289583,True,2024-06-24 20:30:00+00:00|SHORT|TBX0|3263.7842|58.66,0.0,True,0.37889197700378147,limit_retest,0.23498459987995907,-1.0093045238841014,0.23498459987995907,-2.2194988641500446,True,True,False,2.0,0.009304523884101412,0.019503923616773243,27.984285714285793,-0.9590147182243705,,False,False,False,False,0.25,hopeless,0.1971460202159876,0.5223454612889963,0.40722260590701836,1.0827463162798883
ETHUSDT,1H,LONG,TBX0 (a),3366.48,3386.948816506736,11.98,20.47,2.01,2024-06-25 13:00:00+00:00,2024-06-25 16:45,2.01,2.01,NORMAL,1.0,,2024-06,,,False,,,2024-06-25 16:45:00+00:00,False,False,1.0,3354.5,True,2024-06-25 13:00:00+00:00|LONG|TBX0 (a)|3366.48|11.98,0.0,True,0.16026711185309456,market_like,4.759599332220366,-0.7913188647746259,5.408180300500831,-0.7913188647746259,False,False,False,,0.0,0.0,11.068571428571365,,,False,False,False,False,,clean_winner,0.4321185415586152,0.6756383432490256,0.6360653867547656,1.0796369927068623
ETHUSDT,15M,LONG,TBX0 (a),3415.99,3395.043196081064,49.46,-18.48,-0.37,2024-06-25 18:15:00+00:00,2024-06-25 23:00,-0.37,-0.37,NORMAL,1.0,,2024-06,,,False,,,2024-06-25 23:00:00+00:00,False,False,1.0,3366.5299999999997,True,2024-06-25 18:15:00+00:00|LONG|TBX0 (a)|3415.99|49.46,0.0,True,0.5335624747270495,market_like,0.30893651435503844,-0.5376061463809076,0.30893651435503844,-0.8287505054589523,False,False,False,,0.0,0.0,15.258571428571324,,,False,False,False,False,,not_applicable,0.1971460202159876,0.5223454612889963,0.40722260590701836,1.0827463162798883
ETHUSDT,15M,LONG,TBX0 (a),3402.284063006334,3392.9488623718553,18.5,-9.4,-0.51,2024-06-26 01:15:00+00:00,2024-06-26 03:15,-0.51,-0.51,NORMAL,1.0,,2024-06,,,False,,,2024-06-26 03:15:00+00:00,False,False,1.0,3383.784063006334,True,2024-06-26 01:15:00+00:00|LONG|TBX0 (a)|3402.2841|18.5,0.0,True,0.4369763787207548,market_like,1.22788848614412,-0.5499493516937111,1.22788848614412,-2.009949351693723,False,False,False,,0.0,0.0,9.217142857142855,,,False,False,False,False,,not_applicable,0.1971460202159876,0.5223454612889963,0.40722260590701836,1.0827463162798883
ETHUSDT,15M,LONG,TBX0 (a),3387.44,3368.73,25.15,-17.46,-0.87,2024-06-26 13:45:00+00:00,2024-06-26 15:00,-0.87,-0.87,NORMAL,1.0,,2024-06,,,False,True,,2024-06-26 15:00:00+00:00,False,False,1.0,3362.29,True,2024-06-26 13:45:00+00:00|LONG|TBX0 (a)|3387.44|25.15,0.0,True,0.2803180914512995,market_like,0.3005964214711708,-1.62664015904572,1.173359840954265,-2.461232604373761,True,True,False,5.0,0.62664015904572,1.714640969847665,9.191428571428592,1.173359840954265,,True,True,False,False,5.0,hopeless,0.1971460202159876,0.5223454612889963,0.40722260590701836,1.0827463162798883
ETHUSDT,1H,LONG,TBX7A,3390.93,3381.93,9.0,-8.73,-0.97,2024-06-26 20:00:00+00:00,2024-06-26 21:15,-0.97,-0.97,NORMAL,1.0,,2024-06,,,False,,,2024-06-26 21:15:00+00:00,False,False,1.0,3381.93,True,2024-06-26 20:00:00+00:00|LONG|TBX7A|3390.93|9.0,0.0,True,-1.8211111111111475,limit_retest,2.891111111111109,-1.7599999999999656,2.891111111111109,-3.4122222222222263,True,True,False,1.0,0.7599999999999656,0.3734935059869563,18.313571428571418,0.2844444444444384,,True,False,False,False,0.75,hopeless,0.4321185415586152,0.6756383432490256,0.6360653867547656,1.0796369927068623
ETHUSDT,15M,LONG,TBX7A,3385.9731212157008,3372.8817332439257,17.36,-7.77,-0.45,2024-06-27 02:30:00+00:00,2024-06-27 05:15,-0.45,-0.45,NORMAL,1.0,,2024-06,,,False,,,2024-06-27 05:15:00+00:00,False,False,1.0,3368.6131212157006,True,2024-06-27 02:30:00+00:00|LONG|TBX7A|3385.9731|17.36,0.0,True,0.25075583039751537,market_like,0.34717043688359694,-0.8492581345449735,5.220442326284513,-1.2352028350057924,False,False,False,,0.0,0.0,9.204285714285659,,,False,False,False,False,,not_applicable,0.1971460202159876,0.5223454612889963,0.40722260590701836,1.0827463162798883
ETHUSDT,15M,LONG,TBX7A,3379.2050414036403,3448.9,8.91,83.01,9.32,2024-06-27 09:00:00+00:00,2024-06-27 19:00,9.32,13.26,NORMAL,1.0,,2024-06,,,False,,True,2024-06-27 19:00:00+00:00,False,False,1.0,3370.2950414036404,True,2024-06-27 09:00:00+00:00|LONG|TBX7A|3379.205|8.91,0.0,True,0.3069631204983704,market_like,10.930971784103212,-0.6257061059079877,10.930971784103212,-0.6257061059079877,False,False,False,,0.0,0.0,8.531428571428544,,,False,False,False,False,,clean_winner,0.1971460202159876,0.5223454612889963,0.40722260590701836,1.0827463162798883
ETHUSDT,1H,SHORT,TBX0,3448.9,3454.233098199994,11.11,-5.33,-0.48,2024-06-27 19:00:00+00:00,2024-06-28 01:15,-0.48,-0.48,NORMAL,1.0,,2024-06,,,False,,,2024-06-28 01:15:00+00:00,False,False,-1.0,3460.01,True,2024-06-27 19:00:00+00:00|SHORT|TBX0|3448.9|11.11,0.0,True,0.5364536453645398,limit_retest,1.1935193519352132,-1.6750675067506866,1.1935193519352132,-3.517551755175511,True,False,True,25.0,0.6750675067506866,0.7786429365962371,9.632142857142785,2.836183618361856,,True,True,True,False,6.75,ambiguous_stop,0.4321185415586152,0.6756383432490256,0.6360653867547656,1.0796369927068623
ETHUSDT,1H,LONG,TBX7B,3483.89,3450.5675,33.32,-30.65,-0.92,2024-06-28 01:00:00+00:00,2024-06-28 02:45,-0.92,-0.92,NORMAL,1.0,,2024-06,,,False,,,2024-06-28 02:45:00+00:00,False,False,1.0,3450.5699999999997,True,2024-06-28 01:00:00+00:00|LONG|TBX7B|3483.89|33.32,2.0,False,1.3334333733493349,limit_retest,0.1227490996398603,-1.4372749099639817,0.1227490996398603,-1.995798319327731,True,True,False,0.0,0.43727490996398166,2.4884713919726567,5.854999999999985,0.1227490996398603,,True,False,False,False,0.5,hopeless,0.4321185415586152,0.6756383432490256,0.6360653867547656,1.0796369927068623
ETHUSDT,15M,SHORT,TBX0,3441.146534806261,3467.13,25.98,-25.98,-1.0,2024-06-28 12:30:00+00:00,2024-06-28 13:30,-1.0,-1.0,NORMAL,1.0,,2024-06,,,False,,,2024-06-28 13:30:00+00:00,False,False,-1.0,3467.126534806261,True,2024-06-28 12:30:00+00:00|SHORT|TBX0|3441.1465|25.98,0.0,True,0.9431664816681669,limit_retest,0.42673344134954466,-1.303058706456462,3.0464409086320674,-1.303058706456462,True,True,False,0.0,0.30305870645646205,0.8706833547578583,9.042857142857104,3.0464409086320674,0.42673344134954466,True,True,True,False,6.75,ambiguous_stop,0.1971460202159876,0.5223454612889963,0.40722260590701836,1.0827463162798883
ETHUSDT,15M,SHORT,TBX0,3433.1433597581863,3386.18,39.1,57.98,1.48,2024-06-28 14:15:00+00:00,2024-06-29 00:30,1.48,1.48,NORMAL,1.0,,2024-06,,,False,,,2024-06-29 00:30:00+00:00,False,False,-1.0,3472.243359758186,True,2024-06-28 14:15:00+00:00|SHORT|TBX0|3433.1434|39.1,0.0,True,0.2735713616832184,market_like,1.8195232674727955,-0.33111611871646646,1.8195232674727955,-0.33111611871646646,False,False,False,,0.0,0.0,17.34500000000006,,,False,False,False,False,,clean_winner,0.1971460202159876,0.5223454612889963,0.40722260590701836,1.0827463162798883
ETHUSDT,15M,LONG,TBX0 (a) or TBX1,3476.14,3456.280497051607,24.82,-19.12,-0.77,2024-07-01 13:15:00+00:00,2024-07-01 13:45,-0.77,-0.77,NORMAL,1.0,,2024-07,,,False,,,2024-07-01 13:45:00+00:00,False,False,1.0,3451.3199999999997,True,2024-07-01 13:15:00+00:00|LONG|TBX0 (a) or TBX1|3476.14|24.82,0.0,True,0.22643029814665153,market_like,0.19580983078163286,-0.9991941982272251,0.9174053182916995,-2.2618855761482624,False,False,False,,0.0,0.0,7.93642857142858,,,False,False,False,False,,not_applicable,0.1971460202159876,0.5223454612889963,0.40722260590701836,1.0827463162798883
ETHUSDT,15M,LONG,TBX0 (a) or TBX1,3476.78,3465.11,35.25,-11.67,-0.33,2024-07-01 15:00:00+00:00,2024-07-01 20:45,-0.33,-0.33,NORMAL,1.0,,2024-07,,,False,,,2024-07-01 20:45:00+00:00,False,False,1.0,3441.53,True,2024-07-01 15:00:00+00:00|LONG|TBX0 (a) or TBX1|3476.78|35.25,0.0,True,0.2459574468085127,market_like,0.6278014184397065,-0.4536170212766025,0.6278014184397065,-1.6107801418439773,False,False,False,,0.0,0.0,10.792857142857201,,,False,False,False,False,,not_applicable,0.1971460202159876,0.5223454612889963,0.40722260590701836,1.0827463162798883
ETHUSDT,15M,LONG,TBX0 (a) or TBX1,3453.78,3447.564611940411,20.39,-5.2,-0.26,2024-07-02 02:00:00+00:00,2024-07-02 06:30,-0.26,-0.26,NORMAL,1.0,,2024-07,,,False,,,2024-07-02 06:30:00+00:00,False,False,1.0,3433.3900000000003,True,2024-07-02 02:00:00+00:00|LONG|TBX0 (a) or TBX1|3453.78|20.39,0.0,True,0.31289847964689105,market_like,0.49337910740558827,-0.41834232466896515,0.49337910740558827,-1.1662579695929476,False,False,False,,0.0,0.0,7.231428571428556,,,False,False,False,False,,not_applicable,0.1971460202159876,0.5223454612889963,0.40722260590701836,1.0827463162798883
ETHUSDT,15M,LONG,TBX0 (a) or TBX1,3449.5383637552477,3443.0415141722606,17.15,-5.98,-0.35,2024-07-02 09:00:00+00:00,2024-07-02 13:45,-0.35,-0.35,NORMAL,1.0,,2024-07,,,False,,,2024-07-02 13:45:00+00:00,False,False,1.0,3432.3883637552476,True,2024-07-02 09:00:00+00:00|LONG|TBX0 (a) or TBX1|3449.5384|17.15,0.0,True,0.4978637758161925,market_like,0.7890166906561203,-1.1392631927258137,0.7890166906561203,-2.9340153793147468,True,False,True,19.0,0.13926319272581367,0.29766841069587596,8.023571428571456,-0.45937981080162377,,False,False,False,False,0.25,ambiguous_stop,0.1971460202159876,0.5223454612889963,0.40722260590701836,1.0827463162798883
ETHUSDT,1H,SHORT,TBX7B,3127.33,2922.227306105749,27.57,205.1,7.44,2024-07-04 22:00:00+00:00,2024-07-05 10:00,7.44,7.44,NORMAL,1.0,,2024-07,,,False,,,2024-07-05 10:00:00+00:00,False,False,-1.0,3154.9,True,2024-07-04 22:00:00+00:00|SHORT|TBX7B|3127.33|27.57,3.0,False,1.2575262966993135,limit_retest,11.872687704026113,-1.5107000362713128,11.872687704026113,-1.5107000362713128,True,True,False,0.0,0.5107000362713128,1.3122961187670676,10.729285714285718,11.872687704026113,,True,True,True,True,6.25,winner_survived_stop_touch,0.4321185415586152,0.6756383432490256,0.6360653867547656,1.0796369927068623
ETHUSDT,15M,SHORT,TBX0 (a),2973.833140748856,2912.74,23.72,70.5,2.97,2024-07-07 21:00:00+00:00,2024-07-08 04:45,2.97,2.97,NORMAL,1.0,,2024-07,,,False,,,2024-07-08 04:45:00+00:00,False,False,-1.0,2997.5531407488556,True,2024-07-07 21:00:00+00:00|SHORT|TBX0 (a)|2973.8331|23.72,0.0,True,0.9998675906890533,limit_retest,6.432257198518365,-1.0302217222236147,6.432257198518365,-3.835449378210123,True,False,True,0.0,0.030221722223614744,0.06667572094085805,10.751428571428603,6.432257198518365,6.432257198518365,True,True,True,True,4.25,winner_survived_stop_touch,0.1971460202159876,0.5223454612889963,0.40722260590701836,1.0827463162798883
ETHUSDT,1H,LONG,TBX7B,3117.0,3143.932421985206,15.75,26.93,1.71,2024-07-11 07:00:00+00:00,2024-07-11 14:15,1.71,1.71,NORMAL,1.0,,2024-07,,,False,,,2024-07-11 14:15:00+00:00,False,False,1.0,3101.25,True,2024-07-11 07:00:00+00:00|LONG|TBX7B|3117.0|15.75,1.0,False,0.8082539682539694,limit_retest,6.323809523809518,-0.9650793650793535,6.323809523809518,-1.3644444444444306,False,False,False,,0.0,0.0,8.717142857142855,,,False,False,False,False,,clean_winner,0.4321185415586152,0.6756383432490256,0.6360653867547656,1.0796369927068623
ETHUSDT,1H,SHORT,TBX0,3148.2,3093.052662978412,39.31,66.18,1.68,2024-07-11 14:00:00+00:00,2024-07-12 13:15,1.68,1.68,GREEN,1.2,CPI после 12:00 UTC,2024-07,,,False,,,2024-07-12 13:15:00+00:00,False,False,-1.0,3187.5099999999998,True,2024-07-11 14:00:00+00:00|SHORT|TBX0|3148.2|39.31,1.0,False,0.7898753497837746,limit_retest,2.6377512083439223,-0.89875349783771,2.4004070211142117,-0.89875349783771,False,False,False,,0.0,0.0,22.55428571428573,,,False,False,False,False,,clean_winner,0.4321185415586152,0.6756383432490256,0.6360653867547656,1.0796369927068623
ETHUSDT,1H,SHORT,TBX0,3448.13,3410.216180082792,33.3,37.91,1.14,2024-07-17 11:00:00+00:00,2024-07-18 00:30,1.14,1.14,NORMAL,1.0,,2024-07,,,False,,,2024-07-18 00:30:00+00:00,False,False,-1.0,3481.4300000000003,True,2024-07-17 11:00:00+00:00|SHORT|TBX0|3448.13|33.3,1.0,False,0.9132132132132089,limit_retest,2.2102102102102075,-0.958258258258254,2.2102102102102075,-0.958258258258254,False,False,False,,0.0,0.0,13.27642857142853,,,False,False,False,False,,clean_winner,0.4321185415586152,0.6756383432490256,0.6360653867547656,1.0796369927068623
ETHUSDT,1H,LONG,TBX0,3420.8,3404.9082,15.89,-15.41,-0.97,2024-07-18 01:00:00+00:00,2024-07-18 02:15,-0.97,-0.97,NORMAL,1.0,,2024-07,,,False,,,2024-07-18 02:15:00+00:00,False,False,1.0,3404.9100000000003,True,2024-07-18 01:00:00+00:00|LONG|TBX0|3420.8|15.89,1.0,False,0.7256135934550157,limit_retest,1.2083071113908004,-1.7872876022655815,3.328508495909369,-1.7872876022655815,True,False,True,5.0,0.7872876022655815,0.9619905525650932,13.004285714285743,4.2284455632473,4.2284455632473,True,True,True,False,11.0,hopeless,0.4321185415586152,0.6756383432490256,0.6360653867547656,1.0796369927068623
ETHUSDT,1H,SHORT,TBX7A,3398.15,3411.963333333333,13.81,-13.12,-0.95,2024-07-18 17:00:00+00:00,2024-07-18 20:45,-0.95,-0.95,NORMAL,1.0,,2024-07,,,False,,,2024-07-18 20:45:00+00:00,False,False,-1.0,3411.96,True,2024-07-18 17:00:00+00:00|SHORT|TBX7A|3398.15|13.81,3.0,False,1.5003620564807965,limit_retest,1.078928312816806,-1.7755249818971746,1.1976828385228069,-2.7335264301230993,True,True,False,0.0,0.7755249818971746,0.5316078709448684,20.14642857142852,1.1976828385228069,,True,True,False,False,8.25,hopeless,0.4321185415586152,0.6756383432490256,0.6360653867547656,1.0796369927068623
ETHUSDT,15M,SHORT,TBX7A,3404.1754511289955,3413.3,41.21,-11.81,-0.29,2024-07-19 07:30:00+00:00,2024-07-19 12:00,-0.29,-0.29,NORMAL,1.0,,2024-07,,,False,,,2024-07-19 12:00:00+00:00,False,False,-1.0,3445.3854511289956,True,2024-07-19 07:30:00+00:00|SHORT|TBX7A|3404.1755|41.21,0.0,True,0.46189150378559857,limit_retest,0.7019036915553389,-0.4698992688911537,0.7019036915553389,-3.2808674804902838,False,False,False,,0.0,0.0,12.838571428571445,,,False,False,False,False,,not_applicable,0.1971460202159876,0.5223454612889963,0.40722260590701836,1.0827463162798883
ETHUSDT,1H,LONG,TBX0,3413.3,3502.63,21.69,89.33,4.12,2024-07-19 12:00:00+00:00,2024-07-19 20:00,4.12,6.81,NORMAL,1.0,,2024-07,,,False,,True,2024-07-19 20:00:00+00:00,False,False,1.0,3391.61,True,2024-07-19 12:00:00+00:00|LONG|TBX0|3413.3|21.69,3.0,False,0.48224988473951297,limit_retest,5.8128169663439335,-0.8400184416782044,5.8128169663439335,-0.8400184416782044,False,False,False,,0.0,0.0,11.57928571428569,,,False,False,False,False,,clean_winner,0.4321185415586152,0.6756383432490256,0.6360653867547656,1.0796369927068623
ETHUSDT,1H,SHORT,TBX0,3502.63,3523.409,20.78,-20.78,-1.0,2024-07-19 20:00:00+00:00,2024-07-19 22:00,-1.0,-1.0,NORMAL,1.0,,2024-07,,,False,,,2024-07-19 22:00:00+00:00,False,False,-1.0,3523.4100000000003,True,2024-07-19 20:00:00+00:00|SHORT|TBX0|3502.63|20.78,0.0,True,0.8792107795957642,limit_retest,0.6559191530317665,-1.1082771896053776,1.18479307025986,-1.1082771896053776,True,False,True,6.0,0.10827718960537758,0.12069427947429605,18.642142857142808,1.18479307025986,1.18479307025986,True,True,False,False,4.25,stop_hunt,0.4321185415586152,0.6756383432490256,0.6360653867547656,1.0796369927068623
ETHUSDT,1H,SHORT,TBX7A,3465.35,3477.110904898323,21.39,-11.79,-0.55,2024-07-22 13:00:00+00:00,2024-07-22 19:00,-0.55,-0.55,NORMAL,1.0,,2024-07,,,False,,,2024-07-22 19:00:00+00:00,False,False,-1.0,3486.74,True,2024-07-22 13:00:00+00:00|SHORT|TBX7A|3465.35|21.39,3.0,False,1.4997662459093,limit_retest,1.4969611968209435,-1.8475923328658244,2.0733987844787243,-1.8475923328658244,True,True,False,0.0,0.8475923328658244,2.0457806077214507,8.862142857142837,2.0733987844787243,,True,True,True,False,10.0,hopeless,0.4321185415586152,0.6756383432490256,0.6360653867547656,1.0796369927068623
ETHUSDT,15M,SHORT,TBX7A,3469.3382729517325,3470.3740330914625,28.59,-0.09,0.0,2024-07-22 21:00:00+00:00,2024-07-23 00:45,0.0,0.0,NORMAL,1.0,,2024-07,,,False,,,2024-07-23 00:45:00+00:00,False,False,-1.0,3497.9282729517327,True,2024-07-22 21:00:00+00:00|SHORT|TBX7A|3469.3383|28.59,0.0,True,0.6656777561478624,limit_retest,1.6907405719388775,-0.6863143423668251,1.6907405719388775,-2.2242646746508337,False,False,False,,0.0,0.0,12.584999999999939,,,False,False,False,False,,not_applicable,0.1971460202159876,0.5223454612889963,0.40722260590701836,1.0827463162798883
ETHUSDT,1H,SHORT,TBX7B,3440.01,3153.61,22.25,286.4,13.93,2024-07-24 13:00:00+00:00,2024-07-25 20:45,13.93,13.93,NORMAL,1.0,,2024-07,,,False,,,2024-07-25 20:45:00+00:00,False,False,-1.0,3462.26,True,2024-07-24 13:00:00+00:00|SHORT|TBX7B|3440.01|22.25,3.0,False,0.2952808988763914,limit_retest,15.92988764044944,-1.3784269662921176,6.935730337078659,-1.3784269662921176,True,True,False,1.0,0.3784269662921176,0.9788258739516409,8.602142857142749,11.513258426966296,,True,True,True,True,12.0,winner_survived_stop_touch,0.4321185415586152,0.6756383432490256,0.6360653867547656,1.0796369927068623
ETHUSDT,1H,SHORT,TBX0,3325.0,3312.0,27.97,13.0,0.46,2024-07-29 14:00:00+00:00,2024-07-29 17:45,0.46,0.46,NORMAL,1.0,,2024-07,,,False,,,2024-07-29 17:45:00+00:00,False,False,-1.0,3352.97,True,2024-07-29 14:00:00+00:00|SHORT|TBX0|3325.0|27.97,0.0,True,0.7972828030032243,limit_retest,2.446907400786559,-0.9023954236682081,2.446907400786559,-0.9549517340007164,False,False,False,,0.0,0.0,12.566428571428528,,,False,False,False,False,,clean_winner,0.4321185415586152,0.6756383432490256,0.6360653867547656,1.0796369927068623
ETHUSDT,15M,SHORT,TBX0,3300.9322053377346,3336.9,50.05,-14.6,-0.29,2024-07-30 00:15:00+00:00,2024-07-30 07:00,-0.29,-0.29,YELLOW,0.8,День перед FOMC,2024-07,,,False,,,2024-07-30 07:00:00+00:00,False,False,-1.0,3350.9822053377347,True,2024-07-30 00:15:00+00:00|SHORT|TBX0|3300.9322|50.05,0.0,True,0.20115473850680204,market_like,0.41482927747721254,-0.7615942989463661,0.41482927747721254,-1.0764794138314764,False,False,False,,0.0,0.0,14.878571428571345,,,False,False,False,False,,not_applicable,0.1971460202159876,0.5223454612889963,0.40722260590701836,1.0827463162798883
ETHUSDT,15M,SHORT,TBX0,3331.059551067403,3280.88,23.79,40.14,1.69,2024-07-30 13:45:00+00:00,2024-07-31 00:30,1.69,1.69,YELLOW,0.8,День перед FOMC,2024-07,,,False,,,2024-07-31 00:30:00+00:00,False,False,-1.0,3354.849551067403,True,2024-07-30 13:45:00+00:00|SHORT|TBX0|3331.0596|23.79,0.0,True,0.2644156760234121,market_like,4.243781045288063,-0.4073328681209359,4.243781045288063,-0.4073328681209359,False,False,False,,0.0,0.0,14.031428571428544,,,False,False,False,False,,clean_winner,0.1971460202159876,0.5223454612889963,0.40722260590701836,1.0827463162798883
ETHUSDT,1H,LONG,TBX0,3300.49,3309.8279767649597,51.31,9.34,0.18,2024-07-31 05:00:00+00:00,2024-07-31 14:15,0.18,0.18,NORMAL,1.0,,2024-07,,,False,,,2024-07-31 14:15:00+00:00,False,False,1.0,3249.18,True,2024-07-31 05:00:00+00:00|LONG|TBX0|3300.49|51.31,3.0,False,0.456831027090228,limit_retest,0.9403625024361723,-0.7382576495809716,0.9403625024361723,-0.7382576495809716,False,False,False,,0.0,0.0,13.932142857142903,,,False,False,False,False,,clean_winner,0.4321185415586152,0.6756383432490256,0.6360653867547656,1.0796369927068623
ETHUSDT,1H,SHORT,TBX7A,3265.02,3188.71,34.59,91.57,2.47,2024-07-31 19:00:00+00:00,2024-08-01 09:00,2.47,2.47,GREEN,1.2,FOMC после решения 18+ UTC,2024-07,,,False,,,2024-08-01 09:00:00+00:00,False,False,-1.0,3299.61,True,2024-07-31 19:00:00+00:00|SHORT|TBX7A|3265.02|34.59,2.0,False,1.4998554495518965,limit_retest,3.7869326394911758,-1.6363110725643222,3.7869326394911758,-1.6363110725643222,True,True,False,0.0,0.6363110725643222,1.192584565368833,18.45571428571426,3.7869326394911758,,True,True,True,False,10.0,winner_survived_stop_touch,0.4321185415586152,0.6756383432490256,0.6360653867547656,1.0796369927068623
ETHUSDT,15M,SHORT,TBX7A,3176.57,3120.25,25.7,67.58,2.63,2024-08-01 14:00:00+00:00,2024-08-01 19:15,2.63,2.63,GREEN,1.2,FOMC+1 (день после решения),2024-08,,,False,True,,2024-08-01 19:15:00+00:00,False,False,-1.0,3202.27,True,2024-08-01 14:00:00+00:00|SHORT|TBX7A|3176.57|25.7,0.0,True,0.20505836575875416,market_like,3.8198443579766566,-0.3867704280155663,3.8198443579766566,-1.6587548638132161,False,False,False,,0.0,0.0,11.900714285714198,,,False,False,False,False,,clean_winner,0.1971460202159876,0.5223454612889963,0.40722260590701836,1.0827463162798883
ETHUSDT,15M,LONG,TBX0 (a) or TBX1,3166.498633770945,3137.38,29.12,-28.25,-0.97,2024-08-02 13:30:00+00:00,2024-08-02 14:00,-0.97,-0.97,NORMAL,1.0,,2024-08,,,False,,,2024-08-02 14:00:00+00:00,False,False,1.0,3137.3786337709453,True,2024-08-02 13:30:00+00:00|LONG|TBX0 (a) or TBX1|3166.4986|29.12,0.0,True,0.6417800058703714,market_like,0.5319837303933592,-1.5967937421341059,0.5319837303933592,-8.722480555320919,True,True,False,2.0,0.5967937421341059,1.0882536690666575,15.969285714285693,-0.8529750608154295,,False,False,False,False,0.25,hopeless,0.1971460202159876,0.5223454612889963,0.40722260590701836,1.0827463162798883
ETHUSDT,1H,LONG,TBX0,2401.38,2373.7,67.83,-27.68,-0.41,2024-08-05 14:00:00+00:00,2024-08-05 18:45,-0.41,-0.41,NORMAL,1.0,,2024-08,,,False,,,2024-08-05 18:45:00+00:00,False,False,1.0,2333.55,True,2024-08-05 14:00:00+00:00|LONG|TBX0|2401.38|67.83,2.0,False,0.9631431519976401,limit_retest,1.723278785198288,-0.973315642046292,2.1307680967123654,-0.973315642046292,False,False,False,,0.0,0.0,57.62999999999992,,,False,False,False,False,,not_applicable,0.4321185415586152,0.6756383432490256,0.6360653867547656,1.0796369927068623
ETHUSDT,15M,LONG,TBX0,2447.19,2483.165307136549,116.77,35.98,0.46,2024-08-05 21:00:00+00:00,2024-08-06 08:15,0.46,0.46,NORMAL,1.0,,2024-08,,,False,,,2024-08-06 08:15:00+00:00,False,False,1.0,2330.42,True,2024-08-05 21:00:00+00:00|LONG|TBX0|2447.19|116.77,0.0,True,0.10190973709000678,market_like,0.845422625674401,-0.3255973280808425,0.845422625674401,-0.3255973280808425,False,False,False,,0.0,0.0,34.76714285714281,,,False,False,False,False,,clean_winner,0.1971460202159876,0.5223454612889963,0.40722260590701836,1.0827463162798883
ETHUSDT,15M,LONG,TBX0,2478.8069057270086,2491.0,46.92,-13.92,-0.3,2024-08-07 01:30:00+00:00,2024-08-07 07:00,-0.3,-0.3,NORMAL,1.0,,2024-08,,,False,,,2024-08-07 07:00:00+00:00,False,False,1.0,2431.8869057270085,True,2024-08-07 01:30:00+00:00|LONG|TBX0|2478.8069|46.92,0.0,True,0.7068820487427264,market_like,1.1669457432436348,-0.7232929609336893,1.5141324440108974,-0.7232929609336893,False,False,False,,0.0,0.0,26.790714285714298,,,False,False,False,False,,not_applicable,0.1971460202159876,0.5223454612889963,0.40722260590701836,1.0827463162798883
ETHUSDT,15M,LONG,TBX0,2518.0,2507.45,37.79,-10.55,-0.28,2024-08-07 08:00:00+00:00,2024-08-07 10:45,-0.28,-0.28,NORMAL,1.0,,2024-08,,,False,True,,2024-08-07 10:45:00+00:00,False,False,1.0,2480.21,True,2024-08-07 08:00:00+00:00|LONG|TBX0|2518.0|37.79,0.0,True,0.2175178618682138,market_like,0.8428155596718685,-0.4008997089177055,0.8428155596718685,-5.110082032283676,False,False,False,,0.0,0.0,15.487142857142803,,,False,False,False,False,,not_applicable,0.1971460202159876,0.5223454612889963,0.40722260590701836,1.0827463162798883
ETHUSDT,1H,LONG,TBX0 (a),2497.91,2658.22,45.0,160.31,8.02,2024-08-08 14:00:00+00:00,2024-08-09 04:45,8.02,8.02,NORMAL,1.0,,2024-08,,,False,,,2024-08-09 04:45:00+00:00,False,False,1.0,2452.91,True,2024-08-08 14:00:00+00:00|LONG|TBX0 (a)|2497.91|45.0,3.0,False,1.4455555555555495,limit_retest,5.019111111111114,-1.5422222222222142,5.019111111111114,-1.5422222222222142,True,True,False,0.0,0.5422222222222142,1.0643402399127466,22.924999999999923,5.019111111111114,,True,True,True,True,8.75,winner_survived_stop_touch,0.4321185415586152,0.6756383432490256,0.6360653867547656,1.0796369927068623
ETHUSDT,15M,LONG,TBX0 (a),2647.9587980734286,2592.57,55.39,-21.23,-0.38,2024-08-09 14:00:00+00:00,2024-08-09 14:30,-0.38,-0.38,NORMAL,1.0,,2024-08,,,False,,,2024-08-09 14:30:00+00:00,False,False,1.0,2592.5687980734288,True,2024-08-09 14:00:00+00:00|LONG|TBX0 (a)|2647.9588|55.39,0.0,True,0.600989313475872,market_like,0.27642538231759084,-1.6602057785417697,0.27642538231759084,-1.7463224060918687,True,True,False,2.0,0.6602057785417697,1.6961409124966862,21.56000000000004,-0.06370821580481655,,True,False,False,False,9.75,hopeless,0.1971460202159876,0.5223454612889963,0.40722260590701836,1.0827463162798883
ETHUSDT,15M,LONG,TBX7B,2695.261093902498,2633.1970767569296,77.34,-19.16,-0.25,2024-08-12 14:30:00+00:00,2024-08-12 18:45,-0.25,-0.25,NORMAL,1.0,,2024-08,,,False,,,2024-08-12 18:45:00+00:00,False,False,1.0,2617.921093902498,True,2024-08-12 14:30:00+00:00|LONG|TBX7B|2695.2611|77.34,0.0,True,0.30878062971939385,market_like,0.34521471550946475,-0.8921786126518982,0.7073817700737234,-0.8921786126518982,False,False,False,,0.0,0.0,32.48000000000002,,,False,False,False,False,,not_applicable,0.1971460202159876,0.5223454612889963,0.40722260590701836,1.0827463162798883
ETHUSDT,15M,LONG,TBX7B,2658.1158764594643,2634.31523458623,31.07,-7.76,-0.25,2024-08-13 12:30:00+00:00,2024-08-13 14:30,-0.25,-0.25,YELLOW,0.5,День перед CPI,2024-08,,,False,,,2024-08-13 14:30:00+00:00,False,False,1.0,2627.045876459464,True,2024-08-13 12:30:00+00:00|LONG|TBX7B|2658.1159|31.07,0.0,True,0.42085215511632845,market_like,0.5015810602039115,-0.9049203881385351,2.4204738828624355,-0.9049203881385351,False,False,False,,0.0,0.0,13.775000000000091,,,False,False,False,False,,not_applicable,0.1971460202159876,0.5223454612889963,0.40722260590701836,1.0827463162798883
ETHUSDT,1H,LONG,TBX0,2614.18,2657.57,13.5,43.39,3.21,2024-08-19 20:00:00+00:00,2024-08-20 09:30,3.21,3.29,NORMAL,1.0,,2024-08,,,False,,True,2024-08-20 09:30:00+00:00,False,False,1.0,2600.68,True,2024-08-19 20:00:00+00:00|LONG|TBX0|2614.18|13.5,1.0,False,0.6555555555555488,limit_retest,5.983703703703719,-0.8340740740740565,5.983703703703719,-0.8340740740740565,False,False,False,,0.0,0.0,13.792857142857136,,,False,False,False,False,,clean_winner,0.4321185415586152,0.6756383432490256,0.6360653867547656,1.0796369927068623
ETHUSDT,1H,LONG,TBX7B,2637.42,2651.94,11.89,14.52,1.22,2024-08-23 00:00:00+00:00,2024-08-23 11:45,1.22,1.22,NORMAL,1.0,,2024-08,,,False,,,2024-08-23 11:45:00+00:00,False,False,1.0,2625.53,True,2024-08-23 00:00:00+00:00|LONG|TBX7B|2637.42|11.89,1.0,False,1.296888141295212,limit_retest,4.3263246425567745,-1.4768713204373376,4.3263246425567745,-1.4768713204373376,True,True,False,0.0,0.4768713204373376,0.8992862807295756,6.304999999999966,4.3263246425567745,,True,True,True,False,6.75,winner_survived_stop_touch,0.4321185415586152,0.6756383432490256,0.6360653867547656,1.0796369927068623
ETHUSDT,15M,SHORT,TBX0,2650.38,2675.4228844717986,29.46,-24.16,-0.82,2024-08-23 13:30:00+00:00,2024-08-23 14:00,-0.82,-0.82,NORMAL,1.0,,2024-08,,,False,,,2024-08-23 14:00:00+00:00,False,False,-1.0,2679.84,True,2024-08-23 13:30:00+00:00|SHORT|TBX0|2650.38|29.46,0.0,True,0.24236252545824413,market_like,0.14867617107943343,-1.4127630685675454,0.6575016972165612,-5.040733197556008,True,True,False,2.0,0.4127630685675454,1.6468994872786942,7.383571428571421,0.6575016972165612,,True,False,False,False,0.75,hopeless,0.1971460202159876,0.5223454612889963,0.40722260590701836,1.0827463162798883
ETHUSDT,15M,SHORT,TBX0,2651.1895436887553,2677.61,37.91,-7.96,-0.21,2024-08-23 14:45:00+00:00,2024-08-23 16:00,-0.21,-0.21,NORMAL,1.0,,2024-08,,,False,,,2024-08-23 16:00:00+00:00,False,False,-1.0,2689.099543688755,True,2024-08-23 14:45:00+00:00|SHORT|TBX0|2651.1895|37.91,0.0,True,0.47033648934963573,limit_retest,0.532301337081379,-0.7259418705155565,0.532301337081379,-3.8958178926733007,False,False,False,,0.0,0.0,14.432857142857172,,,False,False,False,False,,not_applicable,0.1971460202159876,0.5223454612889963,0.40722260590701836,1.0827463162798883
ETHUSDT,1H,SHORT,TBX7A,2744.47,2743.3137403283386,16.69,-15.86,-0.95,2024-08-25 23:00:00+00:00,2024-08-26 10:00,-0.95,-0.95,NORMAL,1.0,,2024-08,,,False,,,2024-08-26 10:00:00+00:00,False,False,-1.0,2761.16,True,2024-08-25 23:00:00+00:00|SHORT|TBX7A|2744.47|16.69,3.0,False,1.5002995805872028,limit_retest,2.34272019173157,-2.0754943079688633,2.34272019173157,-2.0754943079688633,True,True,False,0.0,1.0754943079688633,2.013137867499816,8.916428571428664,2.34272019173157,,True,True,True,False,10.5,hopeless,0.4321185415586152,0.6756383432490256,0.6360653867547656,1.0796369927068623
ETHUSDT,15M,SHORT,TBX7A,2728.5896931707075,2690.43,14.14,-2.41,-0.17,2024-08-26 12:30:00+00:00,2024-08-27 01:15,-0.17,-0.17,NORMAL,1.0,,2024-08,,,False,,,2024-08-27 01:15:00+00:00,False,False,-1.0,2742.7296931707074,True,2024-08-26 12:30:00+00:00|SHORT|TBX7A|2728.5897|14.14,0.0,True,0.35575012937004136,limit_retest,4.497149446301804,-0.5431617276727352,4.497149446301804,-0.5431617276727352,False,False,False,,0.0,0.0,10.627142857142806,,,False,False,False,False,,not_applicable,0.1971460202159876,0.5223454612889963,0.40722260590701836,1.0827463162798883
ETHUSDT,15M,SHORT,TBX7A,2675.909596750297,2684.5,13.0,-8.59,-0.66,2024-08-27 02:30:00+00:00,2024-08-27 03:45,-0.66,-0.66,NORMAL,1.0,,2024-08,,,False,,,2024-08-27 03:45:00+00:00,False,False,-1.0,2688.909596750297,True,2024-08-27 02:30:00+00:00|SHORT|TBX7A|2675.9096|13.0,0.0,True,0.5554156345925338,limit_retest,0.826892057715178,-0.7469540961309786,9.223815134638244,-1.7846464038233045,False,False,False,,0.0,0.0,9.716428571428521,,,False,False,False,False,,not_applicable,0.1971460202159876,0.5223454612889963,0.40722260590701836,1.0827463162798883
ETHUSDT,15M,SHORT,TBX7A,2678.775186706536,2476.76,17.29,179.6,10.39,2024-08-27 06:30:00+00:00,2024-08-28 03:00,10.39,10.39,NORMAL,1.0,,2024-08,,,False,,,2024-08-28 03:00:00+00:00,False,False,-1.0,2696.0651867065358,True,2024-08-27 06:30:00+00:00|SHORT|TBX7A|2678.7752|17.29,0.0,True,0.4716491205011007,limit_retest,16.817535379209705,-0.7631470962096006,7.100936188926305,-0.7631470962096006,False,False,False,,0.0,0.0,7.672857142857181,,,False,False,False,False,,clean_winner,0.1971460202159876,0.5223454612889963,0.40722260590701836,1.0827463162798883
ETHUSDT,1H,LONG,TBX0,2476.76,2456.071,20.69,-19.66,-0.95,2024-08-28 03:00:00+00:00,2024-08-28 07:00,-0.95,-0.95,NORMAL,1.0,,2024-08,,,False,,,2024-08-28 07:00:00+00:00,False,False,1.0,2456.07,True,2024-08-28 03:00:00+00:00|LONG|TBX0|2476.76|20.69,3.0,False,0.8786853552440933,limit_retest,0.37844369260511973,-1.0130497825036267,3.5060415659738986,-2.3736104398260087,True,False,True,16.0,0.01304978250362665,0.01770408880146356,15.250714285714334,3.5060415659738986,,True,True,True,False,2.75,stop_hunt,0.4321185415586152,0.6756383432490256,0.6360653867547656,1.0796369927068623
ETHUSDT,1H,SHORT,TBX7B,2435.92,2458.1801403262407,22.26,-21.59,-0.97,2024-08-28 07:00:00+00:00,2024-08-28 08:15,-0.97,-0.97,NORMAL,1.0,,2024-08,,,False,,,2024-08-28 08:15:00+00:00,False,False,-1.0,2458.1800000000003,True,2024-08-28 07:00:00+00:00|SHORT|TBX7B|2435.92|22.26,3.0,False,1.1316262353998228,limit_retest,0.37151841868822916,-1.3063791554357558,0.37151841868822916,-5.093441150044928,True,True,False,0.0,0.3063791554357558,0.7818539141827573,8.7228571428572,0.37151841868822916,,True,False,False,False,1.0,hopeless,0.4321185415586152,0.6756383432490256,0.6360653867547656,1.0796369927068623
ETHUSDT,15M,SHORT,TBX0,2469.2157966728805,2470.09,18.48,-8.97,-0.49,2024-09-01 10:30:00+00:00,2024-09-01 15:30,-0.49,-0.49,NORMAL,1.0,,2024-09,,,False,,,2024-09-01 15:30:00+00:00,False,False,-1.0,2487.6957966728805,True,2024-09-01 10:30:00+00:00|SHORT|TBX0|2469.2158|18.48,0.0,True,0.19178589432465926,market_like,1.7681708156320644,-0.5808551583939017,2.205941378402635,-2.4650542925930448,False,False,False,,0.0,0.0,6.235714285714072,,,False,False,False,False,,not_applicable,0.1971460202159876,0.5223454612889963,0.40722260590701836,1.0827463162798883
ETHUSDT,1H,LONG,TBX0,2492.63,2478.1898983611136,27.41,-12.25,-0.45,2024-09-01 18:00:00+00:00,2024-09-01 21:15,-0.45,-0.45,NORMAL,1.0,,2024-09,,,False,,,2024-09-01 21:15:00+00:00,False,False,1.0,2465.2200000000003,True,2024-09-01 18:00:00+00:00|LONG|TBX0|2492.63|27.41,1.0,False,0.8350966800437916,limit_retest,0.8077344035023667,-0.920466982852974,0.8077344035023667,-3.480481576067132,False,False,False,,0.0,0.0,12.229999999999952,,,False,False,False,False,,not_applicable,0.4321185415586152,0.6756383432490256,0.6360653867547656,1.0796369927068623
ETHUSDT,15M,SHORT,TBX7B,2449.7021853562483,2399.7903474774525,16.3,99.76,6.12,2024-09-04 23:30:00+00:00,2024-09-05 13:30,6.12,6.12,NORMAL,1.0,,2024-09,,,False,,,2024-09-05 13:30:00+00:00,False,False,-1.0,2466.0021853562484,True,2024-09-04 23:30:00+00:00|SHORT|TBX7B|2449.7022|16.3,0.0,True,0.4102953769172765,limit_retest,4.5608702672544865,-0.9526266652608437,4.5608702672544865,-0.9526266652608437,False,False,False,,0.0,0.0,7.18357142857144,,,False,False,False,False,,clean_winner,0.1971460202159876,0.5223454612889963,0.40722260590701836,1.0827463162798883
ETHUSDT,15M,SHORT,TBX7B,2386.236369304085,2402.79,16.55,-16.55,-1.0,2024-09-05 13:45:00+00:00,2024-09-05 13:45,-1.0,-1.0,NORMAL,1.0,,2024-09,,,False,,,2024-09-05 13:45:00+00:00,False,False,-1.0,2402.7863693040854,True,2024-09-05 13:45:00+00:00|SHORT|TBX7B|2386.2364|16.55,0.0,True,0.8552042716564756,limit_retest,0.11398001837373367,-1.2938749665205371,2.4281794141441098,-1.6697057822304948,True,False,True,0.0,0.29387496652053713,0.43248748566316336,11.245714285714289,2.4281794141441098,,True,True,True,False,6.0,ambiguous_stop,0.1971460202159876,0.5223454612889963,0.40722260590701836,1.0827463162798883
ETHUSDT,15M,SHORT,TBX7B,2388.066000435598,2403.68,15.61,-21.5,-1.38,2024-09-05 14:00:00+00:00,2024-09-05 14:15,-1.38,-1.38,NORMAL,1.0,,2024-09,,,False,,,2024-09-05 14:15:00+00:00,False,False,-1.0,2403.6760004355983,True,2024-09-05 14:00:00+00:00|SHORT|TBX7B|2388.066|15.61,0.0,True,0.8458680054069048,limit_retest,0.10480464033301486,-1.6530428932992758,2.6916079715309427,-1.6530428932992758,True,False,True,0.0,0.6530428932992758,0.8113934498926799,12.563571428571452,2.6916079715309427,,True,True,True,False,5.75,hopeless,0.1971460202159876,0.5223454612889963,0.40722260590701836,1.0827463162798883
ETHUSDT,15M,SHORT,TBX7B,2369.237559549875,2379.651009103682,21.9,-9.02,-0.41,2024-09-05 19:15:00+00:00,2024-09-06 01:15,-0.41,-0.41,NORMAL,1.0,,2024-09,,,False,,,2024-09-06 01:15:00+00:00,False,False,-1.0,2391.1375595498753,True,2024-09-05 19:15:00+00:00|SHORT|TBX7B|2369.2376|21.9,0.0,True,0.6001114360787636,limit_retest,1.0587926735102742,-0.6119835821974743,1.0587926735102742,-1.7585589246632336,False,False,False,,0.0,0.0,10.323571428571475,,,False,False,False,False,,not_applicable,0.1971460202159876,0.5223454612889963,0.40722260590701836,1.0827463162798883
ETHUSDT,1H,LONG,TBX0,2366.45,2357.752058039094,13.27,-8.7,-0.66,2024-09-06 10:00:00+00:00,2024-09-06 12:30,-0.66,-0.66,NORMAL,1.0,,2024-09,,,False,,,2024-09-06 12:30:00+00:00,False,False,1.0,2353.18,True,2024-09-06 10:00:00+00:00|LONG|TBX0|2366.45|13.27,1.0,False,0.6963074604370597,limit_retest,3.2321024868123835,-0.938206480783709,3.2321024868123835,-16.311228334589288,False,False,False,,0.0,0.0,12.611428571428503,,,False,False,False,False,,not_applicable,0.4321185415586152,0.6756383432490256,0.6360653867547656,1.0796369927068623
ETHUSDT,1H,SHORT,TBX7B,2326.56,2228.31,38.51,111.66,2.9,2024-09-06 14:00:00+00:00,2024-09-07 00:00,2.9,2.25,NORMAL,1.0,,2024-09,,,False,,True,2024-09-07 00:00:00+00:00,False,False,-1.0,2365.07,True,2024-09-06 14:00:00+00:00|SHORT|TBX7B|2326.56|38.51,0.0,True,0.9226175019475513,limit_retest,4.584783173201765,-1.0262269540379119,4.584783173201765,-1.0262269540379119,True,False,True,0.0,0.026226954037911865,0.05595346444541104,18.050714285714257,4.584783173201765,4.584783173201765,True,True,True,False,7.0,winner_survived_stop_touch,0.4321185415586152,0.6756383432490256,0.6360653867547656,1.0796369927068623
ETHUSDT,1H,LONG,TBX7A,2306.6,2297.6,9.0,-8.73,-0.97,2024-09-09 00:00:00+00:00,2024-09-09 01:30,-0.97,-0.97,NORMAL,1.0,,2024-09,,,False,,,2024-09-09 01:30:00+00:00,False,False,1.0,2297.6,True,2024-09-09 00:00:00+00:00|LONG|TBX7A|2306.6|9.0,0.0,True,1.1888888888888687,market_like,1.488888888888899,-2.223333333333307,3.571111111111097,-2.839999999999994,True,True,False,0.0,1.223333333333307,0.6851580210694618,16.0692857142857,3.571111111111097,0.5755555555555879,True,True,True,False,9.0,hopeless,0.4321185415586152,0.6756383432490256,0.6360653867547656,1.0796369927068623
ETHUSDT,15M,LONG,TBX7A,2319.06849761827,2301.87,17.2,-17.2,-1.0,2024-09-09 13:45:00+00:00,2024-09-09 14:00,-1.0,-1.0,NORMAL,1.0,,2024-09,,,False,,,2024-09-09 14:00:00+00:00,False,False,1.0,2301.8684976182703,True,2024-09-09 13:45:00+00:00|LONG|TBX7A|2319.0685|17.2,0.0,True,0.45398241966685693,market_like,0.31404083614707223,-1.1063080010622206,3.6884594407982596,-2.7818893964110676,True,False,True,1.0,0.1063080010622206,0.2064432794821202,8.857142857142792,3.6884594407982596,,True,True,True,False,7.25,stop_hunt,0.1971460202159876,0.5223454612889963,0.40722260590701836,1.0827463162798883
ETHUSDT,15M,LONG,TBX7A,2308.943069531398,2339.56,33.54,8.66,0.26,2024-09-09 16:00:00+00:00,2024-09-10 10:00,0.26,0.26,NORMAL,1.0,,2024-09,,,False,,,2024-09-10 10:00:00+00:00,False,False,1.0,2275.403069531398,True,2024-09-09 16:00:00+00:00|LONG|TBX7A|2308.9431|33.54,0.0,True,0.516788000339833,market_like,2.1934087796243915,-0.5647903855515243,2.1934087796243915,-0.5647903855515243,False,False,False,,0.0,0.0,16.803571428571395,,,False,False,False,False,,clean_winner,0.1971460202159876,0.5223454612889963,0.40722260590701836,1.0827463162798883
ETHUSDT,15M,SHORT,TBX7B,2309.8792903954554,2328.212803361346,29.05,-7.56,-0.26,2024-09-11 13:30:00+00:00,2024-09-11 15:30,-0.26,-0.26,GREEN,1.2,CPI после 12:00 UTC,2024-09,,,False,,,2024-09-11 15:30:00+00:00,False,False,-1.0,2338.9292903954556,True,2024-09-11 13:30:00+00:00|SHORT|TBX7B|2309.8793|29.05,0.0,True,0.7549297626349232,limit_retest,1.1731253148177365,-0.8162034287278732,1.1731253148177365,-2.0007128951650457,False,False,False,,0.0,0.0,14.016428571428508,,,False,False,False,False,,not_applicable,0.1971460202159876,0.5223454612889963,0.40722260590701836,1.0827463162798883
ETHUSDT,1H,SHORT,TBX7B,2409.3,2288.79,10.0,120.51,22.37,2024-09-15 13:00:00+00:00,2024-09-16 05:00,22.37,42.16,NORMAL,1.0,,2024-09,,,False,,True,2024-09-16 05:00:00+00:00,False,False,-1.0,2419.3,True,2024-09-15 13:00:00+00:00|SHORT|TBX7B|2409.3|10.0,0.0,True,0.050999999999976356,market_like,15.824000000000023,-0.8939999999999599,12.730000000000018,-0.8939999999999599,False,False,False,,0.0,0.0,4.800714285714256,,,False,False,False,False,,clean_winner,0.4321185415586152,0.6756383432490256,0.6360653867547656,1.0796369927068623
ETHUSDT,1H,LONG,TBX0,2308.09,2340.516902239453,17.64,25.94,1.47,2024-09-17 07:00:00+00:00,2024-09-17 18:45,1.47,1.47,YELLOW,0.8,День перед FOMC,2024-09,,,False,,,2024-09-17 18:45:00+00:00,False,False,1.0,2290.4500000000003,True,2024-09-17 07:00:00+00:00|LONG|TBX0|2308.09|17.64,2.0,False,0.5589569160997805,limit_retest,4.79195011337867,-0.7874149659864131,4.79195011337867,-0.7874149659864131,False,False,False,,0.0,0.0,5.380000000000044,,,False,False,False,False,,clean_winner,0.4321185415586152,0.6756383432490256,0.6360653867547656,1.0796369927068623
ETHUSDT,15M,LONG,TBX0,2341.0466170478635,2324.6,26.94,-7.39,-0.27,2024-09-18 03:00:00+00:00,2024-09-18 04:30,-0.27,-0.27,NORMAL,1.0,,2024-09,,,False,,,2024-09-18 04:30:00+00:00,False,False,1.0,2314.1066170478634,True,2024-09-18 03:00:00+00:00|LONG|TBX0|2341.0466|26.94,0.0,True,0.3900006328085942,market_like,0.10591621945570151,-0.6984638844789708,0.10591621945570151,-2.442339162875408,False,False,False,,0.0,0.0,9.547142857142846,,,False,False,False,False,,not_applicable,0.1971460202159876,0.5223454612889963,0.40722260590701836,1.0827463162798883
ETHUSDT,15M,SHORT,TBX0 (a) or TBX1,2294.31,2341.44,64.69,-56.56,-0.88,2024-09-18 20:00:00+00:00,2024-09-18 22:15,-0.88,-0.88,GREEN,1.2,FOMC после решения 18+ UTC,2024-09,,,False,,,2024-09-18 22:15:00+00:00,False,False,-1.0,2359.0,True,2024-09-18 20:00:00+00:00|SHORT|TBX0 (a) or TBX1|2294.31|64.69,0.0,True,0.30097387540578535,market_like,0.09445045602102531,-0.7367444736435285,0.09445045602102531,-2.2867522028134153,False,False,False,,0.0,0.0,20.132142857142885,,,False,False,False,False,,not_applicable,0.1971460202159876,0.5223454612889963,0.40722260590701836,1.0827463162798883
ETHUSDT,15M,LONG,TBX7B,2443.5594952141,2454.2,18.44,6.38,0.35,2024-09-19 16:00:00+00:00,2024-09-20 00:15,0.35,0.35,GREEN,1.2,FOMC+1 (день после решения),2024-09,,,False,,,2024-09-20 00:15:00+00:00,False,False,1.0,2425.1194952141,True,2024-09-19 16:00:00+00:00|LONG|TBX7B|2443.5595|18.44,0.0,True,0.24726112874728984,market_like,2.772261647825369,-0.6263283738665838,4.2375544894739585,-0.6263283738665838,False,False,False,,0.0,0.0,11.917142857142835,,,False,False,False,False,,clean_winner,0.1971460202159876,0.5223454612889963,0.40722260590701836,1.0827463162798883
ETHUSDT,15M,LONG,TBX7B,2547.9378952794605,2549.52,32.1,0.71,0.02,2024-09-20 14:15:00+00:00,2024-09-21 01:30,0.02,0.02,NORMAL,1.0,,2024-09,,,False,,,2024-09-21 01:30:00+00:00,False,False,1.0,2515.8378952794606,True,2024-09-20 14:15:00+00:00|LONG|TBX7B|2547.9379|32.1,0.0,True,0.9214297594847456,market_like,1.2140842592068346,-0.9762584199208895,1.2140842592068346,-0.9762584199208895,False,False,False,,0.0,0.0,13.288571428571393,,,False,False,False,False,,clean_winner,0.1971460202159876,0.5223454612889963,0.40722260590701836,1.0827463162798883
ETHUSDT,15M,LONG,TBX7A,2659.483588096925,2662.27,24.1,-3.23,-0.13,2024-09-23 14:00:00+00:00,2024-09-23 16:45,-0.13,-0.13,NORMAL,1.0,,2024-09,,,False,,,2024-09-23 16:45:00+00:00,False,False,1.0,2635.383588096925,True,2024-09-23 14:00:00+00:00|LONG|TBX7A|2659.4836|24.1,0.0,True,0.7258750247686773,market_like,1.7641664690072654,-0.8283646513246855,1.7641664690072654,-1.825045149249996,False,False,False,,0.0,0.0,11.26999999999995,,,False,False,False,False,,not_applicable,0.1971460202159876,0.5223454612889963,0.40722260590701836,1.0827463162798883
ETHUSDT,15M,LONG,TBX7A,2665.080450694557,2637.6,29.16,-13.85,-0.47,2024-09-25 01:30:00+00:00,2024-09-25 04:00,-0.47,-0.47,NORMAL,1.0,,2024-09,,,False,,,2024-09-25 04:00:00+00:00,False,False,1.0,2635.920450694557,True,2024-09-25 01:30:00+00:00|LONG|TBX7A|2665.0805|29.16,0.0,True,0.5343090087296615,market_like,0.27364709552273714,-0.9516615464525721,0.27364709552273714,-1.9218261555060687,False,False,False,,0.0,0.0,12.061428571428548,,,False,False,False,False,,not_applicable,0.1971460202159876,0.5223454612889963,0.40722260590701836,1.0827463162798883
ETHUSDT,15M,SHORT,TBX7B,2602.0270309944153,2597.67,27.03,-6.34,-0.23,2024-09-25 15:45:00+00:00,2024-09-26 02:30,-0.23,-0.23,NORMAL,1.0,,2024-09,,,False,,,2024-09-26 02:30:00+00:00,False,False,-1.0,2629.0570309944155,True,2024-09-25 15:45:00+00:00|SHORT|TBX7B|2602.027|27.03,0.0,True,0.35157118037679885,limit_retest,1.8345183497748898,-0.38116792473490935,1.8345183497748898,-0.38116792473490935,False,False,False,,0.0,0.0,10.702857142857088,,,False,False,False,False,,not_applicable,0.1971460202159876,0.5223454612889963,0.40722260590701836,1.0827463162798883
ETHUSDT,1H,LONG,TBX0 (a),2629.11,2619.63,9.48,-9.2,-0.97,2024-09-26 12:00:00+00:00,2024-09-26 13:30,-0.97,-0.97,NORMAL,1.0,,2024-09,,,False,,,2024-09-26 13:30:00+00:00,False,False,1.0,2619.63,True,2024-09-26 12:00:00+00:00|LONG|TBX0 (a)|2629.11|9.48,0.0,True,0.12658227848104142,market_like,1.0833333333333313,-1.7837552742616358,3.909282700421935,-2.3744725738396855,True,True,False,6.0,0.7837552742616358,0.9372015496892058,7.9278571428570945,3.909282700421935,,True,True,True,False,3.5,hopeless,0.4321185415586152,0.6756383432490256,0.6360653867547656,1.0796369927068623
ETHUSDT,15M,LONG,TBX0 (a),2637.232405815833,2631.3508942375033,24.39,-12.54,-0.51,2024-09-26 15:15:00+00:00,2024-09-26 17:30,-0.51,-0.51,NORMAL,1.0,,2024-09,,,False,,,2024-09-26 17:30:00+00:00,False,False,1.0,2612.842405815833,True,2024-09-26 15:15:00+00:00|LONG|TBX0 (a)|2637.2324|24.39,0.0,True,0.48718351028425394,market_like,1.1864532260831164,-0.538024018689329,1.1864532260831164,-0.9435180736298918,False,False,False,,0.0,0.0,15.154285714285704,,,False,False,False,False,,not_applicable,0.1971460202159876,0.5223454612889963,0.40722260590701836,1.0827463162798883
ETHUSDT,15M,LONG,TBX0 (a),2657.3762053688833,2627.73,29.65,-9.73,-0.33,2024-09-26 18:45:00+00:00,2024-09-26 20:45,-0.33,-0.33,NORMAL,1.0,,2024-09,,,False,,,2024-09-26 20:45:00+00:00,False,False,1.0,2627.7262053688833,True,2024-09-26 18:45:00+00:00|LONG|TBX0 (a)|2657.3762|29.65,0.0,True,0.6359597088999449,market_like,0.05543995383192696,-1.0076291861343456,0.3579694647931344,-1.4555212603333407,True,False,True,8.0,0.0076291861343456,0.015807503066621025,14.310000000000011,0.656114490088249,-0.3226376178375515,True,False,False,False,11.5,ambiguous_stop,0.1971460202159876,0.5223454612889963,0.40722260590701836,1.0827463162798883
ETHUSDT,15M,LONG,TBX0 (a),2648.2213831686013,2642.2730483832465,34.11,-10.08,-0.3,2024-09-27 04:00:00+00:00,2024-09-27 10:15,-0.3,-0.3,NORMAL,1.0,,2024-09,,,False,,,2024-09-27 10:15:00+00:00,False,False,1.0,2614.111383168601,True,2024-09-27 04:00:00+00:00|LONG|TBX0 (a)|2648.2214|34.11,0.0,True,0.3072818284550424,market_like,0.8387164125300103,-0.3788151031545323,1.4828090539841368,-0.3788151031545323,False,False,False,,0.0,0.0,8.617857142857085,,,False,False,False,False,,not_applicable,0.1971460202159876,0.5223454612889963,0.40722260590701836,1.0827463162798883
ETHUSDT,1H,LONG,TBX7A,2661.76,2686.69,9.0,33.4,11.13,2024-09-27 13:00:00+00:00,2024-09-28 03:30,11.13,7.13,NORMAL,1.0,,2024-09,,,False,,True,2024-09-28 03:30:00+00:00,False,False,1.0,2652.76,True,2024-09-27 13:00:00+00:00|LONG|TBX7A|2661.76|9.0,3.0,False,0.4533333333333758,limit_retest,7.322222222222182,-2.3333333333333335,7.322222222222182,-2.3333333333333335,True,True,False,0.0,1.3333333333333335,1.3432477812425074,8.933571428571408,7.322222222222182,,True,True,True,True,3.5,winner_survived_stop_touch,0.4321185415586152,0.6756383432490256,0.6360653867547656,1.0796369927068623
ETHUSDT,15M,SHORT,TBX0,2640.8598894394563,2659.15,18.29,-10.82,-0.59,2024-09-27 13:30:00+00:00,2024-09-27 13:45,-0.59,-0.59,NORMAL,1.0,,2024-09,,,False,,,2024-09-27 13:45:00+00:00,False,False,-1.0,2659.1498894394563,True,2024-09-27 13:30:00+00:00|SHORT|TBX0|2640.8599|18.29,0.0,True,0.6637567282965385,limit_retest,0.005461423699075565,-1.2105035845021155,0.005461423699075565,-4.745768756727367,True,True,False,1.0,0.21050358450211548,0.4547502560331731,8.466428571428521,-0.8496506594064397,,False,False,False,False,0.25,hopeless,0.1971460202159876,0.5223454612889963,0.40722260590701836,1.0827463162798883
ETHUSDT,15M,SHORT,TBX0,2645.576970206228,2635.13,19.05,10.45,0.55,2024-09-30 00:15:00+00:00,2024-09-30 05:45,0.55,0.55,NORMAL,1.0,,2024-09,,,False,,,2024-09-30 05:45:00+00:00,False,False,-1.0,2664.626970206228,True,2024-09-30 00:15:00+00:00|SHORT|TBX0|2645.577|19.05,0.0,True,0.6316551072846263,limit_retest,2.339998436022467,-0.7203690180457839,2.879630981954236,-0.7203690180457839,False,False,False,,0.0,0.0,9.17857142857146,,,False,False,False,False,,clean_winner,0.1971460202159876,0.5223454612889963,0.40722260590701836,1.0827463162798883
ETHUSDT,1H,LONG,TBX0,2640.2,2626.5938065303744,26.08,-12.83,-0.49,2024-09-30 08:00:00+00:00,2024-09-30 09:15,-0.49,-0.49,NORMAL,1.0,,2024-09,,,False,,,2024-09-30 09:15:00+00:00,False,False,1.0,2614.12,True,2024-09-30 08:00:00+00:00|LONG|TBX0|2640.2|26.08,2.0,False,0.13420245398773006,limit_retest,0.08742331288344327,-0.6430214723926374,0.08742331288344327,-2.5835889570552015,False,False,False,,0.0,0.0,6.816428571428527,,,False,False,False,False,,not_applicable,0.4321185415586152,0.6756383432490256,0.6360653867547656,1.0796369927068623
ETHUSDT,1H,SHORT,TBX7B,2606.1,2622.9,25.57,-16.8,-0.7,2024-09-30 09:00:00+00:00,2024-09-30 11:15,-0.7,-0.7,NORMAL,1.0,,2024-09,,,False,,,2024-09-30 11:15:00+00:00,False,False,-1.0,2631.67,True,2024-09-30 09:00:00+00:00|SHORT|TBX7B|2606.1|25.57,3.0,False,1.333594055533825,limit_retest,0.6014861165428279,-1.3844348846304297,1.301525224872888,-1.3844348846304297,True,True,False,0.0,0.38443488463042974,1.1553055742108957,8.508571428571388,1.301525224872888,,True,True,False,False,9.5,hopeless,0.4321185415586152,0.6756383432490256,0.6360653867547656,1.0796369927068623
ETHUSDT,15M,SHORT,TBX7B,2587.949534055062,2611.27,26.11,-4.57,-0.18,2024-09-30 23:30:00+00:00,2024-10-01 00:15,-0.18,-0.18,NORMAL,1.0,,2024-09,,,False,,,2024-10-01 00:15:00+00:00,False,False,-1.0,2614.059534055062,True,2024-09-30 23:30:00+00:00|SHORT|TBX7B|2587.9495|26.11,0.0,True,0.48986847740090966,limit_retest,0.47527897568219335,-0.9578883931420148,0.47527897568219335,-2.707026654344622,False,False,False,,0.0,0.0,10.217142857142822,,,False,False,False,False,,not_applicable,0.1971460202159876,0.5223454612889963,0.40722260590701836,1.0827463162798883
ETHUSDT,1H,LONG,TBX0,2618.05,2634.2,37.64,16.15,0.43,2024-10-01 00:00:00+00:00,2024-10-01 09:00,0.43,0.43,NORMAL,1.0,,2024-10,,,False,,,2024-10-01 09:00:00+00:00,False,False,1.0,2580.4100000000003,True,2024-10-01 00:00:00+00:00|LONG|TBX0|2618.05|37.64,3.0,False,0.4399574920297662,limit_retest,1.0781083953241213,-0.7300743889479282,1.0781083953241213,-0.7300743889479282,False,False,False,,0.0,0.0,11.255714285714248,,,False,False,False,False,,clean_winner,0.4321185415586152,0.6756383432490256,0.6360653867547656,1.0796369927068623
ETHUSDT,1H,SHORT,TBX7B,2634.2,2487.75,10.0,146.45,20.89,2024-10-01 09:00:00+00:00,2024-10-02 02:30,20.89,41.69,NORMAL,1.0,,2024-10,,,False,,True,2024-10-02 02:30:00+00:00,False,False,-1.0,2644.2,True,2024-10-01 09:00:00+00:00|SHORT|TBX7B|2634.2|10.0,3.0,False,0.5800000000000182,limit_retest,22.17999999999997,-1.0300000000000182,22.17999999999997,-1.0300000000000182,True,False,True,0.0,0.030000000000018234,0.04369083532718827,6.866428571428481,22.17999999999997,,True,True,True,True,11.5,winner_survived_stop_touch,0.4321185415586152,0.6756383432490256,0.6360653867547656,1.0796369927068623
ETHUSDT,15M,SHORT,TBX7B,2471.6799475611606,2490.8208906212685,21.07,-6.66,-0.32,2024-10-02 05:45:00+00:00,2024-10-02 07:30,-0.32,-0.32,NORMAL,1.0,,2024-10,,,False,,,2024-10-02 07:30:00+00:00,False,False,-1.0,2492.7499475611608,True,2024-10-02 05:45:00+00:00|SHORT|TBX7B|2471.6799|21.07,0.0,True,0.335550661549094,market_like,0.269575109689634,-0.9705767650137409,2.5989533726227108,-0.9705767650137409,False,False,False,,0.0,0.0,8.439285714285754,,,False,False,False,False,,not_applicable,0.1971460202159876,0.5223454612889963,0.40722260590701836,1.0827463162798883
ETHUSDT,15M,SHORT,TBX7B,2380.0784637002166,2367.58,21.07,-12.5,-0.59,2024-10-03 05:45:00+00:00,2024-10-03 10:45,-0.59,-2.08,NORMAL,1.0,,2024-10,,,False,,True,2024-10-03 10:45:00+00:00,False,False,-1.0,2401.148463700217,True,2024-10-03 05:45:00+00:00|SHORT|TBX7B|2380.0785|21.07,0.0,True,0.4053885287035251,limit_retest,2.9462963312869777,-0.5919096487794763,3.416633303285072,-0.5919096487794763,False,False,False,,0.0,0.0,8.107142857142858,,,False,False,False,False,,not_applicable,0.1971460202159876,0.5223454612889963,0.40722260590701836,1.0827463162798883
ETHUSDT,15M,SHORT,TBX7B,2336.83,2343.92,40.31,-26.38,-0.97,2024-10-03 13:00:00+00:00,2024-10-03 15:45,-0.97,-0.97,NORMAL,1.0,,2024-10,,,False,True,,2024-10-03 15:45:00+00:00,False,False,-1.0,2377.14,True,2024-10-03 13:00:00+00:00|SHORT|TBX7B|2336.83|40.31,0.0,True,0.3592160754155301,limit_retest,0.7129744480277792,-0.6988340362193022,0.7129744480277792,-0.6988340362193022,False,False,False,,0.0,0.0,11.250714285714366,,,False,False,False,False,,ambiguous_stop,0.1971460202159876,0.5223454612889963,0.40722260590701836,1.0827463162798883
ETHUSDT,15M,LONG,TBX0,2370.85,2377.42,43.44,1.1,0.11,2024-10-04 01:15:00+00:00,2024-10-04 13:45,0.11,0.11,NORMAL,1.0,,2024-10,,,False,True,,2024-10-04 13:45:00+00:00,False,False,1.0,2327.41,True,2024-10-04 01:15:00+00:00|LONG|TBX0|2370.85|43.44,0.0,True,0.5966850828729299,market_like,0.6710405156537774,-0.5996777163904173,0.6710405156537774,-0.5996777163904173,False,False,False,,0.0,0.0,9.199999999999948,,,False,False,False,False,,clean_winner,0.1971460202159876,0.5223454612889963,0.40722260590701836,1.0827463162798883
ETHUSDT,15M,LONG,TBX0,2390.5759943932794,2400.83,33.13,5.12,0.15,2024-10-04 15:00:00+00:00,2024-10-05 02:45,0.15,0.15,NORMAL,1.0,,2024-10,,,False,,,2024-10-05 02:45:00+00:00,False,False,1.0,2357.4459943932793,True,2024-10-04 15:00:00+00:00|LONG|TBX0|2390.576|33.13,0.0,True,0.7427103650250412,market_like,1.4918202718599631,-0.7562932204430858,1.4918202718599631,-0.7562932204430858,False,False,False,,0.0,0.0,15.075714285714346,,,False,False,False,False,,clean_winner,0.1971460202159876,0.5223454612889963,0.40722260590701836,1.0827463162798883
ETHUSDT,15M,LONG,TBX7A,2439.347444990481,2485.81,19.76,13.93,0.7,2024-10-06 23:00:00+00:00,2024-10-07 05:15,0.7,0.7,NORMAL,1.0,,2024-10,,,False,,,2024-10-07 05:15:00+00:00,False,False,1.0,2419.587444990481,True,2024-10-06 23:00:00+00:00|LONG|TBX7A|2439.3474|19.76,0.0,True,0.44470875457900616,market_like,3.7020523790242352,-0.4543241391943936,3.7020523790242352,-0.4543241391943936,False,False,False,,0.0,0.0,7.448571428571378,,,False,False,False,False,,clean_winner,0.1971460202159876,0.5223454612889963,0.40722260590701836,1.0827463162798883
ETHUSDT,1H,SHORT,TBX0 (a) or TBX1,2472.88,2440.1942110527507,56.49,32.69,0.58,2024-10-07 14:00:00+00:00,2024-10-08 11:30,0.58,0.58,NORMAL,1.0,,2024-10,,,False,,,2024-10-08 11:30:00+00:00,False,False,-1.0,2529.37,True,2024-10-07 14:00:00+00:00|SHORT|TBX0 (a) or TBX1|2472.88|56.49,7.0,False,0.0313329792883693,limit_retest,1.2710214197203076,-0.8385554965480596,1.2710214197203076,-0.8385554965480596,False,False,False,,0.0,0.0,10.744285714285752,,,False,False,False,False,,clean_winner,0.4321185415586152,0.6756383432490256,0.6360653867547656,1.0796369927068623
ETHUSDT,15M,SHORT,TBX0 (a) or TBX1,2423.5260406818597,2438.45,14.92,-9.81,-0.66,2024-10-08 13:00:00+00:00,2024-10-08 13:30,-0.66,-0.66,NORMAL,1.0,,2024-10,,,False,,,2024-10-08 13:30:00+00:00,False,False,-1.0,2438.44604068186,True,2024-10-08 13:00:00+00:00|SHORT|TBX0 (a) or TBX1|2423.526|14.92,0.0,True,0.29517153606837104,market_like,0.3294933432881778,-1.3387372197144947,1.5761421368538553,-2.8890053162292473,True,True,False,2.0,0.33873721971449466,0.737573547940826,6.852142857142878,1.5761421368538553,,True,True,False,False,2.0,ambiguous_stop,0.1971460202159876,0.5223454612889963,0.40722260590701836,1.0827463162798883
ETHUSDT,15M,SHORT,TBX0 (a) or TBX1,2420.14,2438.087698287908,39.8,-14.77,-0.37,2024-10-08 14:15:00+00:00,2024-10-08 16:30,-0.37,-0.37,NORMAL,1.0,,2024-10,,,False,,,2024-10-08 16:30:00+00:00,False,False,-1.0,2459.94,True,2024-10-08 14:15:00+00:00|SHORT|TBX0 (a) or TBX1|2420.14|39.8,0.0,True,0.3414572864321645,market_like,0.5057788944723531,-0.7502512562814103,0.5057788944723531,-1.325628140703523,False,False,False,,0.0,0.0,10.55785714285714,,,False,False,False,False,,not_applicable,0.1971460202159876,0.5223454612889963,0.40722260590701836,1.0827463162798883
ETHUSDT,1H,LONG,TBX0 (a),2449.87,2438.75,11.12,-5.12,-0.46,2024-10-09 05:00:00+00:00,2024-10-09 07:00,-0.46,-0.46,YELLOW,0.5,День перед CPI,2024-10,,,False,,,2024-10-09 07:00:00+00:00,False,False,1.0,2438.75,True,2024-10-09 05:00:00+00:00|LONG|TBX0 (a)|2449.87|11.12,2.0,False,0.5278776978417168,limit_retest,0.16996402877700786,-1.607014388489199,1.9577338129496389,-2.4999999999999756,True,True,False,8.0,0.607014388489199,0.9403920788137952,7.177857142857159,1.9577338129496389,,True,True,False,False,8.25,ambiguous_stop,0.4321185415586152,0.6756383432490256,0.6360653867547656,1.0796369927068623
ETHUSDT,15M,LONG,TBX0 (a),2445.549699601762,2437.1515321819124,17.42,-1.28,-0.07,2024-10-09 15:00:00+00:00,2024-10-09 16:15,-0.07,-0.07,YELLOW,0.5,День перед CPI,2024-10,,,False,,,2024-10-09 16:15:00+00:00,False,False,1.0,2428.129699601762,True,2024-10-09 15:00:00+00:00|LONG|TBX0 (a)|2445.5497|17.42,0.0,True,0.532129713074722,market_like,1.4977210331939157,-0.8926348795500492,1.4977210331939157,-5.485057382420313,False,False,False,,0.0,0.0,10.377857142857076,,,False,False,False,False,,not_applicable,0.1971460202159876,0.5223454612889963,0.40722260590701836,1.0827463162798883
ETHUSDT,1H,SHORT,TBX7A,2414.24,2395.11163705138,12.57,9.56,0.71,2024-10-09 18:00:00+00:00,2024-10-10 01:30,0.71,0.71,YELLOW,0.5,День перед CPI,2024-10,,,False,,,2024-10-10 01:30:00+00:00,False,False,-1.0,2426.81,True,2024-10-09 18:00:00+00:00|SHORT|TBX7A|2414.24|12.57,3.0,False,1.5003977724741548,limit_retest,5.110580747812234,-1.7677008750994634,5.110580747812234,-1.7677008750994634,True,True,False,0.0,0.7677008750994634,0.8487780360620916,11.369285714285752,5.110580747812234,,True,True,True,True,3.0,winner_survived_stop_touch,0.4321185415586152,0.6756383432490256,0.6360653867547656,1.0796369927068623
ETHUSDT,1H,LONG,TBX0,2407.56,2394.879036687622,13.23,-12.02,-0.91,2024-10-10 06:00:00+00:00,2024-10-10 07:30,-0.91,-0.91,NORMAL,1.0,,2024-10,,,False,,,2024-10-10 07:30:00+00:00,False,False,1.0,2394.33,True,2024-10-10 06:00:00+00:00|LONG|TBX0|2407.56|13.23,3.0,False,0.22373393801965505,limit_retest,0.11035525321239882,-1.0967498110355074,1.053665910808772,-3.421768707482992,True,False,True,6.0,0.0967498110355074,0.2503492595696661,5.112857142857138,1.053665910808772,,True,True,False,False,8.5,stop_hunt,0.4321185415586152,0.6756383432490256,0.6360653867547656,1.0796369927068623
ETHUSDT,1H,LONG,TBX0 (a),2413.51,2444.21722566507,14.56,18.43,1.45,2024-10-11 09:00:00+00:00,2024-10-11 22:00,1.45,1.45,YELLOW,0.6,PPI день 09-16 UTC,2024-10,,,False,,,2024-10-11 22:00:00+00:00,False,False,1.0,2398.9500000000003,True,2024-10-11 09:00:00+00:00|LONG|TBX0 (a)|2413.51|14.56,1.0,False,0.7898351648351648,limit_retest,3.879807692307677,-0.8282967032967308,3.879807692307677,-0.8282967032967308,False,False,False,,0.0,0.0,5.55142857142846,,,False,False,False,False,,clean_winner,0.4321185415586152,0.6756383432490256,0.6360653867547656,1.0796369927068623
ETHUSDT,1H,SHORT,TBX0 (a),2445.18,2464.03,18.85,-18.28,-0.97,2024-10-13 17:00:00+00:00,2024-10-13 21:15,-0.97,-0.97,NORMAL,1.0,,2024-10,,,False,,,2024-10-13 21:15:00+00:00,False,False,-1.0,2464.0299999999997,True,2024-10-13 17:00:00+00:00|SHORT|TBX0 (a)|2445.18|18.85,2.0,False,0.48488063660479186,limit_retest,0.34005305039787026,-1.0397877984085073,0.34005305039787026,-5.45411140583554,True,False,True,17.0,0.039787798408507324,0.10016216731856382,7.4878571428571705,0.1687002652519807,,True,False,False,False,4.75,ambiguous_stop,0.4321185415586152,0.6756383432490256,0.6360653867547656,1.0796369927068623
ETHUSDT,15M,SHORT,TBX0 (a),2449.810383801228,2462.8708131989206,23.75,-3.35,-0.14,2024-10-14 00:45:00+00:00,2024-10-14 03:15,-0.14,-0.14,NORMAL,1.0,,2024-10,,,False,,,2024-10-14 03:15:00+00:00,False,False,-1.0,2473.560383801228,True,2024-10-14 00:45:00+00:00|SHORT|TBX0 (a)|2449.8104|23.75,0.0,True,0.22440489257986834,market_like,0.3288582653148631,-1.4041943662640781,0.3288582653148631,-4.866931208369351,True,True,False,10.0,0.4041943662640781,1.1911249382505238,8.059285714285677,-1.1060891031061864,,False,False,False,False,0.25,hopeless,0.1971460202159876,0.5223454612889963,0.40722260590701836,1.0827463162798883
ETHUSDT,1H,SHORT,TBX0,2594.7,2616.49,21.79,-21.14,-0.97,2024-10-15 05:00:00+00:00,2024-10-15 07:00,-0.97,-0.97,NORMAL,1.0,,2024-10,,,False,,,2024-10-15 07:00:00+00:00,False,False,-1.0,2616.49,True,2024-10-15 05:00:00+00:00|SHORT|TBX0|2594.7|21.79,2.0,False,0.8852684717760424,limit_retest,0.21569527306102884,-1.3446535107847721,2.6645250114731502,-4.316659017898137,True,True,False,8.0,0.34465351078477213,0.9863039399625101,7.614285714285643,2.6645250114731502,,True,True,True,False,8.0,stop_hunt,0.4321185415586152,0.6756383432490256,0.6360653867547656,1.0796369927068623
ETHUSDT,15M,SHORT,TBX0,2594.068397041953,2609.887818340516,26.48,-4.48,-0.17,2024-10-15 11:15:00+00:00,2024-10-15 13:00,-0.17,-0.17,NORMAL,1.0,,2024-10,,,False,,,2024-10-15 13:00:00+00:00,False,False,-1.0,2620.548397041953,True,2024-10-15 11:15:00+00:00|SHORT|TBX0|2594.0684|26.48,0.0,True,0.2319336464519207,market_like,0.5312838762066909,-0.6492297189594805,2.1687461118562426,-3.5759668790803265,False,False,False,,0.0,0.0,7.815714285714356,,,False,False,False,False,,not_applicable,0.1971460202159876,0.5223454612889963,0.40722260590701836,1.0827463162798883
ETHUSDT,15M,SHORT,TBX4,2637.133180434391,2624.771223062117,12.36,12.36,1.0,2024-10-16 01:15:00+00:00,2024-10-16 02:00,1.0,1.0,NORMAL,1.0,,2024-10,,,False,,,2024-10-16 02:00:00+00:00,False,False,-1.0,2649.493180434391,True,2024-10-16 01:15:00+00:00|SHORT|TBX4|2637.1332|12.36,,False,-3.556082559416749,unknown,3.556082559416749,0.6030081257597909,3.556082559416749,-0.8395485085444472,False,False,False,,0.0,0.0,10.110714285714266,,,False,False,False,False,,clean_winner,0.1971460202159876,0.5223454612889963,0.40722260590701836,1.0827463162798883
ETHUSDT,1H,LONG,TBX7A,2642.0,2624.9066666666668,17.09,-20.72,-1.21,2024-10-17 01:00:00+00:00,2024-10-17 02:30,-1.21,-1.21,GREEN,1.25,День Retail Sales,2024-10,,,False,,,2024-10-17 02:30:00+00:00,False,False,1.0,2624.91,True,2024-10-17 01:00:00+00:00|LONG|TBX7A|2642.0|17.09,3.0,False,1.5002925687536497,limit_retest,0.06319485078993138,-1.9297834991222949,0.34523112931539446,-2.777647747220585,True,True,False,0.0,0.9297834991222949,2.480321106031889,6.406428571428576,0.34523112931539446,,True,False,False,False,3.0,hopeless,0.4321185415586152,0.6756383432490256,0.6360653867547656,1.0796369927068623
ETHUSDT,1H,LONG,TBX7A,2626.86,2624.516965827771,9.0,-1.62,-0.18,2024-10-18 05:00:00+00:00,2024-10-18 09:30,-0.18,-0.18,NORMAL,1.0,,2024-10,,,False,,,2024-10-18 09:30:00+00:00,False,False,1.0,2617.86,True,2024-10-18 05:00:00+00:00|LONG|TBX7A|2626.86|9.0,3.0,False,1.34777777777779,limit_retest,2.551111111111115,-1.6855555555555637,4.126666666666653,-1.718888888888917,True,True,False,0.0,0.6855555555555637,0.6614595298261806,9.327857142857154,4.126666666666653,,True,True,True,False,10.75,hopeless,0.4321185415586152,0.6756383432490256,0.6360653867547656,1.0796369927068623
ETHUSDT,15M,LONG,TBX7A,2632.7617424218197,2630.074216491971,17.55,-2.69,-0.15,2024-10-18 14:30:00+00:00,2024-10-18 16:00,-0.15,-0.15,NORMAL,1.0,,2024-10,,,False,,,2024-10-18 16:00:00+00:00,False,False,1.0,2615.2117424218195,True,2024-10-18 14:30:00+00:00|LONG|TBX7A|2632.7617|17.55,0.0,True,0.21092549412078318,market_like,1.7799576967624107,-0.3226064058016969,2.413575930380638,-0.3226064058016969,False,False,False,,0.0,0.0,9.947857142857174,,,False,False,False,False,,not_applicable,0.1971460202159876,0.5223454612889963,0.40722260590701836,1.0827463162798883
ETHUSDT,15M,LONG,TBX7A,2655.277723829683,2643.7738157050926,18.1,-10.96,-0.61,2024-10-18 18:15:00+00:00,2024-10-18 20:15,-0.61,-0.61,NORMAL,1.0,,2024-10,,,False,,,2024-10-18 20:15:00+00:00,False,False,1.0,2637.177723829683,True,2024-10-18 18:15:00+00:00|LONG|TBX7A|2655.2777|18.1,0.0,True,0.24517811213717727,market_like,1.0962583519512064,-0.7330234160045765,1.0962583519512064,-1.2910344657283535,False,False,False,,0.0,0.0,11.724999999999909,,,False,False,False,False,,not_applicable,0.1971460202159876,0.5223454612889963,0.40722260590701836,1.0827463162798883
ETHUSDT,1H,SHORT,TBX0,2642.62,2651.9070166998335,10.4,-8.46,-0.81,2024-10-18 20:00:00+00:00,2024-10-19 03:00,-0.81,-0.81,NORMAL,1.0,,2024-10,,,False,,,2024-10-19 03:00:00+00:00,False,False,-1.0,2653.02,True,2024-10-18 20:00:00+00:00|SHORT|TBX0|2642.62|10.4,1.0,False,0.7596153846153934,limit_retest,1.0298076923076958,-1.6480769230769545,1.0298076923076958,-1.9269230769230734,True,True,False,28.0,0.6480769230769545,0.6593529452868799,10.222142857142769,1.208653846153818,,True,True,False,False,8.75,ambiguous_stop,0.4321185415586152,0.6756383432490256,0.6360653867547656,1.0796369927068623
ETHUSDT,1H,SHORT,TBX0,2716.45,2682.05,20.35,34.4,1.69,2024-10-21 08:00:00+00:00,2024-10-21 17:30,1.69,1.69,NORMAL,1.0,,2024-10,,,False,,,2024-10-21 17:30:00+00:00,False,False,-1.0,2736.7999999999997,True,2024-10-21 08:00:00+00:00|SHORT|TBX0|2716.45|20.35,3.0,False,0.3066339066339182,limit_retest,2.994103194103186,-0.6658476658476747,2.994103194103186,-0.6658476658476747,False,False,False,,0.0,0.0,7.954285714285691,,,False,False,False,False,,clean_winner,0.4321185415586152,0.6756383432490256,0.6360653867547656,1.0796369927068623
ETHUSDT,15M,SHORT,TBX0,2626.1127138208954,2511.77,13.08,174.75,13.36,2024-10-22 23:15:00+00:00,2024-10-23 19:45,13.36,13.36,NORMAL,1.0,,2024-10,,,False,,,2024-10-23 19:45:00+00:00,False,False,-1.0,2639.1927138208953,True,2024-10-22 23:15:00+00:00|SHORT|TBX0|2626.1127|13.08,0.0,True,0.5204347231731439,limit_retest,13.99867842667394,-0.5945937445798564,4.860299221780993,-0.5945937445798564,False,False,False,,0.0,0.0,5.612142857142804,,,False,False,False,False,,clean_winner,0.1971460202159876,0.5223454612889963,0.40722260590701836,1.0827463162798883
ETHUSDT,1H,LONG,TBX0,2514.87,2534.88,14.76,20.01,1.36,2024-10-23 20:00:00+00:00,2024-10-24 08:30,1.36,1.36,NORMAL,1.0,,2024-10,,,False,,,2024-10-24 08:30:00+00:00,False,False,1.0,2500.1099999999997,True,2024-10-23 20:00:00+00:00|LONG|TBX0|2514.87|14.76,1.0,False,0.21002710027099655,limit_retest,3.1815718157181596,-0.9424119241192314,3.1815718157181596,-0.9424119241192314,False,False,False,,0.0,0.0,17.19571428571427,,,False,False,False,False,,clean_winner,0.4321185415586152,0.6756383432490256,0.6360653867547656,1.0796369927068623
ETHUSDT,1H,LONG,TBX0 (a),2531.19,2508.26,22.93,-21.78,-0.95,2024-10-25 16:00:00+00:00,2024-10-25 17:30,-0.95,-0.95,NORMAL,1.0,,2024-10,,,False,,,2024-10-25 17:30:00+00:00,False,False,1.0,2508.26,True,2024-10-25 16:00:00+00:00|LONG|TBX0 (a)|2531.19|22.93,0.0,True,0.3017880505887515,market_like,0.20976886175315942,-1.2402965547317948,0.20976886175315942,-6.566070649803748,True,True,False,6.0,0.2402965547317948,0.3374896093100632,16.326428571428487,-0.6842564326210229,,False,False,False,False,0.25,hopeless,0.4321185415586152,0.6756383432490256,0.6360653867547656,1.0796369927068623
ETHUSDT,1H,SHORT,TBX7A,2485.8,2466.27,30.26,19.53,0.6,2024-10-25 17:00:00+00:00,2024-10-26 05:15,0.6,0.6,NORMAL,1.0,,2024-10,,,False,,,2024-10-26 05:15:00+00:00,False,False,-1.0,2516.0600000000004,True,2024-10-25 17:00:00+00:00|SHORT|TBX7A|2485.8|30.26,3.0,False,1.4999999999999958,limit_retest,3.4755452742894932,-1.6292134831460583,3.4755452742894932,-1.6292134831460583,True,True,False,0.0,0.6292134831460583,1.2089437162683003,15.749285714285634,3.4755452742894932,,True,True,True,False,6.5,winner_survived_stop_touch,0.4321185415586152,0.6756383432490256,0.6360653867547656,1.0796369927068623
ETHUSDT,15M,LONG,TBX0,2483.117085490533,2476.6953089338454,10.07,-6.11,-0.61,2024-10-27 03:45:00+00:00,2024-10-27 08:30,-0.61,-0.61,NORMAL,1.0,,2024-10,,,False,,,2024-10-27 08:30:00+00:00,False,False,1.0,2473.047085490533,True,2024-10-27 03:45:00+00:00|LONG|TBX0|2483.1171|10.07,0.0,True,0.7623719454352577,market_like,0.3021762174247025,-0.7623719454352577,1.9744701598278946,-2.0116271589407124,False,False,False,,0.0,0.0,5.239999999999976,,,False,False,False,False,,not_applicable,0.1971460202159876,0.5223454612889963,0.40722260590701836,1.0827463162798883
ETHUSDT,15M,LONG,TBX0,2475.212637937788,2489.9791203073805,8.68,19.51,2.25,2024-10-27 12:15:00+00:00,2024-10-27 18:45,2.25,0.21,NORMAL,1.0,,2024-10,,,False,,True,2024-10-27 18:45:00+00:00,False,False,1.0,2466.532637937788,True,2024-10-27 12:15:00+00:00|LONG|TBX0|2475.2126|8.68,0.0,True,0.3447739559663599,market_like,4.122967979517535,-0.46343755043637663,5.995087795185737,-0.46343755043637663,False,False,False,,0.0,0.0,4.935000000000043,,,False,False,False,False,,clean_winner,0.1971460202159876,0.5223454612889963,0.40722260590701836,1.0827463162798883
ETHUSDT,1H,LONG,TBX7B,2510.74,2500.65,14.52,-10.09,-0.74,2024-10-27 21:00:00+00:00,2024-10-28 00:30,-0.74,-0.74,NORMAL,1.0,,2024-10,,,False,,,2024-10-28 00:30:00+00:00,False,False,1.0,2496.22,True,2024-10-27 21:00:00+00:00|LONG|TBX7B|2510.74|14.52,2.0,False,1.3333333333333108,limit_retest,1.137052341597811,-1.428374655647368,1.137052341597811,-2.7775482093663864,True,True,False,0.0,0.428374655647368,1.299507536188588,4.786428571428554,1.137052341597811,,True,True,False,False,1.0,hopeless,0.4321185415586152,0.6756383432490256,0.6360653867547656,1.0796369927068623
ETHUSDT,1H,SHORT,TBX0,2476.76,2490.79,22.67,-14.03,-0.62,2024-10-28 03:00:00+00:00,2024-10-28 06:45,-0.62,-0.62,NORMAL,1.0,,2024-10,,,False,,,2024-10-28 06:45:00+00:00,False,False,-1.0,2499.4300000000003,True,2024-10-28 03:00:00+00:00|SHORT|TBX0|2476.76|22.67,2.0,False,0.5469783855315233,limit_retest,0.28010586678431243,-0.7816497573886104,0.28010586678431243,-3.0101455668283976,False,False,False,,0.0,0.0,6.214999999999983,,,False,False,False,False,,not_applicable,0.4321185415586152,0.6756383432490256,0.6360653867547656,1.0796369927068623
ETHUSDT,15M,LONG,TBX7B,2517.405379474292,2617.57,22.47,90.84,4.04,2024-10-28 19:00:00+00:00,2024-10-29 12:00,4.04,6.42,NORMAL,1.0,,2024-10,,,False,,True,2024-10-29 12:00:00+00:00,False,False,1.0,2494.9353794742924,True,2024-10-28 19:00:00+00:00|LONG|TBX7B|2517.4054|22.47,0.0,True,0.5743382053534581,market_like,5.396734335812544,-0.9081165765150069,5.090103272172141,-0.9081165765150069,False,False,False,,0.0,0.0,13.636428571428594,,,False,False,False,False,,clean_winner,0.1971460202159876,0.5223454612889963,0.40722260590701836,1.0827463162798883
ETHUSDT,1H,SHORT,TBX0,2659.91,2685.7,25.79,-23.73,-0.92,2024-10-30 11:00:00+00:00,2024-10-30 12:45,-0.92,-0.92,NORMAL,1.0,,2024-10,,,False,,,2024-10-30 12:45:00+00:00,False,False,-1.0,2685.7,True,2024-10-30 11:00:00+00:00|SHORT|TBX0|2659.91|25.79,3.0,False,0.9030632027917784,limit_retest,0.24117875145404422,-1.3070957735556432,1.0034897246994825,-2.5102753005040808,True,True,False,7.0,0.3070957735556432,0.6836847946725861,11.584285714285768,1.0034897246994825,,True,True,False,False,7.25,stop_hunt,0.4321185415586152,0.6756383432490256,0.6360653867547656,1.0796369927068623
ETHUSDT,15M,SHORT,TBX0,2645.5189918883007,2518.27,36.05,-22.67,-0.63,2024-10-30 21:30:00+00:00,2024-11-01 10:15,-0.63,-0.63,NORMAL,1.0,,2024-10,,,False,,,2024-11-01 10:15:00+00:00,False,False,-1.0,2681.568991888301,True,2024-10-30 21:30:00+00:00|SHORT|TBX0|2645.519|36.05,0.0,True,0.28990313763381803,market_like,4.94366135612484,-0.706824080768359,0.559472729217774,-0.706824080768359,False,False,False,,0.0,0.0,13.739285714285643,,,False,False,False,False,,not_applicable,0.1971460202159876,0.5223454612889963,0.40722260590701836,1.0827463162798883
ETHUSDT,1H,LONG,TBX0,2447.18,2439.85,7.33,-6.96,-0.95,2024-11-03 17:00:00+00:00,2024-11-03 18:30,-0.95,-0.95,NORMAL,1.0,,2024-11,,,False,,,2024-11-03 18:30:00+00:00,False,False,1.0,2439.85,True,2024-11-03 17:00:00+00:00|LONG|TBX0|2447.18|7.33,0.0,True,0.6589358799454198,market_like,0.8881309686221307,-4.118690313778997,5.97817189631653,-5.0245566166439195,True,True,False,6.0,3.1186903137789974,1.6239914751103768,14.076428571428519,5.97817189631653,,True,True,True,True,8.5,hopeless,0.4321185415586152,0.6756383432490256,0.6360653867547656,1.0796369927068623
ETHUSDT,1H,LONG,TBX0,2452.77,2447.839259134901,30.7,-4.01,-0.13,2024-11-03 19:00:00+00:00,2024-11-04 00:15,-0.13,-0.13,NORMAL,1.0,,2024-11,,,False,,,2024-11-04 00:15:00+00:00,False,False,1.0,2422.07,True,2024-11-03 19:00:00+00:00|LONG|TBX0|2452.77|30.7,2.0,False,0.9185667752442938,limit_retest,0.7241042345276879,-0.9504885993485289,1.2452768729641701,-0.9504885993485289,False,False,False,,0.0,0.0,12.143571428571411,,,False,False,False,False,,not_applicable,0.4321185415586152,0.6756383432490256,0.6360653867547656,1.0796369927068623
ETHUSDT,1H,LONG,TBX0,2428.11,2440.7298487478374,15.15,12.62,0.83,2024-11-05 04:00:00+00:00,2024-11-05 15:00,0.83,0.83,NORMAL,1.0,,2024-11,,,False,,,2024-11-05 15:00:00+00:00,False,False,1.0,2412.96,True,2024-11-05 04:00:00+00:00|LONG|TBX0|2428.11|15.15,1.0,False,0.5531353135313604,limit_retest,3.3986798679867842,-0.7848184818482065,3.3986798679867842,-0.7848184818482065,False,False,False,,0.0,0.0,10.970714285714232,,,False,False,False,False,,clean_winner,0.4321185415586152,0.6756383432490256,0.6360653867547656,1.0796369927068623
ETHUSDT,15M,LONG,TBX7A,3182.027693348292,3307.19,31.12,114.95,3.69,2024-11-11 14:30:00+00:00,2024-11-11 22:00,3.69,2.69,NORMAL,1.0,,2024-11,,,False,,True,2024-11-11 22:00:00+00:00,False,False,1.0,3150.907693348292,True,2024-11-11 14:30:00+00:00|LONG|TBX7A|3182.0277|31.12,0.0,True,0.4604014572073292,market_like,6.097117822998332,-0.9649001718602797,6.749110110916068,-0.9649001718602797,False,False,False,,0.0,0.0,23.63928571428567,,,False,False,False,False,,clean_winner,0.1971460202159876,0.5223454612889963,0.40722260590701836,1.0827463162798883
ETHUSDT,1H,LONG,TBX0,3117.66,3120.89,28.08,3.23,0.12,2024-11-18 01:00:00+00:00,2024-11-18 09:00,0.12,0.12,NORMAL,1.0,,2024-11,,,False,,,2024-11-18 09:00:00+00:00,False,False,1.0,3089.58,True,2024-11-18 01:00:00+00:00|LONG|TBX0|3117.66|28.08,1.0,False,0.6260683760683735,limit_retest,1.2638888888888973,-0.8198005698005693,1.2638888888888973,-2.356125356125351,False,False,False,,0.0,0.0,20.73642857142857,,,False,False,False,False,,clean_winner,0.4321185415586152,0.6756383432490256,0.6360653867547656,1.0796369927068623
ETHUSDT,1H,LONG,TBX7A,3129.53,3265.19,13.29,135.66,9.53,2024-11-21 06:00:00+00:00,2024-11-21 15:15,9.53,9.53,NORMAL,1.0,,2024-11,,,False,,,2024-11-21 15:15:00+00:00,False,False,1.0,3116.2400000000002,True,2024-11-21 06:00:00+00:00|LONG|TBX7A|3129.53|13.29,3.0,False,1.4996237772761696,limit_retest,18.464258841234003,-2.1429646350639593,18.464258841234003,-2.1429646350639593,True,True,False,0.0,1.1429646350639593,0.6642718810520417,22.867142857142817,18.464258841234003,,True,True,True,True,8.0,winner_survived_stop_touch,0.4321185415586152,0.6756383432490256,0.6360653867547656,1.0796369927068623
ETHUSDT,15M,LONG,TBX7A,3358.006134943707,3362.52,42.34,4.51,0.11,2024-11-22 03:15:00+00:00,2024-11-22 09:15,0.11,0.11,NORMAL,1.0,,2024-11,,,False,,,2024-11-22 09:15:00+00:00,False,False,1.0,3315.6661349437068,True,2024-11-22 03:15:00+00:00|LONG|TBX7A|3358.0061|42.34,0.0,True,0.4807778682972796,market_like,1.7001385228222217,-0.48290351780129814,1.7001385228222217,-2.3048213260204733,False,False,False,,0.0,0.0,20.74214285714285,,,False,False,False,False,,clean_winner,0.1971460202159876,0.5223454612889963,0.40722260590701836,1.0827463162798883
ETHUSDT,15M,LONG,TBX7B,3587.5307090191595,3564.67,25.44,-26.7,-1.05,2024-11-29 02:00:00+00:00,2024-11-29 06:00,-1.05,-1.05,NORMAL,1.0,,2024-11,,,False,,,2024-11-29 06:00:00+00:00,False,False,1.0,3562.0907090191595,True,2024-11-29 02:00:00+00:00|LONG|TBX7B|3587.5307|25.44,0.0,True,0.7968045998097214,market_like,0.6866859662280058,-1.0137857318852102,1.197692255536182,-2.044446109243693,True,False,True,16.0,0.01378573188521015,0.021336373493118507,16.437142857142913,2.4272520039638628,-0.38328258723110575,True,True,True,False,9.0,stop_hunt,0.1971460202159876,0.5223454612889963,0.40722260590701836,1.0827463162798883
ETHUSDT,1H,LONG,TBX0,3674.54,3641.57,74.41,-32.97,-0.44,2024-12-02 15:00:00+00:00,2024-12-02 16:15,-0.44,-0.44,NORMAL,1.0,,2024-12,,,False,,,2024-12-02 16:15:00+00:00,False,False,1.0,3600.13,True,2024-12-02 15:00:00+00:00|LONG|TBX0|3674.54|74.41,1.0,False,0.426018008332211,limit_retest,0.13533127267840564,-0.7234242709313254,0.13533127267840564,-1.5714285714285694,False,False,False,,0.0,0.0,20.00571428571438,,,False,False,False,False,,not_applicable,0.4321185415586152,0.6756383432490256,0.6360653867547656,1.0796369927068623
ETHUSDT,15M,SHORT,TBX7B,3641.1077228831127,3595.1878632023577,27.34,83.15,3.04,2024-12-03 06:45:00+00:00,2024-12-03 15:00,3.04,3.04,NORMAL,1.0,,2024-12,,,False,,,2024-12-03 15:00:00+00:00,False,False,-1.0,3668.447722883113,True,2024-12-03 06:45:00+00:00|SHORT|TBX7B|3641.1077|27.34,0.0,True,1.0004490532877581,limit_retest,5.087700178606895,-1.1994249128342123,5.087700178606895,-1.1994249128342123,True,False,True,0.0,0.19942491283421226,0.37391926930745145,14.581428571428562,5.087700178606895,5.087700178606895,True,True,True,True,7.75,winner_survived_stop_touch,0.1971460202159876,0.5223454612889963,0.40722260590701836,1.0827463162798883
ETHUSDT,15M,LONG,TBX0,3728.1197921884054,3760.07,24.9,56.21,2.26,2024-12-04 14:30:00+00:00,2024-12-04 16:30,2.26,0.01,NORMAL,1.0,,2024-12,,,False,,True,2024-12-04 16:30:00+00:00,False,False,1.0,3703.2197921884053,True,2024-12-04 14:30:00+00:00|LONG|TBX0|3728.1198|24.9,0.0,True,0.33051374250624715,market_like,5.22370312496364,-0.5871402485303384,6.541373807694561,-0.5871402485303384,False,False,False,,0.0,0.0,23.561428571428614,,,False,False,False,False,,clean_winner,0.1971460202159876,0.5223454612889963,0.40722260590701836,1.0827463162798883
ETHUSDT,15M,LONG,TBX0,3843.3606013854596,3908.0046371467993,66.16,59.95,0.91,2024-12-05 02:30:00+00:00,2024-12-05 15:15,0.91,0.91,NORMAL,1.0,,2024-12,,,False,,,2024-12-05 15:15:00+00:00,False,False,1.0,3777.20060138546,True,2024-12-05 02:30:00+00:00|LONG|TBX0|3843.3606|66.16,0.0,True,0.20481561949001945,market_like,1.7629897009452897,-0.34039603061456297,1.5816112245244918,-0.34039603061456297,False,False,False,,0.0,0.0,27.492857142857115,,,False,False,False,False,,clean_winner,0.1971460202159876,0.5223454612889963,0.40722260590701836,1.0827463162798883
ETHUSDT,15M,LONG,TBX7B,3889.7844212773953,4024.749653351844,47.22,118.55,2.51,2024-12-06 13:30:00+00:00,2024-12-06 21:45,2.51,1.76,NORMAL,1.0,,2024-12,,,False,,True,2024-12-06 21:45:00+00:00,False,False,1.0,3842.5644212773955,True,2024-12-06 13:30:00+00:00|LONG|TBX7B|3889.7844|47.22,0.0,True,0.7836599169291628,market_like,4.2999910784117885,-0.8956887182845296,4.2999910784117885,-0.8956887182845296,False,False,False,,0.0,0.0,20.43357142857141,,,False,False,False,False,,clean_winner,0.1971460202159876,0.5223454612889963,0.40722260590701836,1.0827463162798883
ETHUSDT,1H,LONG,TBX0,4013.01,3988.2486,24.76,-23.52,-0.95,2024-12-08 22:00:00+00:00,2024-12-09 00:15,-0.95,-0.95,NORMAL,1.0,,2024-12,,,False,,,2024-12-09 00:15:00+00:00,False,False,1.0,3988.25,True,2024-12-08 22:00:00+00:00|LONG|TBX0|4013.01|24.76,3.0,False,0.7677705977382964,limit_retest,0.2649434571890123,-1.4143780290791774,0.2649434571890123,-6.45961227786753,True,True,False,9.0,0.4143780290791774,1.0753106752508395,9.5414285714285,-1.0731017770597804,,False,False,False,False,0.25,hopeless,0.4321185415586152,0.6756383432490256,0.6360653867547656,1.0796369927068623
ETHUSDT,1H,LONG,TBX0,3933.61,3870.9217764774153,73.89,-60.47,-0.82,2024-12-09 14:00:00+00:00,2024-12-09 15:15,-0.82,-0.82,NORMAL,1.0,,2024-12,,,False,,,2024-12-09 15:15:00+00:00,False,False,1.0,3859.7200000000003,True,2024-12-09 14:00:00+00:00|LONG|TBX0|3933.61|73.89,3.0,False,0.4587900933820556,limit_retest,0.19123020706455074,-1.0423602652591688,0.19123020706455074,-6.206658546488025,True,True,False,5.0,0.042360265259168806,0.16512171226166183,18.95571428571426,-0.8695357964541887,,True,False,False,False,1.5,hopeless,0.4321185415586152,0.6756383432490256,0.6360653867547656,1.0796369927068623
ETHUSDT,15M,LONG,TBX0,3619.856291299624,3761.77,48.89,127.3,2.6,2024-12-11 02:30:00+00:00,2024-12-11 17:45,2.6,2.6,NORMAL,1.0,,2024-12,,,False,,,2024-12-11 17:45:00+00:00,False,False,1.0,3570.966291299624,True,2024-12-11 02:30:00+00:00|LONG|TBX0|3619.8563|48.89,0.0,True,0.2625545367073841,market_like,4.0937555471543465,-0.3556206033876905,2.6415158253298427,-0.3556206033876905,False,False,False,,0.0,0.0,30.772857142857088,,,False,False,False,False,,clean_winner,0.1971460202159876,0.5223454612889963,0.40722260590701836,1.0827463162798883
ETHUSDT,15M,LONG,TBX0,3831.0595054438772,3916.1795060496056,25.21,204.5,8.11,2024-12-12 02:45:00+00:00,2024-12-12 13:30,8.11,6.07,GREEN,1.2,PPI утро до 09:00 UTC,2024-12,,,False,,True,2024-12-12 13:30:00+00:00,False,False,1.0,3805.849505443877,True,2024-12-12 02:45:00+00:00|LONG|TBX0|3831.0595|25.21,0.0,True,0.32009144957863783,market_like,5.87149918905683,-0.46646193748024833,5.87149918905683,-0.46646193748024833,False,False,False,,0.0,0.0,16.044285714285643,,,False,False,False,False,,clean_winner,0.1971460202159876,0.5223454612889963,0.40722260590701836,1.0827463162798883
ETHUSDT,1H,SHORT,TBX0 (a) or TBX1,3886.881904615846,3920.306478919709,43.1,-17.0,-0.39,2024-12-13 06:45:00+00:00,2024-12-13 11:15,-0.39,-0.39,NORMAL,1.0,,2024-12,,,False,,,2024-12-13 11:15:00+00:00,False,False,-1.0,3929.981904615846,True,2024-12-13 06:45:00+00:00|SHORT|TBX0 (a) or TBX1|3886.8819|43.1,0.0,True,0.47280963768339257,limit_retest,0.39169152240941985,-0.8472875959200485,0.39169152240941985,-1.8811623058968454,False,False,False,,0.0,0.0,16.18999999999999,,,False,False,False,False,,not_applicable,0.4321185415586152,0.6756383432490256,0.6360653867547656,1.0796369927068623
ETHUSDT,15M,SHORT,TBX0 (a) or TBX1,3916.480875859279,3926.3706798494977,45.08,-9.38,-0.21,2024-12-13 15:45:00+00:00,2024-12-14 01:15,-0.21,-0.21,NORMAL,1.0,,2024-12,,,False,,,2024-12-14 01:15:00+00:00,False,False,-1.0,3961.560875859279,True,2024-12-13 15:45:00+00:00|SHORT|TBX0 (a) or TBX1|3916.4809|45.08,0.0,True,0.2453221859077417,market_like,0.8682536792209145,-0.6641331885696785,0.8682536792209145,-0.6641331885696785,False,False,False,,0.0,0.0,22.619999999999987,,,False,False,False,False,,not_applicable,0.1971460202159876,0.5223454612889963,0.40722260590701836,1.0827463162798883
ETHUSDT,1H,LONG,TBX0 (a),3902.12,3893.97,8.15,-7.91,-0.97,2024-12-15 19:00:00+00:00,2024-12-15 20:45,-0.97,-0.97,NORMAL,1.0,,2024-12,,,False,,,2024-12-15 20:45:00+00:00,False,False,1.0,3893.97,True,2024-12-15 19:00:00+00:00|LONG|TBX0 (a)|3902.12|8.15,0.0,True,0.6306748466257512,market_like,1.2000000000000246,-1.8527607361963079,15.06012269938653,-7.352147239263812,True,True,False,7.0,0.8527607361963079,0.6290405999482728,11.048571428571417,15.06012269938653,,True,True,True,True,4.5,hopeless,0.4321185415586152,0.6756383432490256,0.6360653867547656,1.0796369927068623
ETHUSDT,15M,LONG,TBX0 (a),3903.2197366566784,3949.6027791339134,59.21,2.74,0.05,2024-12-15 23:00:00+00:00,2024-12-16 03:15,0.05,0.05,NORMAL,1.0,,2024-12,,,False,,,2024-12-16 03:15:00+00:00,False,False,1.0,3844.0097366566783,True,2024-12-15 23:00:00+00:00|LONG|TBX0 (a)|3903.2197|59.21,0.0,True,0.26701125919065233,market_like,2.054387153239685,-0.2989315429265056,2.054387153239685,-0.2989315429265056,False,False,False,,0.0,0.0,18.571428571428637,,,False,False,False,False,,clean_winner,0.1971460202159876,0.5223454612889963,0.40722260590701836,1.0827463162798883
ETHUSDT,1H,LONG,TBX7B,3961.06,4007.482186132254,21.81,46.42,2.13,2024-12-16 16:00:00+00:00,2024-12-16 23:15,2.13,-0.87,NORMAL,1.0,,2024-12,,,False,,True,2024-12-16 23:15:00+00:00,False,False,1.0,3939.25,True,2024-12-16 16:00:00+00:00|LONG|TBX7B|3961.06|21.81,0.0,True,0.9578175149014155,market_like,6.828519027968815,-1.0550206327372658,6.828519027968815,-1.0550206327372658,True,False,True,0.0,0.05502063273726576,0.05212858384012882,23.020000000000014,6.828519027968815,6.828519027968815,True,True,True,True,2.75,winner_survived_stop_touch,0.4321185415586152,0.6756383432490256,0.6360653867547656,1.0796369927068623
ETHUSDT,15M,LONG,TBX7B,4022.3560276501316,4003.8360513101707,23.45,-24.46,-1.04,2024-12-17 09:45:00+00:00,2024-12-17 10:30,-1.04,-1.04,YELLOW,0.8,День перед FOMC,2024-12,,,False,,,2024-12-17 10:30:00+00:00,False,False,1.0,3998.906027650132,True,2024-12-17 09:45:00+00:00|LONG|TBX7B|4022.356|23.45,0.0,True,0.4177410511783237,market_like,0.3656278187577058,-0.8309606673830169,0.3656278187577058,-4.6313871066154215,False,False,False,,0.0,0.0,15.501428571428603,,,False,False,False,False,,ambiguous_stop,0.1971460202159876,0.5223454612889963,0.40722260590701836,1.0827463162798883
ETHUSDT,15M,LONG,TBX7B,4013.1900127613394,3991.69,21.5,-34.4,-1.6,2024-12-17 14:45:00+00:00,2024-12-17 15:00,-1.6,-1.6,YELLOW,0.8,День перед FOMC,2024-12,,,False,,,2024-12-17 15:00:00+00:00,False,False,1.0,3991.6900127613394,True,2024-12-17 14:45:00+00:00|LONG|TBX7B|4013.19|21.5,0.0,True,0.245116872620434,market_like,0.535348243658624,-2.473954081922763,0.535348243658624,-8.426512221457648,True,True,False,1.0,1.4739540819227628,1.8891214760858144,16.774999999999928,-1.3851168726204441,,False,False,False,False,2.75,hopeless,0.1971460202159876,0.5223454612889963,0.40722260590701836,1.0827463162798883
ETHUSDT,15M,SHORT,TBX0 (a),3858.354526921744,3875.863254310647,28.8,-16.64,-0.58,2024-12-18 12:30:00+00:00,2024-12-18 16:30,-0.58,-0.58,NORMAL,1.0,,2024-12,,,False,,,2024-12-18 16:30:00+00:00,False,False,-1.0,3887.154526921744,True,2024-12-18 12:30:00+00:00|SHORT|TBX0 (a)|3858.3545|28.8,0.0,True,0.3494955929950076,market_like,1.2272405181160984,-0.642551148550565,8.449462740338321,-1.7238011485505607,False,False,False,,0.0,0.0,10.782142857142812,,,False,False,False,False,,not_applicable,0.1971460202159876,0.5223454612889963,0.40722260590701836,1.0827463162798883
ETHUSDT,15M,SHORT,TBX0 (a),3855.115452139751,3647.7,42.48,223.14,5.25,2024-12-18 19:00:00+00:00,2024-12-19 02:45,5.25,5.25,GREEN,1.2,FOMC после решения 18+ UTC,2024-12,,,False,,,2024-12-19 02:45:00+00:00,False,False,-1.0,3897.595452139751,True,2024-12-18 19:00:00+00:00|SHORT|TBX0 (a)|3855.1155|42.48,0.0,True,1.0003424637535072,limit_retest,7.417972037188116,-1.244928151135802,7.417972037188116,-1.244928151135802,True,False,True,0.0,0.2449281511358019,0.44137831053719145,23.572857142857174,7.417972037188116,7.417972037188116,True,True,True,True,7.0,winner_survived_stop_touch,0.1971460202159876,0.5223454612889963,0.40722260590701836,1.0827463162798883
ETHUSDT,15M,SHORT,TBX0 (a),3670.1232927556257,3452.64,33.41,260.98,7.81,2024-12-19 14:30:00+00:00,2024-12-20 02:30,7.81,7.81,GREEN,1.2,FOMC+1 (день после решения),2024-12,,,False,,,2024-12-20 02:30:00+00:00,False,False,-1.0,3703.5332927556256,True,2024-12-19 14:30:00+00:00|SHORT|TBX0 (a)|3670.1233|33.41,0.0,True,0.584756277892073,limit_retest,10.413747164191138,-0.8942444550845348,10.413747164191138,-0.8942444550845348,False,False,False,,0.0,0.0,16.74071428571428,,,False,False,False,False,,clean_winner,0.1971460202159876,0.5223454612889963,0.40722260590701836,1.0827463162798883
ETHUSDT,15M,SHORT,TBX0 (a),3324.621499860933,3237.15,85.52,6.64,0.08,2024-12-20 08:15:00+00:00,2024-12-20 12:30,0.08,-1.31,NORMAL,1.0,,2024-12,,,False,,True,2024-12-20 12:30:00+00:00,False,False,-1.0,3410.141499860933,True,2024-12-20 08:15:00+00:00|SHORT|TBX0 (a)|3324.6215|85.52,0.0,True,0.27021164802463776,market_like,2.6265376503850915,-0.3131255862846947,2.6265376503850915,-2.010272452514815,False,False,False,,0.0,0.0,29.17071428571418,,,False,False,False,False,,clean_winner,0.1971460202159876,0.5223454612889963,0.40722260590701836,1.0827463162798883
ETHUSDT,1H,LONG,TBX0,3296.12,3404.634547789741,106.04,108.51,1.02,2024-12-20 13:00:00+00:00,2024-12-20 21:00,1.02,1.02,NORMAL,1.0,,2024-12,,,False,,,2024-12-20 21:00:00+00:00,False,False,1.0,3190.08,True,2024-12-20 13:00:00+00:00|LONG|TBX0|3296.12|106.04,2.0,False,0.575631837042625,limit_retest,1.8900414937759342,-0.8538287438702372,1.8900414937759342,-0.8538287438702372,False,False,False,,0.0,0.0,62.11428571428574,,,False,False,False,False,,clean_winner,0.4321185415586152,0.6756383432490256,0.6360653867547656,1.0796369927068623
ETHUSDT,15M,SHORT,TBX0,3356.77,3304.55,40.1,25.43,0.66,2024-12-22 14:00:00+00:00,2024-12-22 21:00,0.66,0.66,NORMAL,1.0,,2024-12,,,False,True,,2024-12-22 21:00:00+00:00,False,False,-1.0,3396.87,True,2024-12-22 14:00:00+00:00|SHORT|TBX0|3356.77|40.1,0.0,True,0.31920199501247337,market_like,3.420947630922689,-0.48753117206982993,3.540149625935163,-0.48753117206982993,False,False,False,,0.0,0.0,16.422142857142912,,,False,False,False,False,,clean_winner,0.1971460202159876,0.5223454612889963,0.40722260590701836,1.0827463162798883
ETHUSDT,1H,LONG,TBX0 (a) or TBX1,3319.6,3384.9030752379745,62.22,65.3,1.05,2024-12-23 15:00:00+00:00,2024-12-24 01:30,1.05,1.05,NORMAL,1.0,,2024-12,,,False,,,2024-12-24 01:30:00+00:00,False,False,1.0,3257.38,True,2024-12-23 15:00:00+00:00|LONG|TBX0 (a) or TBX1|3319.6|62.22,6.0,False,0.1306653809064627,limit_retest,2.34892317582771,-0.844744455159112,2.34892317582771,-0.844744455159112,False,False,False,,0.0,0.0,22.55928571428571,,,False,False,False,False,,clean_winner,0.4321185415586152,0.6756383432490256,0.6360653867547656,1.0796369927068623
ETHUSDT,15M,LONG,TBX0 (a) or TBX1,3411.06,3396.467595028835,55.01,-16.17,-0.29,2024-12-24 04:15:00+00:00,2024-12-24 06:45,-0.29,-0.29,GREEN,1.25,Канун праздника (прочие),2024-12,,,False,,,2024-12-24 06:45:00+00:00,False,False,1.0,3356.0499999999997,True,2024-12-24 04:15:00+00:00|LONG|TBX0 (a) or TBX1|3411.06|55.01,0.0,True,0.31267042355934954,market_like,0.41683330303580873,-0.48245773495727984,1.789492819487367,-0.5011816033448494,False,False,False,,0.0,0.0,17.708571428571368,,,False,False,False,False,,not_applicable,0.1971460202159876,0.5223454612889963,0.40722260590701836,1.0827463162798883
ETHUSDT,15M,LONG,TBX0 (a) or TBX1,3409.139760939658,3463.9,20.12,47.65,2.37,2024-12-24 11:15:00+00:00,2024-12-24 19:45,2.37,2.37,GREEN,1.25,Канун праздника (прочие),2024-12,,,False,,,2024-12-24 19:45:00+00:00,False,False,1.0,3389.019760939658,True,2024-12-24 11:15:00+00:00|LONG|TBX0 (a) or TBX1|3409.1398|20.12,0.0,True,0.4229503449134199,market_like,6.474166951309243,-0.7972048180744636,6.474166951309243,-0.7972048180744636,False,False,False,,0.0,0.0,14.769999999999982,,,False,False,False,False,,clean_winner,0.1971460202159876,0.5223454612889963,0.40722260590701836,1.0827463162798883
ETHUSDT,15M,LONG,TBX0 (a) or TBX1,3487.54,3463.783999609165,72.23,-26.99,-0.37,2024-12-24 21:45:00+00:00,2024-12-25 02:00,-0.37,-0.37,GREEN,1.25,Канун праздника (прочие),2024-12,,,False,,,2024-12-25 02:00:00+00:00,False,False,1.0,3415.31,True,2024-12-24 21:45:00+00:00|LONG|TBX0 (a) or TBX1|3487.54|72.23,0.0,True,0.10231205870136885,market_like,0.23092897687941072,-0.4337532881074336,0.2982140384881623,-0.4337532881074336,False,False,False,,0.0,0.0,17.23785714285717,,,False,False,False,False,,not_applicable,0.1971460202159876,0.5223454612889963,0.40722260590701836,1.0827463162798883
ETHUSDT,15M,SHORT,TBX0 (a) or TBX1,3468.55,3341.22,51.37,127.33,2.48,2024-12-26 01:00:00+00:00,2024-12-26 22:00,2.48,2.48,NORMAL,1.0,,2024-12,,,False,,,2024-12-26 22:00:00+00:00,False,False,-1.0,3519.92,True,2024-12-26 01:00:00+00:00|SHORT|TBX0 (a) or TBX1|3468.55|51.37,0.0,True,0.24586334436440832,market_like,3.2279540587891797,-0.3945882810979167,2.4051002530659953,-0.3945882810979167,False,False,False,,0.0,0.0,14.92857142857146,,,False,False,False,False,,clean_winner,0.1971460202159876,0.5223454612889963,0.40722260590701836,1.0827463162798883
ETHUSDT,1H,LONG,TBX0,3362.41,3343.2647424730426,28.29,-17.74,-0.63,2024-12-27 01:00:00+00:00,2024-12-27 07:30,-0.63,-0.63,NORMAL,1.0,,2024-12,,,False,,,2024-12-27 07:30:00+00:00,False,False,1.0,3334.12,True,2024-12-27 01:00:00+00:00|LONG|TBX0|3362.41|28.29,2.0,False,0.5818310357016626,limit_retest,1.2552138564863986,-1.6744432661717883,2.884057971014498,-1.6744432661717883,True,True,False,26.0,0.6744432661717883,1.3345323741007158,14.297142857142815,2.884057971014498,,True,True,True,False,1.5,hopeless,0.4321185415586152,0.6756383432490256,0.6360653867547656,1.0796369927068623
ETHUSDT,15M,LONG,TBX0,3391.684359281263,3390.25,10.63,-1.43,-0.13,2024-12-29 06:30:00+00:00,2024-12-29 09:00,-0.13,-0.13,NORMAL,1.0,,2024-12,,,False,,,2024-12-29 09:00:00+00:00,False,False,1.0,3381.054359281263,True,2024-12-29 06:30:00+00:00|LONG|TBX0|3391.6844|10.63,0.0,True,0.39551827669453393,market_like,1.5593265022330483,-0.5347468750012149,2.0052343103233383,-4.4670140433925765,False,False,False,,0.0,0.0,6.558571428571375,,,False,False,False,False,,not_applicable,0.1971460202159876,0.5223454612889963,0.40722260590701836,1.0827463162798883
ETHUSDT,15M,LONG,TBX0,3411.191436442644,3387.86,23.33,-21.47,-0.92,2024-12-29 10:00:00+00:00,2024-12-29 13:00,-0.92,-0.92,NORMAL,1.0,,2024-12,,,False,,,2024-12-29 13:00:00+00:00,False,False,1.0,3387.861436442644,True,2024-12-29 10:00:00+00:00|LONG|TBX0|3411.1914|23.33,0.0,True,0.2898172500061735,market_like,0.07752094116400077,-1.0965039195303787,0.07752094116400077,-3.3373954754669497,True,False,True,12.0,0.09650391953037873,0.27758793656549646,8.110714285714332,-0.052354755364083266,-0.052354755364083266,True,False,False,False,1.0,ambiguous_stop,0.1971460202159876,0.5223454612889963,0.40722260590701836,1.0827463162798883
ETHUSDT,1H,LONG,TBX0 (a),3397.89,3446.00834687305,23.39,48.12,2.41,2025-01-02 02:00:00+00:00,2025-01-02 14:00,2.41,2.41,NORMAL,1.0,,2025-01,,,False,,,2025-01-02 14:00:00+00:00,False,False,1.0,3374.5,True,2025-01-02 02:00:00+00:00|LONG|TBX0 (a)|3397.89|23.39,3.0,False,0.6365968362548043,limit_retest,3.704574604531855,-0.8931167165455268,3.704574604531855,-0.8931167165455268,False,False,False,,0.0,0.0,13.430000000000032,,,False,False,False,False,,clean_winner,0.4321185415586152,0.6756383432490256,0.6360653867547656,1.0796369927068623
ETHUSDT,15M,LONG,TBX0 (a),3465.7623017714427,3448.42,32.6,-21.57,-0.66,2025-01-03 00:15:00+00:00,2025-01-03 06:15,-0.66,-0.66,NORMAL,1.0,,2025-01,,,False,,,2025-01-03 06:15:00+00:00,False,False,1.0,3433.162301771443,True,2025-01-03 00:15:00+00:00|LONG|TBX0 (a)|3465.7623|32.6,0.0,True,0.4841196862405733,market_like,0.3287637493422488,-0.7258374776516195,0.3287637493422488,-1.35589882734487,False,False,False,,0.0,0.0,10.605000000000018,,,False,False,False,False,,not_applicable,0.1971460202159876,0.5223454612889963,0.40722260590701836,1.0827463162798883
ETHUSDT,15M,LONG,TBX0 (a),3446.888269062668,3588.7603785467973,19.58,164.36,8.39,2025-01-03 09:30:00+00:00,2025-01-04 08:15,8.39,8.39,NORMAL,1.0,,2025-01,,,False,,,2025-01-04 08:15:00+00:00,False,False,1.0,3427.308269062668,True,2025-01-03 09:30:00+00:00|LONG|TBX0 (a)|3446.8883|19.58,0.0,True,0.18530485509027791,market_like,9.351978086687035,-0.4937828939054168,9.351978086687035,-0.4937828939054168,False,False,False,,0.0,0.0,9.467142857142887,,,False,False,False,False,,clean_winner,0.1971460202159876,0.5223454612889963,0.40722260590701836,1.0827463162798883
ETHUSDT,1H,SHORT,TBX7A,3620.57,3630.1633333333334,9.59,-9.11,-0.95,2025-01-06 00:00:00+00:00,2025-01-06 01:45,-0.95,-0.95,NORMAL,1.0,,2025-01,,,False,,,2025-01-06 01:45:00+00:00,False,False,-1.0,3630.1600000000003,True,2025-01-06 00:00:00+00:00|SHORT|TBX7A|3620.57|9.59,3.0,False,1.500521376433772,limit_retest,1.2064650677789535,-3.5901981230448214,1.2064650677789535,-8.07403545359748,True,True,False,0.0,2.5901981230448214,2.6542512593497007,9.358571428571427,1.2064650677789535,,True,True,False,False,1.25,hopeless,0.4321185415586152,0.6756383432490256,0.6360653867547656,1.0796369927068623
ETHUSDT,15M,LONG,TBX7A,3660.938214390623,3674.8776826122808,31.45,13.94,0.44,2025-01-06 14:45:00+00:00,2025-01-06 17:30,0.44,0.44,NORMAL,1.0,,2025-01,,,False,,,2025-01-06 17:30:00+00:00,False,False,1.0,3629.4882143906234,True,2025-01-06 14:45:00+00:00|LONG|TBX7A|3660.9382|31.45,0.0,True,0.6698955291136193,market_like,2.6499772848768517,-0.6698955291136193,2.6499772848768517,-0.6698955291136193,False,False,False,,0.0,0.0,18.12857142857144,,,False,False,False,False,,clean_winner,0.1971460202159876,0.5223454612889963,0.40722260590701836,1.0827463162798883
ETHUSDT,1H,SHORT,TBX0,3672.75,3693.67,39.16,-20.92,-0.53,2025-01-06 17:00:00+00:00,2025-01-07 01:00,-0.53,-0.53,NORMAL,1.0,,2025-01,,,False,,,2025-01-07 01:00:00+00:00,False,False,-1.0,3711.91,True,2025-01-06 17:00:00+00:00|SHORT|TBX0|3672.75|39.16,2.0,False,0.9361593462717022,limit_retest,0.48186925434116173,-0.9361593462717022,0.48186925434116173,-0.9361593462717022,False,False,False,,0.0,0.0,25.159285714285748,,,False,False,False,False,,not_applicable,0.4321185415586152,0.6756383432490256,0.6360653867547656,1.0796369927068623
ETHUSDT,1H,SHORT,TBX0,3672.38,3361.43,16.91,310.95,18.39,2025-01-07 04:00:00+00:00,2025-01-08 08:00,18.39,18.39,NORMAL,1.0,,2025-01,,,False,,,2025-01-08 08:00:00+00:00,False,False,-1.0,3689.29,True,2025-01-07 04:00:00+00:00|SHORT|TBX0|3672.38|16.91,3.0,False,0.5387344766410215,limit_retest,21.665878178592543,-0.7776463630987634,15.575399172087529,-0.7776463630987634,False,False,False,,0.0,0.0,10.324999999999948,,,False,False,False,False,,clean_winner,0.4321185415586152,0.6756383432490256,0.6360653867547656,1.0796369927068623
ETHUSDT,15M,SHORT,TBX0,3337.12,3320.02,41.44,21.37,0.52,2025-01-08 15:30:00+00:00,2025-01-08 18:15,0.52,0.52,GREEN,1.25,Канун праздника (прочие),2025-01,,,False,True,,2025-01-08 18:15:00+00:00,False,False,-1.0,3378.56,True,2025-01-08 15:30:00+00:00|SHORT|TBX0|3337.12|41.44,0.0,True,0.2094594594594665,market_like,3.1510617760617743,-0.38223938223938575,3.1510617760617743,-0.45197876447876495,False,False,False,,0.0,0.0,19.04499999999994,,,False,False,False,False,,clean_winner,0.1971460202159876,0.5223454612889963,0.40722260590701836,1.0827463162798883
ETHUSDT,15M,LONG,TBX0 (a) or TBX1,3320.6097134297925,3279.7,43.48,-41.31,-0.95,2025-01-09 08:30:00+00:00,2025-01-09 13:00,-0.95,-0.95,NORMAL,1.0,,2025-01,,,False,,,2025-01-09 13:00:00+00:00,False,False,1.0,3277.1297134297924,True,2025-01-09 08:30:00+00:00|LONG|TBX0 (a) or TBX1|3320.6097|43.48,0.0,True,0.8208305756621985,market_like,0.14421082268186858,-1.0029832895536446,0.39168092387781533,-3.7858719740062665,True,False,True,0.0,0.0029832895536445747,0.007855978616951594,16.511428571428528,0.39168092387781533,0.14421082268186858,True,False,False,False,7.25,ambiguous_stop,0.1971460202159876,0.5223454612889963,0.40722260590701836,1.0827463162798883
ETHUSDT,15M,LONG,TBX7B,3265.7,3254.3618608190427,47.48,-9.92,-0.21,2025-01-12 23:45:00+00:00,2025-01-13 01:45,-0.21,-0.21,NORMAL,1.0,,2025-01,,,False,,,2025-01-13 01:45:00+00:00,False,False,1.0,3218.22,True,2025-01-12 23:45:00+00:00|LONG|TBX7B|3265.7|47.48,0.0,True,0.05918281381634258,market_like,1.5294860994102855,-0.3136057287278828,1.5294860994102855,-4.2171440606571196,False,False,False,,0.0,0.0,12.301428571428525,,,False,False,False,False,,not_applicable,0.1971460202159876,0.5223454612889963,0.40722260590701836,1.0827463162798883
ETHUSDT,1H,SHORT,TBX7A,3237.35,3050.735334743799,9.0,186.61,62.2,2025-01-13 04:00:00+00:00,2025-01-13 20:30,62.2,98.03,NORMAL,1.0,,2025-01,,,False,,True,2025-01-13 20:30:00+00:00,False,False,-1.0,3246.35,True,2025-01-13 04:00:00+00:00|SHORT|TBX7A|3237.35|9.0,3.0,False,0.42111111111110705,limit_retest,37.48333333333332,-2.491111111111119,37.48333333333332,-2.491111111111119,True,True,False,0.0,1.491111111111119,0.7131794716064465,18.81714285714273,37.48333333333332,,True,True,True,True,10.5,winner_survived_stop_touch,0.4321185415586152,0.6756383432490256,0.6360653867547656,1.0796369927068623
ETHUSDT,15M,LONG,TBX0,3219.005090571493,3179.96,39.05,-15.49,-0.4,2025-01-14 13:30:00+00:00,2025-01-14 16:00,-0.4,-0.4,YELLOW,0.5,День перед CPI,2025-01,,,False,,,2025-01-14 16:00:00+00:00,False,False,1.0,3179.9550905714927,True,2025-01-14 13:30:00+00:00|LONG|TBX0|3219.0051|39.05,0.0,True,0.9998742783993059,market_like,0.35812828242014993,-1.2288115383224827,0.5727249533548519,-1.2288115383224827,True,False,True,10.0,0.2288115383224827,0.5768296043571933,15.490000000000041,0.8370015218567767,,True,False,False,False,12.0,ambiguous_stop,0.1971460202159876,0.5223454612889963,0.40722260590701836,1.0827463162798883
ETHUSDT,15M,LONG,TBX0,3216.8,3391.65,43.37,185.53,5.67,2025-01-15 13:15:00+00:00,2025-01-16 00:30,5.67,10.99,GREEN,1.2,CPI после 12:00 UTC,2025-01,,,False,True,True,2025-01-16 00:30:00+00:00,False,False,1.0,3173.4300000000003,True,2025-01-15 13:15:00+00:00|LONG|TBX0|3216.8|43.37,0.0,True,0.22780724002767141,market_like,5.905695181000684,-0.31242794558450965,5.905695181000684,-0.31242794558450965,False,False,False,,0.0,0.0,12.927142857142924,,,False,False,False,False,,clean_winner,0.1971460202159876,0.5223454612889963,0.40722260590701836,1.0827463162798883
ETHUSDT,1H,SHORT,TBX0,3362.1,3389.2552,27.16,-32.25,-1.19,2025-01-16 03:00:00+00:00,2025-01-16 07:15,-1.19,-1.19,GREEN,1.25,День Retail Sales,2025-01,,,False,,,2025-01-16 07:15:00+00:00,False,False,-1.0,3389.2599999999998,True,2025-01-16 03:00:00+00:00|SHORT|TBX0|3362.1|27.16,1.0,False,0.8122238586156092,limit_retest,0.6752577319587515,-1.0231958762886584,3.6465390279823255,-1.0231958762886584,True,False,True,17.0,0.02319587628865838,0.040583444531355296,15.523571428571456,3.6465390279823255,3.6465390279823255,True,True,True,False,7.5,stop_hunt,0.4321185415586152,0.6756383432490256,0.6360653867547656,1.0796369927068623
ETHUSDT,15M,SHORT,TBX0,3289.43,3320.98,65.64,-39.44,-0.9,2025-01-16 22:15:00+00:00,2025-01-17 01:00,-0.9,-0.9,GREEN,1.25,День Retail Sales,2025-01,,,False,,,2025-01-17 01:00:00+00:00,False,False,-1.0,3355.0699999999997,True,2025-01-16 22:15:00+00:00|SHORT|TBX0|3289.43|65.64,0.0,True,0.2780316879951249,market_like,0.352376599634364,-0.5460085313833051,0.352376599634364,-2.2669104204753228,False,False,False,,0.0,0.0,15.05357142857146,,,False,False,False,False,,not_applicable,0.1971460202159876,0.5223454612889963,0.40722260590701836,1.0827463162798883
ETHUSDT,1H,LONG,TBX7A,3331.74,3322.74,9.0,-8.73,-0.97,2025-01-21 19:00:00+00:00,2025-01-21 20:15,-0.97,-0.97,NORMAL,1.0,,2025-01,,,False,,,2025-01-21 20:15:00+00:00,False,False,1.0,3322.74,True,2025-01-21 19:00:00+00:00|LONG|TBX7A|3331.74|9.0,0.0,True,-1.4933333333333394,limit_retest,1.615555555555602,-1.7866666666666586,3.8033333333333355,-3.4155555555555313,True,False,True,1.0,0.7866666666666586,0.29373240480070756,24.10357142857148,3.8033333333333355,,True,True,True,False,5.5,hopeless,0.4321185415586152,0.6756383432490256,0.6360653867547656,1.0796369927068623
ETHUSDT,15M,SHORT,TBX7B,3230.04,3267.2579437450577,76.06,-34.94,-0.46,2025-01-23 19:00:00+00:00,2025-01-23 20:15,-0.46,-0.46,NORMAL,1.0,,2025-01,,,False,,,2025-01-23 20:15:00+00:00,False,False,-1.0,3306.1,True,2025-01-23 19:00:00+00:00|SHORT|TBX7B|3230.04|76.06,0.0,True,0.1296344990796756,market_like,0.4918485406258198,-0.85406258217197,0.4918485406258198,-2.507231133315801,False,False,False,,0.0,0.0,20.474285714285674,,,False,False,False,False,,not_applicable,0.1971460202159876,0.5223454612889963,0.40722260590701836,1.0827463162798883
ETHUSDT,15M,SHORT,TBX0 (a) or TBX1,3330.47,3317.36,28.1,13.11,0.47,2025-01-26 08:15:00+00:00,2025-01-26 16:30,0.47,0.47,NORMAL,1.0,,2025-01,,,False,,,2025-01-26 16:30:00+00:00,False,False,-1.0,3358.5699999999997,True,2025-01-26 08:15:00+00:00|SHORT|TBX0 (a) or TBX1|3330.47|28.1,0.0,True,0.20604982206407182,market_like,1.4160142348754434,-0.22348754448399288,1.4160142348754434,-0.490747330960869,False,False,False,,0.0,0.0,7.21071428571437,,,False,False,False,False,,clean_winner,0.1971460202159876,0.5223454612889963,0.40722260590701836,1.0827463162798883
ETHUSDT,15M,SHORT,TBX0 (a) or TBX1,3314.6607962861262,3106.897912277301,28.97,160.55,5.54,2025-01-26 21:00:00+00:00,2025-01-27 12:45,5.54,15.01,NORMAL,1.0,,2025-01,,,False,,True,2025-01-27 12:45:00+00:00,False,False,-1.0,3343.630796286126,True,2025-01-26 21:00:00+00:00|SHORT|TBX0 (a) or TBX1|3314.6608|28.97,0.0,True,0.4694236697919909,limit_retest,10.165370945327103,-0.4832310567439977,10.165370945327103,-0.4832310567439977,False,False,False,,0.0,0.0,9.035714285714318,,,False,False,False,False,,clean_winner,0.1971460202159876,0.5223454612889963,0.40722260590701836,1.0827463162798883
ETHUSDT,15M,LONG,TBX0,3098.9,3182.2657909238137,67.57,83.37,1.85,2025-01-27 20:15:00+00:00,2025-01-28 08:00,1.85,1.85,NORMAL,1.0,,2025-01,,,False,,,2025-01-28 08:00:00+00:00,False,False,1.0,3031.33,True,2025-01-27 20:15:00+00:00|LONG|TBX0|3098.9|67.57,0.0,True,0.27556607962113205,market_like,2.0586058901879523,-0.3389077993192259,2.0586058901879523,-0.3389077993192259,False,False,False,,0.0,0.0,20.141428571428605,,,False,False,False,False,,clean_winner,0.1971460202159876,0.5223454612889963,0.40722260590701836,1.0827463162798883
ETHUSDT,15M,SHORT,TBX0,3153.4977666223085,3117.3798266005033,43.89,28.9,0.66,2025-01-28 16:15:00+00:00,2025-01-29 02:00,0.66,0.66,YELLOW,0.8,День перед FOMC,2025-01,,,False,,,2025-01-29 02:00:00+00:00,False,False,-1.0,3197.3877666223084,True,2025-01-28 16:15:00+00:00|SHORT|TBX0|3153.4978|43.89,0.0,True,0.3071823508245956,market_like,2.6315280615700276,-0.6405156841579314,2.6315280615700276,-0.6405156841579314,False,False,False,,0.0,0.0,19.27999999999994,,,False,False,False,False,,clean_winner,0.1971460202159876,0.5223454612889963,0.40722260590701836,1.0827463162798883
ETHUSDT,15M,SHORT,TBX0,3130.680987405719,3109.64739067549,27.45,16.61,0.61,2025-01-29 09:15:00+00:00,2025-01-29 17:15,0.61,0.61,NORMAL,1.0,,2025-01,,,False,,,2025-01-29 17:15:00+00:00,False,False,-1.0,3158.1309874057188,True,2025-01-29 09:15:00+00:00|SHORT|TBX0|3130.681|27.45,0.0,True,0.3041534642725409,market_like,2.2036789583139855,-0.4298365243818239,2.8342800512101585,-1.8305651218317263,False,False,False,,0.0,0.0,10.407142857142844,,,False,False,False,False,,clean_winner,0.1971460202159876,0.5223454612889963,0.40722260590701836,1.0827463162798883
ETHUSDT,1H,LONG,TBX0,3137.2777367167027,3066.3918,70.89,-85.07,-1.2,2025-01-29 18:00:00+00:00,2025-01-29 19:00,-1.2,-1.2,GREEN,1.2,FOMC после решения 18+ UTC,2025-01,,,False,,,2025-01-29 19:00:00+00:00,False,False,1.0,3066.387736716703,True,2025-01-29 18:00:00+00:00|LONG|TBX0|3137.2777|70.89,,False,0.38083984647626673,unknown,-0.044120986270315375,-1.0015197731231844,1.0942624246480062,-1.1905450235111108,True,False,True,4.0,0.0015197731231844092,0.00565038598125271,19.067142857142862,1.0942624246480062,,True,True,False,False,9.0,stop_hunt,0.4321185415586152,0.6756383432490256,0.6360653867547656,1.0796369927068623
ETHUSDT,15M,LONG,TBX0,3137.2777367167027,3100.45,79.48,-13.91,-0.17,2025-01-29 19:30:00+00:00,2025-01-30 00:15,-0.17,-0.17,GREEN,1.2,FOMC после решения 18+ UTC,2025-01,,,False,,,2025-01-30 00:15:00+00:00,False,False,1.0,3057.7977367167027,True,2025-01-29 19:30:00+00:00|LONG|TBX0|3137.2777|79.48,0.0,True,1.0000973416797028,market_like,0.5492232421149609,-1.0352005122886605,0.9759972733177801,-1.0352005122886605,True,False,True,0.0,0.0352005122886605,0.0975088103608214,28.69214285714283,0.9759972733177801,0.9759972733177801,True,False,False,False,8.5,ambiguous_stop,0.1971460202159876,0.5223454612889963,0.40722260590701836,1.0827463162798883
ETHUSDT,15M,SHORT,TBX0,3090.813301316126,3095.5,42.77,-18.0,-0.42,2025-02-02 07:15:00+00:00,2025-02-02 14:00,-0.42,-0.42,NORMAL,1.0,,2025-02,,,False,,,2025-02-02 14:00:00+00:00,False,False,-1.0,3133.583301316126,True,2025-02-02 07:15:00+00:00|SHORT|TBX0|3090.8133|42.77,0.0,True,0.5164063288256756,limit_retest,0.9773977394464747,-0.752319351972734,4.461148031707405,-0.752319351972734,False,False,False,,0.0,0.0,16.60857142857149,,,False,False,False,False,,not_applicable,0.1971460202159876,0.5223454612889963,0.40722260590701836,1.0827463162798883
ETHUSDT,1H,LONG,TBX0,2523.7,2797.02,55.39,273.32,4.93,2025-02-03 06:00:00+00:00,2025-02-04 03:15,4.93,4.93,NORMAL,1.0,,2025-02,,,False,,,2025-02-04 03:15:00+00:00,False,False,1.0,2468.31,True,2025-02-03 06:00:00+00:00|LONG|TBX0|2523.7|55.39,1.0,False,0.18757898537641943,limit_retest,7.142805560570506,-0.7555515435999262,3.77739664199314,-0.7555515435999262,False,False,False,,0.0,0.0,37.53500000000002,,,False,False,False,False,,clean_winner,0.4321185415586152,0.6756383432490256,0.6360653867547656,1.0796369927068623
ETHUSDT,1H,LONG,TBX0,2761.34,2736.862883094589,27.16,-23.12,-0.85,2025-02-07 11:00:00+00:00,2025-02-07 13:15,-0.85,-0.85,NORMAL,1.0,,2025-02,,,False,,,2025-02-07 13:15:00+00:00,False,False,1.0,2734.1800000000003,True,2025-02-07 11:00:00+00:00|LONG|TBX0|2761.34|27.16,3.0,False,0.7212812960235694,limit_retest,0.3217967599410818,-1.1461708394698125,1.2805596465390185,-7.388070692194415,True,False,True,9.0,0.14617083946981246,0.32444107174129566,12.2364285714286,1.2805596465390185,,True,True,False,False,1.0,stop_hunt,0.4321185415586152,0.6756383432490256,0.6360653867547656,1.0796369927068623
ETHUSDT,15M,LONG,TBX0,2764.4295242179796,2738.0,26.43,-26.43,-1.0,2025-02-07 13:30:00+00:00,2025-02-07 13:30,-1.0,-1.0,NORMAL,1.0,,2025-02,,,False,,,2025-02-07 13:30:00+00:00,False,False,1.0,2737.99952421798,True,2025-02-07 13:30:00+00:00|LONG|TBX0|2764.4295|26.43,0.0,True,0.9057708746870924,market_like,0.43323782754523177,-1.6810262662875382,1.1990342709807136,-7.709024752855838,True,False,True,0.0,0.6810262662875382,1.1515484122456423,15.630714285714346,1.1990342709807136,1.1990342709807136,True,True,False,False,0.75,hopeless,0.1971460202159876,0.5223454612889963,0.40722260590701836,1.0827463162798883
ETHUSDT,1H,SHORT,TBX7A,2677.21,2616.28,9.0,92.59,30.86,2025-02-07 18:00:00+00:00,2025-02-07 23:30,30.86,26.86,NORMAL,1.0,,2025-02,,,False,,True,2025-02-07 23:30:00+00:00,False,False,-1.0,2686.21,True,2025-02-07 18:00:00+00:00|SHORT|TBX7A|2677.21|9.0,0.0,True,0.14222222222219394,market_like,12.9477777777778,-2.8655555555555514,12.9477777777778,-2.8655555555555514,True,True,False,0.0,1.8655555555555514,0.6885582049329176,24.38428571428572,12.9477777777778,,True,True,True,True,4.5,winner_survived_stop_touch,0.4321185415586152,0.6756383432490256,0.6360653867547656,1.0796369927068623
ETHUSDT,1H,LONG,TBX0,2628.78,2614.76,14.02,-13.6,-0.97,2025-02-12 08:00:00+00:00,2025-02-12 09:15,-0.97,-0.97,NORMAL,1.0,,2025-02,,,False,,,2025-02-12 09:15:00+00:00,False,False,1.0,2614.76,True,2025-02-12 08:00:00+00:00|LONG|TBX0|2628.78|14.02,0.0,True,0.8216833095577734,market_like,0.5520684736091143,-1.4058487874465075,3.8580599144079666,-6.174750356633393,True,False,True,5.0,0.40584878744650754,0.5269215504696396,10.798571428571481,4.721825962910115,,True,True,True,False,10.75,stop_hunt,0.4321185415586152,0.6756383432490256,0.6360653867547656,1.0796369927068623
ETHUSDT,15M,LONG,TBX0,2639.6072382339926,2720.68,67.85,79.15,1.17,2025-02-12 16:45:00+00:00,2025-02-13 04:00,1.17,1.17,GREEN,1.2,CPI после 12:00 UTC,2025-02,,,False,,,2025-02-13 04:00:00+00:00,False,False,1.0,2571.7572382339927,True,2025-02-12 16:45:00+00:00|LONG|TBX0|2639.6072|67.85,0.0,True,0.3821258398525091,market_like,2.290092288371514,-0.4752724868679801,2.290092288371514,-0.4752724868679801,False,False,False,,0.0,0.0,33.77142857142859,,,False,False,False,False,,clean_winner,0.1971460202159876,0.5223454612889963,0.40722260590701836,1.0827463162798883
ETHUSDT,1H,SHORT,TBX0,2720.68,2664.7906488528156,25.72,67.07,2.6,2025-02-13 04:00:00+00:00,2025-02-13 15:15,2.6,2.6,GREEN,1.2,PPI утро до 09:00 UTC,2025-02,,,False,,,2025-02-13 15:15:00+00:00,False,False,-1.0,2746.3999999999996,True,2025-02-13 04:00:00+00:00|SHORT|TBX0|2720.68|25.72,3.0,False,0.8888024883359303,limit_retest,4.222395023328146,-0.946345256609648,4.222395023328146,-0.946345256609648,False,False,False,,0.0,0.0,10.152857142857167,,,False,False,False,False,,clean_winner,0.4321185415586152,0.6756383432490256,0.6360653867547656,1.0796369927068623
ETHUSDT,15M,SHORT,TBX0,2625.435574769862,2656.51,42.62,-31.07,-0.73,2025-02-13 16:15:00+00:00,2025-02-13 19:00,-0.73,-0.73,NORMAL,1.0,,2025-02,,,False,,,2025-02-13 19:00:00+00:00,False,False,-1.0,2668.055574769862,True,2025-02-13 16:15:00+00:00|SHORT|TBX0|2625.4356|42.62,0.0,True,0.3349231635414864,market_like,0.34527392702632775,-0.8398504277366995,0.34527392702632775,-2.2352047214954935,False,False,False,,0.0,0.0,22.779285714285738,,,False,False,False,False,,not_applicable,0.1971460202159876,0.5223454612889963,0.40722260590701836,1.0827463162798883
ETHUSDT,1H,LONG,TBX7A,2713.91,2771.8642148863264,22.29,57.95,2.43,2025-02-17 08:00:00+00:00,2025-02-17 15:30,2.43,2.43,NORMAL,1.0,,2025-02,,,False,,,2025-02-17 15:30:00+00:00,False,False,1.0,2691.62,True,2025-02-17 08:00:00+00:00|LONG|TBX7A|2713.91|22.29,3.0,False,1.4997756841632945,limit_retest,6.049798115746988,-1.7281292059219373,6.049798115746988,-1.7281292059219373,True,True,False,0.0,0.7281292059219373,1.147749659039243,14.140714285714337,6.049798115746988,,True,True,True,True,7.0,winner_survived_stop_touch,0.4321185415586152,0.6756383432490256,0.6360653867547656,1.0796369927068623
ETHUSDT,15M,LONG,TBX7A,2760.42,2720.698834547894,72.67,-37.54,-0.52,2025-02-17 21:15:00+00:00,2025-02-18 00:15,-0.52,-0.52,NORMAL,1.0,,2025-02,,,False,,,2025-02-18 00:15:00+00:00,False,False,1.0,2687.75,True,2025-02-17 21:15:00+00:00|LONG|TBX7A|2760.42|72.67,0.0,True,0.2618687216182771,market_like,0.23090683913581594,-0.6181367827163902,0.23090683913581594,-1.515205724508052,False,False,False,,0.0,0.0,16.61428571428574,,,False,False,False,False,,not_applicable,0.1971460202159876,0.5223454612889963,0.40722260590701836,1.0827463162798883
ETHUSDT,1H,SHORT,TBX0,2700.39,2703.989070446272,22.15,-2.94,-0.13,2025-02-18 04:00:00+00:00,2025-02-18 10:30,-0.13,-0.13,NORMAL,1.0,,2025-02,,,False,,,2025-02-18 10:30:00+00:00,False,False,-1.0,2722.54,True,2025-02-18 04:00:00+00:00|SHORT|TBX0|2700.39|22.15,1.0,False,0.4677200902934595,limit_retest,2.260948081264105,-0.7435665914221334,2.260948081264105,-1.4153498871331789,False,False,False,,0.0,0.0,11.727857142857081,,,False,False,False,False,,not_applicable,0.4321185415586152,0.6756383432490256,0.6360653867547656,1.0796369927068623
ETHUSDT,15M,SHORT,TBX0,2674.8444229393062,2651.71,43.71,23.13,0.53,2025-02-18 14:45:00+00:00,2025-02-18 21:15,0.53,0.53,NORMAL,1.0,,2025-02,,,False,,,2025-02-18 21:15:00+00:00,False,False,-1.0,2718.5544229393063,True,2025-02-18 14:45:00+00:00|SHORT|TBX0|2674.8444|43.71,0.0,True,0.4139916966527983,limit_retest,1.6166649036674996,-0.4611205001302621,1.6166649036674996,-0.4611205001302621,False,False,False,,0.0,0.0,16.057857142857074,,,False,False,False,False,,clean_winner,0.1971460202159876,0.5223454612889963,0.40722260590701836,1.0827463162798883
ETHUSDT,1H,LONG,TBX0,2692.94,2666.0801748106037,31.7,-30.41,-0.96,2025-02-19 03:00:00+00:00,2025-02-19 04:45,-0.96,-0.96,GREEN,1.25,День FOMC Minutes,2025-02,,,False,,,2025-02-19 04:45:00+00:00,False,False,1.0,2661.2400000000002,True,2025-02-19 03:00:00+00:00|LONG|TBX0|2692.94|31.7,3.0,False,0.09905362776024836,limit_retest,0.09337539432176771,-0.8813880126182982,1.3621451104100895,-0.9444794952681406,False,False,False,,0.0,0.0,10.367857142857117,,,False,False,False,False,,ambiguous_stop,0.4321185415586152,0.6756383432490256,0.6360653867547656,1.0796369927068623
ETHUSDT,15M,LONG,TBX0,2693.2667085902303,2711.9098338599742,26.03,14.47,0.56,2025-02-19 05:30:00+00:00,2025-02-19 12:45,0.56,0.56,GREEN,1.25,День FOMC Minutes,2025-02,,,False,,,2025-02-19 12:45:00+00:00,False,False,1.0,2667.23670859023,True,2025-02-19 05:30:00+00:00|LONG|TBX0|2693.2667|26.03,0.0,True,0.5657590699281742,market_like,1.6463039342977162,-0.5665274141463832,1.6463039342977162,-0.6714063999320159,False,False,False,,0.0,0.0,11.95642857142853,,,False,False,False,False,,clean_winner,0.1971460202159876,0.5223454612889963,0.40722260590701836,1.0827463162798883
ETHUSDT,15M,LONG,TBX0,2725.8280090677163,2704.46,21.37,-26.71,-1.25,2025-02-19 14:30:00+00:00,2025-02-19 14:30,-1.25,-1.25,GREEN,1.25,День FOMC Minutes,2025-02,,,False,,,2025-02-19 14:30:00+00:00,False,False,1.0,2704.4580090677164,True,2025-02-19 14:30:00+00:00|LONG|TBX0|2725.828|21.37,0.0,True,0.3522699610536305,market_like,0.22423916388786264,-1.8225554079417947,0.4291993885018125,-2.341507209532817,True,True,False,0.0,0.8225554079417947,1.5309949418192514,11.481428571428555,0.4291993885018125,,True,False,False,False,8.5,hopeless,0.1971460202159876,0.5223454612889963,0.40722260590701836,1.0827463162798883
ETHUSDT,15M,LONG,TBX0,2716.394455655203,2728.366627299237,32.94,10.57,0.32,2025-02-19 16:15:00+00:00,2025-02-20 05:45,0.32,0.32,GREEN,1.25,День FOMC Minutes,2025-02,,,False,,,2025-02-20 05:45:00+00:00,False,False,1.0,2683.4544556552028,True,2025-02-19 16:15:00+00:00|LONG|TBX0|2716.3945|32.94,0.0,True,0.30675335929577585,market_like,1.2791604233393257,-0.7044461340377282,1.0202047463508557,-0.7044461340377282,False,False,False,,0.0,0.0,15.732142857142792,,,False,False,False,False,,clean_winner,0.1971460202159876,0.5223454612889963,0.40722260590701836,1.0827463162798883
ETHUSDT,1H,LONG,TBX7A,2736.87,2727.87,9.0,-8.73,-0.97,2025-02-20 23:00:00+00:00,2025-02-21 01:00,-0.97,-0.97,NORMAL,1.0,,2025-02,,,False,,,2025-02-21 01:00:00+00:00,False,False,1.0,2727.87,True,2025-02-20 23:00:00+00:00|LONG|TBX7A|2736.87|9.0,1.0,False,1.082222222222198,limit_retest,0.981111111111103,-1.1833333333333433,10.445555555555579,-1.4133333333333111,True,False,True,0.0,0.18333333333334334,0.18710513526649183,8.818571428571497,10.445555555555579,0.981111111111103,True,True,True,True,10.25,stop_hunt,0.4321185415586152,0.6756383432490256,0.6360653867547656,1.0796369927068623
ETHUSDT,15M,LONG,TBX7A,2752.0144896277866,2749.3047878338684,22.69,-1.11,-0.05,2025-02-21 04:30:00+00:00,2025-02-21 08:15,-0.05,-0.05,NORMAL,1.0,,2025-02,,,False,,,2025-02-21 08:15:00+00:00,False,False,1.0,2729.3244896277865,True,2025-02-21 04:30:00+00:00|LONG|TBX7A|2752.0145|22.69,0.0,True,0.3087038178839299,market_like,0.7455050847163176,-0.387593196464821,4.0980833130107275,-3.7842437032960112,False,False,False,,0.0,0.0,7.601428571428609,,,False,False,False,False,,not_applicable,0.1971460202159876,0.5223454612889963,0.40722260590701836,1.0827463162798883
ETHUSDT,15M,LONG,TBX7B,2825.668670038503,2783.01,42.66,-12.16,-0.28,2025-02-23 13:15:00+00:00,2025-02-23 15:30,-0.28,-0.28,NORMAL,1.0,,2025-02,,,False,,,2025-02-23 15:30:00+00:00,False,False,1.0,2783.008670038503,True,2025-02-23 13:15:00+00:00|LONG|TBX7B|2825.6687|42.66,0.0,True,0.4791061893695032,market_like,0.010345287423748331,-1.0311455705228127,0.8258633371190124,-1.2615721996836173,True,False,True,9.0,0.03114557052281275,0.10794046619302904,12.309285714285709,0.8258633371190124,,True,False,False,False,7.75,ambiguous_stop,0.1971460202159876,0.5223454612889963,0.40722260590701836,1.0827463162798883
ETHUSDT,1H,SHORT,TBX7A,2720.41,2445.0240181264835,9.0,275.39,42.74,2025-02-24 07:00:00+00:00,2025-02-25 19:30,42.74,100.91,NORMAL,1.0,,2025-02,,,False,,True,2025-02-25 19:30:00+00:00,False,False,-1.0,2729.41,True,2025-02-24 07:00:00+00:00|SHORT|TBX7A|2720.41|9.0,1.0,False,1.0022222222222201,limit_retest,48.142222222222195,-1.5855555555555536,9.655555555555516,-1.5855555555555536,True,False,True,0.0,0.5855555555555536,0.372250252270433,14.157142857142844,9.655555555555516,9.655555555555516,True,True,True,True,8.75,winner_survived_stop_touch,0.4321185415586152,0.6756383432490256,0.6360653867547656,1.0796369927068623
ETHUSDT,15M,SHORT,TBX7B,2271.5192917791633,2119.29,35.05,112.24,3.2,2025-02-28 01:15:00+00:00,2025-02-28 08:00,3.2,5.9,NORMAL,1.0,,2025-02,,,False,,True,2025-02-28 08:00:00+00:00,False,False,-1.0,2306.5692917791634,True,2025-02-28 01:15:00+00:00|SHORT|TBX7B|2271.5193|35.05,0.0,True,0.612288394317739,limit_retest,5.749480507251449,-0.6761970961722263,5.749480507251449,-0.6761970961722263,False,False,False,,0.0,0.0,15.587857142857112,,,False,False,False,False,,clean_winner,0.1971460202159876,0.5223454612889963,0.40722260590701836,1.0827463162798883
ETHUSDT,1H,LONG,TBX0,2119.29,2226.367084066049,59.41,108.95,1.83,2025-02-28 08:00:00+00:00,2025-03-01 07:00,1.83,1.83,NORMAL,1.0,,2025-02,,,False,,,2025-03-01 07:00:00+00:00,False,False,1.0,2059.88,True,2025-02-28 08:00:00+00:00|LONG|TBX0|2119.29|59.41,0.0,True,0.24255175896313508,market_like,2.700892105706111,-0.752061942433931,2.291028446389499,-0.752061942433931,False,False,False,,0.0,0.0,27.159999999999986,,,False,False,False,False,,clean_winner,0.4321185415586152,0.6756383432490256,0.6360653867547656,1.0796369927068623
ETHUSDT,1H,LONG,TBX0,1895.93,1888.6567341741097,19.78,-6.28,-0.32,2025-03-16 14:00:00+00:00,2025-03-16 19:00,-0.32,-0.32,NORMAL,1.0,,2025-03,,,False,,,2025-03-16 19:00:00+00:00,False,False,1.0,1876.15,True,2025-03-16 14:00:00+00:00|LONG|TBX0|1895.93|19.78,3.0,False,0.8736097067745183,limit_retest,1.4140546006066748,-0.9059656218402463,1.4140546006066748,-1.9641051567239705,False,False,False,,0.0,0.0,11.365714285714327,,,False,False,False,False,,not_applicable,0.4321185415586152,0.6756383432490256,0.6360653867547656,1.0796369927068623
ETHUSDT,1H,LONG,TBX0,1908.08,1904.15,3.93,-4.77,-1.21,2025-03-17 03:00:00+00:00,2025-03-17 04:15,-1.21,-1.21,GREEN,1.25,День Retail Sales,2025-03,,,False,,,2025-03-17 04:15:00+00:00,False,False,1.0,1904.1499999999999,True,2025-03-17 03:00:00+00:00|LONG|TBX0|1908.08|3.93,0.0,True,0.36386768447832984,market_like,1.7302798982188756,-1.5750636132315081,9.90330788804073,-7.486005089058485,True,False,True,5.0,0.5750636132315081,0.3001043346295902,7.530714285714258,9.90330788804073,,True,True,True,True,8.25,ambiguous_stop,0.4321185415586152,0.6756383432490256,0.6360653867547656,1.0796369927068623
ETHUSDT,1H,SHORT,TBX0,1902.41,1901.3253314171327,23.96,0.86,0.04,2025-03-18 01:00:00+00:00,2025-03-18 13:30,0.04,0.04,YELLOW,0.8,День перед FOMC,2025-03,,,False,,,2025-03-18 13:30:00+00:00,False,False,-1.0,1926.3700000000001,True,2025-03-18 01:00:00+00:00|SHORT|TBX0|1902.41|23.96,2.0,False,0.797161936560931,limit_retest,1.1005843071786359,-0.9023372287145196,0.7579298831385677,-0.9023372287145196,False,False,False,,0.0,0.0,5.76785714285711,,,False,False,False,False,,clean_winner,0.4321185415586152,0.6756383432490256,0.6360653867547656,1.0796369927068623
ETHUSDT,1H,LONG,TBX0,1910.8,2005.417999556384,7.51,75.7,10.08,2025-03-18 21:00:00+00:00,2025-03-19 18:00,10.08,30.98,YELLOW,0.8,День перед FOMC,2025-03,,,False,,True,2025-03-19 18:00:00+00:00,False,False,1.0,1903.29,True,2025-03-18 21:00:00+00:00|LONG|TBX0|1910.8|7.51,0.0,True,0.6671105193075887,market_like,20.652463382157144,-0.7856191744340697,5.01997336884155,-0.7856191744340697,False,False,False,,0.0,0.0,7.671428571428562,,,False,False,False,False,,clean_winner,0.4321185415586152,0.6756383432490256,0.6360653867547656,1.0796369927068623
ETHUSDT,15M,LONG,TBX0,2019.0616600244148,2003.92,15.14,-17.62,-1.16,2025-03-20 08:45:00+00:00,2025-03-20 09:45,-1.16,-1.16,GREEN,1.2,FOMC+1 (день после решения),2025-03,,,False,,,2025-03-20 09:45:00+00:00,False,False,1.0,2003.9216600244147,True,2025-03-20 08:45:00+00:00|LONG|TBX0|2019.0617|15.14,0.0,True,0.38320079421497927,market_like,0.09962615426586253,-1.1348520491687364,0.09962615426586253,-4.485578601348394,True,False,True,4.0,0.1348520491687364,0.31420512632522263,6.497857142857113,-0.6156974917050706,,True,False,False,False,4.5,ambiguous_stop,0.1971460202159876,0.5223454612889963,0.40722260590701836,1.0827463162798883
ETHUSDT,1H,SHORT,TBX0 (a),1966.84,1980.5,13.66,-15.9,-1.16,2025-03-20 18:00:00+00:00,2025-03-20 20:15,-1.16,-1.16,GREEN,1.2,FOMC+1 (день после решения),2025-03,,,False,,,2025-03-20 20:15:00+00:00,False,False,-1.0,1980.5,True,2025-03-20 18:00:00+00:00|SHORT|TBX0 (a)|1966.84|13.66,3.0,False,0.24011713030746507,limit_retest,0.04245973645680287,-1.0285505124451084,0.04245973645680287,-2.120058565153736,True,False,True,9.0,0.028550512445108422,0.03193169191182253,12.213571428571429,0.10248901903366497,,True,False,False,False,11.0,ambiguous_stop,0.4321185415586152,0.6756383432490256,0.6360653867547656,1.0796369927068623
ETHUSDT,1H,LONG,TBX7B,2017.56,2007.56,10.0,-9.7,-0.97,2025-03-23 13:00:00+00:00,2025-03-23 14:15,-0.97,-0.97,NORMAL,1.0,,2025-03,,,False,,,2025-03-23 14:15:00+00:00,False,False,1.0,2007.56,True,2025-03-23 13:00:00+00:00|LONG|TBX7B|2017.56|10.0,1.0,False,0.9460000000000036,limit_retest,0.20499999999999546,-1.38599999999999,0.3400000000000091,-3.8779999999999974,True,False,True,0.0,0.3859999999999899,0.7315554352240287,5.276428571428531,0.3400000000000091,0.20499999999999546,True,False,False,False,11.5,ambiguous_stop,0.4321185415586152,0.6756383432490256,0.6360653867547656,1.0796369927068623
ETHUSDT,15M,SHORT,TBX0,1991.8581598070527,2006.23,18.2,-7.07,-0.39,2025-03-24 01:00:00+00:00,2025-03-24 03:00,-0.39,-0.39,NORMAL,1.0,,2025-03,,,False,,,2025-03-24 03:00:00+00:00,False,False,-1.0,2010.0581598070528,True,2025-03-24 01:00:00+00:00|SHORT|TBX0|1991.8582|18.2,0.0,True,0.31933187873336977,market_like,0.8460527366512477,-0.8055956149971011,0.8460527366512477,-6.17482638422786,False,False,False,,0.0,0.0,9.473571428571436,,,False,False,False,False,,not_applicable,0.1971460202159876,0.5223454612889963,0.40722260590701836,1.0827463162798883
ETHUSDT,15M,LONG,TBX7B,2091.494348944401,2072.95,18.54,-17.41,-0.94,2025-03-24 14:00:00+00:00,2025-03-24 16:15,-0.94,-0.94,NORMAL,1.0,,2025-03,,,False,,,2025-03-24 16:15:00+00:00,False,False,1.0,2072.954348944401,True,2025-03-24 14:00:00+00:00|LONG|TBX7B|2091.4943|18.54,0.0,True,0.5633413670119011,market_like,0.5612541022437576,-1.1016369441424305,0.5612541022437576,-1.9678721113484687,True,True,False,9.0,0.10163694414243052,0.201442312321393,9.354285714285586,0.5288916426968369,,True,False,False,False,2.5,ambiguous_stop,0.1971460202159876,0.5223454612889963,0.40722260590701836,1.0827463162798883
ETHUSDT,1H,LONG,TBX0,1884.99,1896.3400094976705,15.83,11.35,0.72,2025-03-28 21:00:00+00:00,2025-03-29 02:45,0.72,0.72,NORMAL,1.0,,2025-03,,,False,,,2025-03-29 02:45:00+00:00,False,False,1.0,1869.16,True,2025-03-28 21:00:00+00:00|LONG|TBX0|1884.99|15.83,0.0,True,0.5489576753000666,market_like,1.7656348704990552,-0.7826910928616614,1.7656348704990552,-0.7826910928616614,False,False,False,,0.0,0.0,9.057142857142837,,,False,False,False,False,,clean_winner,0.4321185415586152,0.6756383432490256,0.6360653867547656,1.0796369927068623
ETHUSDT,15M,SHORT,TBX7B,1831.911480924687,1845.09,13.18,-10.2,-0.77,2025-03-30 06:15:00+00:00,2025-03-30 08:30,-0.77,-0.77,NORMAL,1.0,,2025-03,,,False,,,2025-03-30 08:30:00+00:00,False,False,-1.0,1845.0914809246872,True,2025-03-30 06:15:00+00:00|SHORT|TBX7B|1831.9115|13.18,0.0,True,0.4004946187642597,limit_retest,0.027426473800239555,-1.0378239055624283,3.786910540568066,-1.2267465155776036,True,False,True,9.0,0.03782390556242832,0.09816128065231057,5.078571428571422,3.786910540568066,,True,True,True,False,5.0,stop_hunt,0.1971460202159876,0.5223454612889963,0.40722260590701836,1.0827463162798883
ETHUSDT,15M,SHORT,TBX7B,1835.0635109958773,1822.08,11.95,10.34,0.87,2025-03-30 10:15:00+00:00,2025-03-30 18:15,0.87,-0.41,NORMAL,1.0,,2025-03,,,False,,True,2025-03-30 18:15:00+00:00,False,False,-1.0,1847.0135109958774,True,2025-03-30 10:15:00+00:00|SHORT|TBX7B|1835.0635|11.95,0.0,True,0.6381999166629901,limit_retest,4.440461171203124,-0.6599572388387216,5.776026024759612,-0.6599572388387216,False,False,False,,0.0,0.0,4.697857142857125,,,False,False,False,False,,clean_winner,0.1971460202159876,0.5223454612889963,0.40722260590701836,1.0827463162798883
ETHUSDT,15M,SHORT,TBX7B,1786.6662134820929,1815.8457182421994,41.49,-8.13,-0.2,2025-03-30 22:00:00+00:00,2025-03-31 01:15,-0.2,-0.2,NORMAL,1.0,,2025-03,,,False,,,2025-03-31 01:15:00+00:00,False,False,-1.0,1828.1562134820929,True,2025-03-30 22:00:00+00:00|SHORT|TBX7B|1786.6662|41.49,0.0,True,0.4457408174959559,limit_retest,0.497136984384018,-0.7990789712679456,0.497136984384018,-0.8759649678936399,False,False,False,,0.0,0.0,9.326428571428567,,,False,False,False,False,,not_applicable,0.1971460202159876,0.5223454612889963,0.40722260590701836,1.0827463162798883
ETHUSDT,15M,SHORT,TBX7B,1788.2509438387945,1800.1399719430544,24.09,-10.24,-0.42,2025-03-31 07:45:00+00:00,2025-03-31 10:45,-0.42,-0.42,NORMAL,1.0,,2025-03,,,False,,,2025-03-31 10:45:00+00:00,False,False,-1.0,1812.3409438387944,True,2025-03-31 07:45:00+00:00|SHORT|TBX7B|1788.2509|24.09,0.0,True,0.2025345023331529,market_like,0.48530277454522663,-0.9019948593277527,0.48530277454522663,-2.7019118373269184,False,False,False,,0.0,0.0,8.33499999999997,,,False,False,False,False,,not_applicable,0.1971460202159876,0.5223454612889963,0.40722260590701836,1.0827463162798883
ETHUSDT,1H,LONG,TBX0,1802.62,1801.8462157601805,34.39,0.95,0.03,2025-03-31 10:00:00+00:00,2025-03-31 13:30,0.03,0.03,NORMAL,1.0,,2025-03,,,False,,,2025-03-31 13:30:00+00:00,False,False,1.0,1768.2299999999998,True,2025-03-31 10:00:00+00:00|LONG|TBX0|1802.62|34.39,3.0,False,0.4972375690607708,limit_retest,1.2550159930212295,-0.757778423960452,1.474847339342833,-0.757778423960452,False,False,False,,0.0,0.0,9.99714285714286,,,False,False,False,False,,clean_winner,0.4321185415586152,0.6756383432490256,0.6360653867547656,1.0796369927068623
ETHUSDT,15M,LONG,TBX0,1837.8758278359971,1820.660314922437,36.91,-9.9,-0.27,2025-03-31 14:30:00+00:00,2025-03-31 17:30,-0.27,-0.27,NORMAL,1.0,,2025-03,,,False,,,2025-03-31 17:30:00+00:00,False,False,1.0,1800.965827835997,True,2025-03-31 14:30:00+00:00|LONG|TBX0|1837.8758|36.91,0.0,True,0.38948327921964626,market_like,0.41896971454897797,-0.5127561050121132,0.41896971454897797,-0.6138127292331921,False,False,False,,0.0,0.0,15.014285714285718,,,False,False,False,False,,not_applicable,0.1971460202159876,0.5223454612889963,0.40722260590701836,1.0827463162798883
ETHUSDT,15M,LONG,TBX7B,1877.8820773229345,1860.24,17.64,-11.84,-0.67,2025-04-01 13:45:00+00:00,2025-04-01 14:00,-0.67,-0.67,NORMAL,1.0,,2025-04,,,False,,,2025-04-01 14:00:00+00:00,False,False,1.0,1860.2420773229344,True,2025-04-01 13:45:00+00:00|LONG|TBX7B|1877.8821|17.64,0.0,True,0.20533318157225064,market_like,0.1733516256839888,-1.9224533629781442,2.829247317293961,-2.079482841436193,True,True,False,1.0,0.9224533629781442,1.8852125332760823,8.631428571428598,2.829247317293961,,True,True,True,False,1.75,hopeless,0.1971460202159876,0.5223454612889963,0.40722260590701836,1.0827463162798883
ETHUSDT,15M,LONG,TBX7B,1876.7488664018563,1905.2736324344319,27.5,8.36,0.3,2025-04-01 14:45:00+00:00,2025-04-01 23:00,0.3,0.3,NORMAL,1.0,,2025-04,,,False,,,2025-04-01 23:00:00+00:00,False,False,1.0,1849.2488664018563,True,2025-04-01 14:45:00+00:00|LONG|TBX7B|1876.7489|27.5,0.0,True,0.23704968734022755,market_like,1.8560412217506796,-0.3406860509765879,1.8560412217506796,-0.3406860509765879,False,False,False,,0.0,0.0,12.931428571428585,,,False,False,False,False,,clean_winner,0.1971460202159876,0.5223454612889963,0.40722260590701836,1.0827463162798883
ETHUSDT,15M,SHORT,TBX7A,1802.7112118302616,1516.79,8.17,571.9,70.0,2025-04-06 06:30:00+00:00,2025-04-07 12:15,70.0,70.0,NORMAL,1.0,,2025-04,,,False,,,2025-04-07 12:15:00+00:00,False,False,-1.0,1810.8812118302617,True,2025-04-06 06:30:00+00:00|SHORT|TBX7A|1802.7112|8.17,0.0,True,0.7342457980095983,limit_retest,48.06746778828172,-0.7697415140438656,22.473832537363734,-0.7697415140438656,False,False,False,,0.0,0.0,4.399999999999977,,,False,False,False,False,,clean_winner,0.1971460202159876,0.5223454612889963,0.40722260590701836,1.0827463162798883
ETHUSDT,1H,LONG,TBX0 (a) or TBX1,1587.56,1558.8908795133414,36.89,-27.56,-0.75,2025-04-08 10:00:00+00:00,2025-04-08 13:30,-0.75,-0.75,NORMAL,1.0,,2025-04,,,False,,,2025-04-08 13:30:00+00:00,False,False,1.0,1550.6699999999998,True,2025-04-08 10:00:00+00:00|LONG|TBX0 (a) or TBX1|1587.56|36.89,7.0,False,0.5445920303605291,limit_retest,0.14177283816752556,-1.070208728652752,0.14177283816752556,-3.635131471943614,True,False,True,14.0,0.07020872865275196,0.298337995721575,8.681428571428585,-0.1306587150989411,-0.1306587150989411,True,False,False,False,0.5,ambiguous_stop,0.4321185415586152,0.6756383432490256,0.6360653867547656,1.0796369927068623
ETHUSDT,1H,LONG,TBX0,1502.0,1633.6267105973634,24.24,65.81,2.71,2025-04-09 16:00:00+00:00,2025-04-10 00:30,2.71,0.07,YELLOW,0.5,День перед CPI,2025-04,,,False,,True,2025-04-10 00:30:00+00:00,False,False,1.0,1477.76,True,2025-04-09 16:00:00+00:00|LONG|TBX0|1502.0|24.24,2.0,False,0.7099834983498365,limit_retest,7.673267326732674,-0.8601485148514815,7.673267326732674,-0.8601485148514815,False,False,False,,0.0,0.0,17.662857142857142,,,False,False,False,False,,clean_winner,0.4321185415586152,0.6756383432490256,0.6360653867547656,1.0796369927068623
ETHUSDT,15M,LONG,TBX7B,1612.8992120478274,1657.7,24.22,27.85,1.15,2025-04-14 00:15:00+00:00,2025-04-14 13:00,1.15,1.15,NORMAL,1.0,,2025-04,,,False,,,2025-04-14 13:00:00+00:00,False,False,1.0,1588.6792120478274,True,2025-04-14 00:15:00+00:00|LONG|TBX7B|1612.8992|24.22,0.0,True,0.22787828438593294,market_like,3.248174564499279,-0.33151164524473636,3.248174564499279,-0.33151164524473636,False,False,False,,0.0,0.0,14.176428571428557,,,False,False,False,False,,clean_winner,0.1971460202159876,0.5223454612889963,0.40722260590701836,1.0827463162798883
ETHUSDT,15M,SHORT,TBX4,1630.8607579428692,1642.3233050964045,14.87,-11.01,-0.74,2025-04-15 10:30:00+00:00,2025-04-15 12:45,-0.74,-0.74,NORMAL,1.0,,2025-04,,,False,,,2025-04-15 12:45:00+00:00,False,False,-1.0,1645.730757942869,True,2025-04-15 10:30:00+00:00|SHORT|TBX4|1630.8608|14.87,0.0,True,0.2514621423759715,market_like,0.6416111595742621,-0.7713007435864636,3.0498155980409702,-2.005328988374637,False,False,False,,0.0,0.0,7.317142857142845,,,False,False,False,False,,not_applicable,0.1971460202159876,0.5223454612889963,0.40722260590701836,1.0827463162798883
ETHUSDT,1H,LONG,TBX7A,1604.77,1595.19,14.89,-11.97,-0.75,2025-04-17 16:00:00+00:00,2025-04-17 19:00,-0.75,-0.75,GREEN,1.25,Канун праздника (прочие),2025-04,,,False,,,2025-04-17 19:00:00+00:00,False,False,1.0,1589.8799999999999,True,2025-04-17 16:00:00+00:00|LONG|TBX7A|1604.77|14.89,1.0,False,1.500335795836126,limit_retest,0.8085963734049673,-1.8932169241101446,0.8085963734049673,-1.9751511081262647,True,True,False,0.0,0.8932169241101446,1.3795658294435877,9.640714285714271,0.8085963734049673,,True,False,False,False,0.5,hopeless,0.4321185415586152,0.6756383432490256,0.6360653867547656,1.0796369927068623
ETHUSDT,15M,LONG,TBX7A,1583.4973440603721,1581.491119018293,9.73,-1.02,-0.11,2025-04-18 07:30:00+00:00,2025-04-18 11:00,-0.11,-0.11,NORMAL,1.0,,2025-04,,,False,,,2025-04-18 11:00:00+00:00,False,False,1.0,1573.7673440603721,True,2025-04-18 07:30:00+00:00|LONG|TBX7A|1583.4973|9.73,0.0,True,0.24330360332703327,market_like,0.9149697779679289,-0.3594392662252973,1.3497077019144876,-0.610210078147194,False,False,False,,0.0,0.0,4.445000000000001,,,False,False,False,False,,not_applicable,0.1971460202159876,0.5223454612889963,0.40722260590701836,1.0827463162798883
ETHUSDT,1H,SHORT,TBX0 (a),1752.83,1762.49,9.66,-9.66,-1.0,2025-04-24 13:00:00+00:00,2025-04-24 14:00,-1.0,-1.0,NORMAL,1.0,,2025-04,,,False,,,2025-04-24 14:00:00+00:00,False,False,-1.0,1762.49,True,2025-04-24 13:00:00+00:00|SHORT|TBX0 (a)|1752.83|9.66,0.0,True,0.4306418219461782,limit_retest,1.0051759834368568,-1.9016563146998051,1.0051759834368568,-2.536231884057971,True,False,True,4.0,0.9016563146998051,1.3698045383060173,6.358571428571428,0.8012422360248457,,True,False,False,False,3.25,hopeless,0.4321185415586152,0.6756383432490256,0.6360653867547656,1.0796369927068623
ETHUSDT,15M,SHORT,TBX0 (a),1774.5084291269513,1796.07,21.56,-20.91,-0.97,2025-04-25 12:45:00+00:00,2025-04-25 14:45,-0.97,-0.97,NORMAL,1.0,,2025-04,,,False,,,2025-04-25 14:45:00+00:00,False,False,-1.0,1796.0684291269513,True,2025-04-25 12:45:00+00:00|SHORT|TBX0 (a)|1774.5084|21.56,0.0,True,0.667512563685007,limit_retest,0.867274078244499,-1.7997018030170968,0.867274078244499,-2.4304995766720197,True,True,False,8.0,0.7997018030170968,1.494810454685906,11.534285714285732,-0.31593556925086247,,True,False,False,False,3.0,hopeless,0.1971460202159876,0.5223454612889963,0.40722260590701836,1.0827463162798883
ETHUSDT,1H,LONG,TBX7A,1807.6,1787.212060160979,26.33,-25.54,-0.97,2025-04-25 14:00:00+00:00,2025-04-25 23:30,-0.97,-0.97,NORMAL,1.0,,2025-04,,,False,,,2025-04-25 23:30:00+00:00,False,False,1.0,1781.27,True,2025-04-25 14:00:00+00:00|LONG|TBX7A|1807.6|26.33,3.0,False,1.5001898974553742,limit_retest,0.7333839726547731,-1.5408279529054287,0.7333839726547731,-1.5408279529054287,True,True,False,0.0,0.5408279529054287,1.1195597237041552,12.719285714285727,0.7333839726547731,,True,False,False,False,1.25,hopeless,0.4321185415586152,0.6756383432490256,0.6360653867547656,1.0796369927068623
ETHUSDT,15M,SHORT,TBX0 (a),1793.8977842604181,1783.6079732734509,12.14,10.29,0.85,2025-04-27 22:00:00+00:00,2025-04-28 03:30,0.85,0.85,NORMAL,1.0,,2025-04,,,False,,,2025-04-28 03:30:00+00:00,False,False,-1.0,1806.0377842604182,True,2025-04-27 22:00:00+00:00|SHORT|TBX0 (a)|1793.8978|12.14,0.0,True,0.6789304563082356,limit_retest,3.5344138600014916,-0.7036421531780835,3.5344138600014916,-1.8024889406574836,False,False,False,,0.0,0.0,5.559999999999994,,,False,False,False,False,,clean_winner,0.1971460202159876,0.5223454612889963,0.40722260590701836,1.0827463162798883
ETHUSDT,15M,LONG,TBX0,1805.6799329449223,1821.3681187384848,16.55,15.69,0.95,2025-04-29 06:15:00+00:00,2025-04-29 12:45,0.95,0.95,NORMAL,1.0,,2025-04,,,False,,,2025-04-29 12:45:00+00:00,False,False,1.0,1789.1299329449223,True,2025-04-29 06:15:00+00:00|LONG|TBX0|1805.6799|16.55,0.0,True,0.2283947398744511,market_like,2.2441128129956303,-0.22899896948170131,2.2441128129956303,-0.2827754045270246,False,False,False,,0.0,0.0,6.445000000000001,,,False,False,False,False,,clean_winner,0.1971460202159876,0.5223454612889963,0.40722260590701836,1.0827463162798883
ETHUSDT,15M,LONG,TBX0,1828.1536379737265,1811.11,17.04,-16.53,-0.97,2025-04-29 16:30:00+00:00,2025-04-29 17:00,-0.97,-0.97,NORMAL,1.0,,2025-04,,,False,,,2025-04-29 17:00:00+00:00,False,False,1.0,1811.1136379737266,True,2025-04-29 16:30:00+00:00|LONG|TBX0|1828.1536|17.04,0.0,True,0.31476748672104193,market_like,0.1957958935606509,-1.3000961252186924,0.1957958935606509,-2.8634764069088394,True,False,True,2.0,0.30009612521869244,0.5246294271740545,9.747142857142828,0.04966913299727008,0.04966913299727008,True,False,False,False,0.75,ambiguous_stop,0.1971460202159876,0.5223454612889963,0.40722260590701836,1.0827463162798883
ETHUSDT,1H,SHORT,TBX7A,1816.93,1812.198722433608,11.66,4.73,0.38,2025-05-04 22:00:00+00:00,2025-05-05 05:45,0.38,0.38,NORMAL,1.0,,2025-05,,,False,,,2025-05-05 05:45:00+00:00,False,False,-1.0,1828.5900000000001,True,2025-05-04 22:00:00+00:00|SHORT|TBX7A|1816.93|11.66,2.0,False,1.5000000000000007,limit_retest,3.165523156089201,-1.5085763293310392,3.165523156089201,-1.5085763293310392,True,False,True,0.0,0.5085763293310392,1.1463684065175124,5.172857142857181,3.165523156089201,3.165523156089201,True,True,True,False,3.5,winner_survived_stop_touch,0.4321185415586152,0.6756383432490256,0.6360653867547656,1.0796369927068623
ETHUSDT,15M,LONG,TBX0,1825.515817004464,1811.18,22.37,-14.34,-0.64,2025-05-05 22:30:00+00:00,2025-05-06 00:30,-0.64,-0.64,NORMAL,1.0,,2025-05,,,False,,,2025-05-06 00:30:00+00:00,False,False,1.0,1803.145817004464,True,2025-05-05 22:30:00+00:00|LONG|TBX0|1825.5158|22.37,0.0,True,0.23450232474135072,market_like,0.3336693337298176,-0.6922582478526609,0.3336693337298176,-1.7199739385097914,False,False,False,,0.0,0.0,6.771428571428585,,,False,False,False,False,,not_applicable,0.1971460202159876,0.5223454612889963,0.40722260590701836,1.0827463162798883
ETHUSDT,1H,SHORT,TBX7B,1802.63,1776.19,10.0,21.15,3.53,2025-05-06 02:00:00+00:00,2025-05-06 18:15,3.53,3.53,YELLOW,0.8,День перед FOMC,2025-05,,,False,,,2025-05-06 18:15:00+00:00,False,False,-1.0,1812.63,True,2025-05-06 02:00:00+00:00|SHORT|TBX7B|1802.63|10.0,0.0,True,0.08399999999999182,market_like,5.263000000000011,-0.5919999999999845,5.263000000000011,-0.5919999999999845,False,False,False,,0.0,0.0,6.013571428571432,,,False,False,False,False,,clean_winner,0.4321185415586152,0.6756383432490256,0.6360653867547656,1.0796369927068623
ETHUSDT,15M,LONG,TBX0,1790.259341413187,1833.1777609726207,23.44,34.34,1.46,2025-05-06 22:00:00+00:00,2025-05-07 10:15,1.46,1.46,YELLOW,0.8,День перед FOMC,2025-05,,,False,,,2025-05-07 10:15:00+00:00,False,False,1.0,1766.819341413187,True,2025-05-06 22:00:00+00:00|LONG|TBX0|1790.2593|23.44,0.0,True,0.650995794077945,market_like,2.548662908993727,-0.6629411865694114,2.548662908993727,-0.6629411865694114,False,False,False,,0.0,0.0,10.178571428571429,,,False,False,False,False,,clean_winner,0.1971460202159876,0.5223454612889963,0.40722260590701836,1.0827463162798883
ETHUSDT,1H,LONG,TBX7A,1840.86,2304.1434207757825,12.5,555.94,41.51,2025-05-08 02:00:00+00:00,2025-05-09 09:15,41.51,113.29,GREEN,1.2,FOMC+1 (день после решения),2025-05,,,False,,True,2025-05-09 09:15:00+00:00,False,False,1.0,1828.36,True,2025-05-08 02:00:00+00:00|LONG|TBX7A|1840.86|12.5,2.0,False,1.5,limit_retest,51.991200000000006,-1.5,11.462400000000017,-1.5,True,True,False,0.0,0.5,0.7315441852687881,8.543571428571454,11.462400000000017,,True,True,True,True,11.5,winner_survived_stop_touch,0.4321185415586152,0.6756383432490256,0.6360653867547656,1.0796369927068623
ETHUSDT,1H,LONG,TBX0,2523.61,2648.677033536817,54.05,150.08,2.77,2025-05-13 12:00:00+00:00,2025-05-14 02:00,2.77,2.77,GREEN,1.2,CPI после 12:00 UTC,2025-05,,,False,,,2025-05-14 02:00:00+00:00,False,False,1.0,2469.56,True,2025-05-13 12:00:00+00:00|LONG|TBX0|2523.61|54.05,2.0,False,0.21017576318224104,limit_retest,3.977983348751152,-0.6194264569842742,3.977983348751152,-0.6194264569842742,False,False,False,,0.0,0.0,14.212857142857144,,,False,False,False,False,,clean_winner,0.4321185415586152,0.6756383432490256,0.6360653867547656,1.0796369927068623
ETHUSDT,1H,LONG,TBX0,2465.59,2520.99,27.52,55.4,2.01,2025-05-19 15:00:00+00:00,2025-05-20 10:00,2.01,2.01,NORMAL,1.0,,2025-05,,,False,,,2025-05-20 10:00:00+00:00,False,False,1.0,2438.07,True,2025-05-19 15:00:00+00:00|LONG|TBX0|2465.59|27.52,2.0,False,0.703488372093028,limit_retest,4.448037790697669,-0.8571947674418657,4.448037790697669,-0.8571947674418657,False,False,False,,0.0,0.0,17.782857142857146,,,False,False,False,False,,clean_winner,0.4321185415586152,0.6756383432490256,0.6360653867547656,1.0796369927068623
ETHUSDT,1H,LONG,TBX7B,2592.49,2563.215084957971,32.26,-29.27,-0.95,2025-05-21 05:00:00+00:00,2025-05-21 07:00,-0.95,-0.95,NORMAL,1.0,,2025-05,,,False,,,2025-05-21 07:00:00+00:00,False,False,1.0,2560.2299999999996,True,2025-05-21 05:00:00+00:00|LONG|TBX7B|2592.49|32.26,1.0,False,1.3332300061996207,limit_retest,0.7120272783633061,-1.3425294482331045,0.7120272783633061,-2.4575325480471095,True,False,True,0.0,0.3425294482331045,0.8066113978830979,13.699285714285711,0.7120272783633061,0.7120272783633061,True,False,False,False,1.5,ambiguous_stop,0.4321185415586152,0.6756383432490256,0.6360653867547656,1.0796369927068623
ETHUSDT,15M,LONG,TBX7B,2537.0846939214907,2638.88,47.14,89.04,1.89,2025-05-21 22:45:00+00:00,2025-05-22 11:15,1.89,1.89,NORMAL,1.0,,2025-05,,,False,,,2025-05-22 11:15:00+00:00,False,False,1.0,2489.944693921491,True,2025-05-21 22:45:00+00:00|LONG|TBX7B|2537.0847|47.14,0.0,True,0.3566969436039615,market_like,3.299221596913649,-0.4328530742785509,3.299221596913649,-0.4328530742785509,False,False,False,,0.0,0.0,17.179285714285697,,,False,False,False,False,,clean_winner,0.1971460202159876,0.5223454612889963,0.40722260590701836,1.0827463162798883
ETHUSDT,1H,LONG,TBX7B,2665.5,2652.50759762064,16.76,-12.99,-0.83,2025-05-22 14:00:00+00:00,2025-05-22 16:15,-0.83,-0.83,NORMAL,1.0,,2025-05,,,False,,,2025-05-22 16:15:00+00:00,False,False,1.0,2648.74,True,2025-05-22 14:00:00+00:00|LONG|TBX7B|2665.5|16.76,0.0,True,1.3335322195704002,market_like,0.8233890214797244,-1.3335322195704002,1.6963007159904435,-2.399761336515501,True,False,True,0.0,0.33353221957040025,0.30498830865159343,18.32857142857139,2.279832935560861,,True,True,True,False,12.0,stop_hunt,0.4321185415586152,0.6756383432490256,0.6360653867547656,1.0796369927068623
ETHUSDT,1H,SHORT,TBX0,2692.24,2669.26,28.87,22.98,0.8,2025-05-29 12:00:00+00:00,2025-05-29 18:00,0.8,0.8,NORMAL,1.0,,2025-05,,,False,,,2025-05-29 18:00:00+00:00,False,False,-1.0,2721.1099999999997,True,2025-05-29 12:00:00+00:00|SHORT|TBX0|2692.24|28.87,2.0,False,0.7828195358503762,limit_retest,2.4932455836508334,-0.8953931416695657,2.602355386214051,-0.8953931416695657,False,False,False,,0.0,0.0,10.197142857142808,,,False,False,False,False,,clean_winner,0.4321185415586152,0.6756383432490256,0.6360653867547656,1.0796369927068623
ETHUSDT,15M,SHORT,TBX0,2596.595464933505,2605.63,34.03,-29.61,-0.87,2025-05-30 09:30:00+00:00,2025-05-30 15:00,-0.87,-0.87,NORMAL,1.0,,2025-05,,,False,,,2025-05-30 15:00:00+00:00,False,False,-1.0,2630.625464933505,True,2025-05-30 09:30:00+00:00|SHORT|TBX0|2596.5955|34.03,0.0,True,0.49910476245944835,limit_retest,0.7471485434471004,-0.8961074071846972,1.956963412680132,-0.8961074071846972,False,False,False,,0.0,0.0,15.216428571428489,,,False,False,False,False,,not_applicable,0.1971460202159876,0.5223454612889963,0.40722260590701836,1.0827463162798883
ETHUSDT,1H,LONG,TBX7B,2624.0,2620.59,10.0,-5.08,-0.51,2025-06-05 03:00:00+00:00,2025-06-05 05:15,-0.51,-0.51,NORMAL,1.0,,2025-06,,,False,,,2025-06-05 05:15:00+00:00,False,False,1.0,2614.0,True,2025-06-05 03:00:00+00:00|LONG|TBX7B|2624.0|10.0,0.0,True,0.5099999999999909,market_like,0.9760000000000219,-0.7989999999999782,1.6,-6.398999999999978,False,False,False,,0.0,0.0,8.146428571428519,,,False,False,False,False,,not_applicable,0.4321185415586152,0.6756383432490256,0.6360653867547656,1.0796369927068623
ETHUSDT,1H,SHORT,TBX7A,2603.38,2612.38,9.0,-8.73,-0.97,2025-06-05 06:00:00+00:00,2025-06-05 07:15,-0.97,-0.97,NORMAL,1.0,,2025-06,,,False,,,2025-06-05 07:15:00+00:00,False,False,-1.0,2612.38,True,2025-06-05 06:00:00+00:00|SHORT|TBX7A|2603.38|9.0,2.0,False,0.9666666666666465,limit_retest,0.24000000000003435,-1.531111111111083,5.929999999999988,-4.068888888888877,True,True,False,0.0,0.5311111111110829,0.6203188728216228,7.705714285714261,5.929999999999988,,True,True,True,True,10.75,ambiguous_stop,0.4321185415586152,0.6756383432490256,0.6360653867547656,1.0796369927068623
ETHUSDT,1H,LONG,TBX7A,2630.27,2614.51,15.76,-15.76,-1.0,2025-06-05 12:00:00+00:00,2025-06-05 13:30,-1.0,-1.0,NORMAL,1.0,,2025-06,,,False,,,2025-06-05 13:30:00+00:00,False,False,1.0,2614.5099999999998,True,2025-06-05 12:00:00+00:00|LONG|TBX7A|2630.27|15.76,3.0,False,1.499999999999992,limit_retest,0.6173857868020316,-1.6529187817259,0.6173857868020316,-15.245558375634516,True,True,False,0.0,0.6529187817258999,1.1354035308953614,9.062857142857085,0.6173857868020316,0.6173857868020316,True,False,False,False,0.75,hopeless,0.4321185415586152,0.6756383432490256,0.6360653867547656,1.0796369927068623
ETHUSDT,1H,SHORT,TBX7A,2588.64,2461.99,27.75,126.65,4.26,2025-06-05 13:00:00+00:00,2025-06-06 05:00,4.26,4.26,NORMAL,1.0,,2025-06,,,False,,,2025-06-06 05:00:00+00:00,False,False,-1.0,2616.39,True,2025-06-05 13:00:00+00:00|SHORT|TBX7A|2588.64|27.75,3.0,False,1.5001801801801842,limit_retest,7.532252252252252,-1.6583783783783776,7.532252252252252,-1.6583783783783776,True,True,False,0.0,0.6583783783783776,1.657894736842116,11.019999999999916,7.532252252252252,,True,True,True,True,11.25,winner_survived_stop_touch,0.4321185415586152,0.6756383432490256,0.6360653867547656,1.0796369927068623
ETHUSDT,1H,LONG,TBX0,2480.34,2466.2576109233364,15.32,-13.62,-0.89,2025-06-06 10:00:00+00:00,2025-06-06 12:30,-0.89,-0.89,NORMAL,1.0,,2025-06,,,False,,,2025-06-06 12:30:00+00:00,False,False,1.0,2465.02,True,2025-06-06 10:00:00+00:00|LONG|TBX0|2480.34|15.32,1.0,False,0.8368146214099323,limit_retest,1.279373368146208,-0.958224543080959,3.219973890339421,-0.958224543080959,False,False,False,,0.0,0.0,8.007857142857087,,,False,False,False,False,,not_applicable,0.4321185415586152,0.6756383432490256,0.6360653867547656,1.0796369927068623
ETHUSDT,1H,LONG,TBX7A,2534.07,2522.5816062997305,17.17,-10.12,-0.59,2025-06-09 10:00:00+00:00,2025-06-09 13:30,-0.59,-0.59,NORMAL,1.0,,2025-06,,,False,,,2025-06-09 13:30:00+00:00,False,False,1.0,2516.9,True,2025-06-09 10:00:00+00:00|LONG|TBX7A|2534.07|17.17,1.0,False,1.4997087944088525,limit_retest,0.8095515433896118,-1.5183459522422924,6.712871287128698,-1.5195107746068808,True,False,True,0.0,0.5183459522422924,1.0553061743034053,8.433571428571375,6.719860221316228,0.8095515433896118,True,True,True,True,12.0,ambiguous_stop,0.4321185415586152,0.6756383432490256,0.6360653867547656,1.0796369927068623
ETHUSDT,15M,LONG,TBX7A,2540.45,2675.59,38.43,135.14,5.27,2025-06-09 15:15:00+00:00,2025-06-10 05:15,5.27,5.27,NORMAL,1.0,,2025-06,,,False,,,2025-06-10 05:15:00+00:00,False,False,1.0,2502.02,True,2025-06-09 15:15:00+00:00|LONG|TBX7A|2540.45|38.43,0.0,True,0.055425448868062825,market_like,4.8498568826437705,-0.20817069997397866,4.8498568826437705,-0.20817069997397866,False,False,False,,0.0,0.0,11.582857142857197,,,False,False,False,False,,clean_winner,0.1971460202159876,0.5223454612889963,0.40722260590701836,1.0827463162798883
ETHUSDT,15M,LONG,TBX7A,2758.379569038714,2739.7584542412023,33.29,-8.81,-0.26,2025-06-10 18:45:00+00:00,2025-06-10 21:15,-0.26,-0.26,YELLOW,0.5,День перед CPI,2025-06,,,False,,,2025-06-10 21:15:00+00:00,False,False,1.0,2725.089569038714,True,2025-06-10 18:45:00+00:00|LONG|TBX7A|2758.3796|33.29,0.0,True,0.2913658467622212,market_like,1.4605115939106585,-0.8218554832897026,2.2784749462687244,-0.8218554832897026,False,False,False,,0.0,0.0,16.860714285714266,,,False,False,False,False,,not_applicable,0.1971460202159876,0.5223454612889963,0.40722260590701836,1.0827463162798883
ETHUSDT,15M,SHORT,TBX0,2784.1828415781656,2799.85,15.67,-14.88,-0.95,2025-06-11 06:15:00+00:00,2025-06-11 07:30,-0.95,-0.95,NORMAL,1.0,,2025-06,,,False,,,2025-06-11 07:30:00+00:00,False,False,-1.0,2799.8528415781657,True,2025-06-11 06:15:00+00:00|SHORT|TBX0|2784.1828|15.67,0.0,True,0.3961173211125887,limit_retest,0.343512544873352,-1.0897995163902112,1.9893325831630753,-6.050871628706726,True,False,True,5.0,0.08979951639021122,0.14348301460804547,9.807142857142805,1.9893325831630753,1.9893325831630753,True,True,False,False,2.25,stop_hunt,0.1971460202159876,0.5223454612889963,0.40722260590701836,1.0827463162798883
ETHUSDT,15M,SHORT,TBX0 (a) or TBX1,2528.32,2552.96,60.13,-26.24,-0.44,2025-06-13 18:00:00+00:00,2025-06-13 21:15,-0.44,-0.44,NORMAL,1.0,,2025-06,,,False,,,2025-06-13 21:15:00+00:00,False,False,-1.0,2588.4500000000003,True,2025-06-13 18:00:00+00:00|SHORT|TBX0 (a) or TBX1|2528.32|60.13,0.0,True,0.22933643771827644,market_like,0.32629303176451596,-0.4375519707300839,0.32629303176451596,-0.8953933144852767,False,False,False,,0.0,0.0,19.469999999999963,,,False,False,False,False,,not_applicable,0.1971460202159876,0.5223454612889963,0.40722260590701836,1.0827463162798883
ETHUSDT,1H,SHORT,TBX7A,2502.08,2524.653333333333,22.57,-21.89,-0.97,2025-06-15 20:00:00+00:00,2025-06-15 22:00,-0.97,-0.97,NORMAL,1.0,,2025-06,,,False,,,2025-06-15 22:00:00+00:00,False,False,-1.0,2524.65,True,2025-06-15 20:00:00+00:00|SHORT|TBX7A|2502.08|22.57,2.0,False,1.5002215330084239,limit_retest,0.518387239698707,-1.9016393442622983,0.518387239698707,-6.008861320336726,True,True,False,0.0,0.9016393442622983,2.3363949483352453,8.710000000000036,0.518387239698707,0.518387239698707,True,False,False,False,0.5,hopeless,0.4321185415586152,0.6756383432490256,0.6360653867547656,1.0796369927068623
ETHUSDT,1H,LONG,TBX7A,2553.35,2608.79,9.0,55.44,7.84,2025-06-16 01:00:00+00:00,2025-06-16 11:00,7.84,7.98,NORMAL,1.0,,2025-06,,,False,,True,2025-06-16 11:00:00+00:00,False,False,1.0,2544.35,True,2025-06-16 01:00:00+00:00|LONG|TBX7A|2553.35|9.0,3.0,False,1.10000000000001,limit_retest,9.372222222222213,-4.441111111111089,9.372222222222213,-4.441111111111089,True,True,False,0.0,3.4411111111110886,2.646685386399672,11.701428571428648,9.372222222222213,,True,True,True,True,6.0,winner_survived_stop_touch,0.4321185415586152,0.6756383432490256,0.6360653867547656,1.0796369927068623
ETHUSDT,1H,SHORT,TBX0,2614.14,2620.239,6.1,-6.1,-1.0,2025-06-16 12:00:00+00:00,2025-06-16 13:30,-1.0,-1.0,NORMAL,1.0,,2025-06,,,False,,,2025-06-16 13:30:00+00:00,False,False,-1.0,2620.24,True,2025-06-16 12:00:00+00:00|SHORT|TBX0|2614.14|6.1,0.0,True,0.2721311475410343,market_like,1.7704918032786439,-1.6163934426229718,13.285245901639339,-10.796721311475432,True,True,False,6.0,0.6163934426229718,0.4028776978417393,9.332857142857165,14.777049180327849,,True,True,True,True,10.5,ambiguous_stop,0.4321185415586152,0.6756383432490256,0.6360653867547656,1.0796369927068623
ETHUSDT,1H,LONG,TBX7B,2638.33,2643.3918615796024,24.39,5.06,0.21,2025-06-16 13:00:00+00:00,2025-06-16 22:30,0.21,0.21,NORMAL,1.0,,2025-06,,,False,,,2025-06-16 22:30:00+00:00,False,False,1.0,2613.94,True,2025-06-16 13:00:00+00:00|LONG|TBX7B|2638.33|24.39,3.0,False,0.9922099220992135,limit_retest,1.7084870848708515,-3.497744977449772,1.7084870848708515,-4.687576875768754,True,True,False,0.0,2.497744977449772,5.967116770447054,10.209285714285736,1.7084870848708515,,True,True,False,False,7.75,winner_survived_stop_touch,0.4321185415586152,0.6756383432490256,0.6360653867547656,1.0796369927068623
ETHUSDT,15M,SHORT,TBX0 (a),2520.0856814111658,2537.494766145196,20.0,-19.76,-0.99,2025-06-18 06:45:00+00:00,2025-06-18 08:00,-0.99,-0.99,GREEN,1.25,Канун праздника (прочие),2025-06,,,False,,,2025-06-18 08:00:00+00:00,False,False,-1.0,2540.0856814111658,True,2025-06-18 06:45:00+00:00|SHORT|TBX0 (a)|2520.0857|20.0,0.0,True,0.3227159294417106,market_like,0.18428407055828303,-1.3632159294417079,2.7542840705582874,-1.3632159294417079,True,True,False,5.0,0.3632159294417079,0.9201163507073052,7.894999999999982,2.7542840705582874,,True,True,True,False,5.5,ambiguous_stop,0.1971460202159876,0.5223454612889963,0.40722260590701836,1.0827463162798883
ETHUSDT,1H,LONG,TBX0 (a),2522.42,2527.95,7.37,6.64,1.19,2025-06-19 08:00:00+00:00,2025-06-19 11:30,1.19,-0.29,GREEN,1.2,FOMC+1 (день после решения),2025-06,,,False,,True,2025-06-19 11:30:00+00:00,False,False,1.0,2515.05,True,2025-06-19 08:00:00+00:00|LONG|TBX0 (a)|2522.42|7.37,0.0,True,0.6594301221167066,market_like,2.9280868385345897,-0.6607869742197953,2.9280868385345897,-5.270013568521051,False,False,False,,0.0,0.0,6.489285714285676,,,False,False,False,False,,clean_winner,0.4321185415586152,0.6756383432490256,0.6360653867547656,1.0796369927068623
ETHUSDT,1H,SHORT,TBX0 (a),2429.22,2425.32,28.55,3.9,0.2,2025-06-25 21:00:00+00:00,2025-06-26 00:45,0.2,0.2,NORMAL,1.0,,2025-06,,,False,,,2025-06-26 00:45:00+00:00,False,False,-1.0,2457.77,True,2025-06-25 21:00:00+00:00|SHORT|TBX0 (a)|2429.22|28.55,1.0,False,0.284413309982499,limit_retest,0.7891418563922853,-0.9124343257443146,0.7891418563922853,-3.1796847635726864,False,False,False,,0.0,0.0,10.92357142857145,,,False,False,False,False,,clean_winner,0.4321185415586152,0.6756383432490256,0.6360653867547656,1.0796369927068623
ETHUSDT,1H,SHORT,TBX7A,2412.8,2426.34,21.07,-13.54,-0.6,2025-06-26 21:00:00+00:00,2025-06-27 01:30,-0.6,-0.6,NORMAL,1.0,,2025-06,,,False,,,2025-06-27 01:30:00+00:00,False,False,-1.0,2433.8700000000003,True,2025-06-26 21:00:00+00:00|SHORT|TBX7A|2412.8|21.07,2.0,False,1.5002373042239996,limit_retest,1.699098243948751,-1.5073564309444596,1.699098243948751,-2.400569530137633,True,False,True,0.0,0.5073564309444596,0.8634894991922278,12.37999999999998,1.699098243948751,1.699098243948751,True,True,False,False,4.0,ambiguous_stop,0.4321185415586152,0.6756383432490256,0.6360653867547656,1.0796369927068623
ETHUSDT,1H,SHORT,TBX0,2450.53,2470.323095861905,33.28,-17.13,-0.51,2025-06-30 09:00:00+00:00,2025-06-30 15:45,-0.51,-0.51,NORMAL,1.0,,2025-06,,,False,,,2025-06-30 15:45:00+00:00,False,False,-1.0,2483.8100000000004,True,2025-06-30 09:00:00+00:00|SHORT|TBX0|2450.53|33.28,3.0,False,0.5228365384615276,limit_retest,0.5606971153846246,-1.1295072115384521,0.5606971153846246,-2.1352163461538445,True,False,True,27.0,0.12950721153845213,0.4494264859228044,9.589999999999984,-0.28605769230769174,-0.28605769230769174,True,False,False,False,0.5,ambiguous_stop,0.4321185415586152,0.6756383432490256,0.6360653867547656,1.0796369927068623
ETHUSDT,1H,SHORT,TBX7A,2418.54,2416.86,15.57,-14.32,-0.92,2025-07-01 14:00:00+00:00,2025-07-02 02:45,-0.92,-0.92,NORMAL,1.0,,2025-07,,,False,,,2025-07-02 02:45:00+00:00,False,False,-1.0,2434.11,True,2025-07-01 14:00:00+00:00|SHORT|TBX7A|2418.54|15.57,2.0,False,1.4996788696210603,limit_retest,3.276172125883093,-2.360950545921658,3.276172125883093,-2.360950545921658,True,True,False,0.0,1.360950545921658,2.1367041198502204,9.917142857142803,3.276172125883093,,True,True,True,False,11.25,hopeless,0.4321185415586152,0.6756383432490256,0.6360653867547656,1.0796369927068623
ETHUSDT,15M,SHORT,TBX7A,2443.550577422603,2450.95,14.87,-7.4,-0.5,2025-07-02 11:45:00+00:00,2025-07-02 13:30,-0.5,-0.5,NORMAL,1.0,,2025-07,,,False,,,2025-07-02 13:30:00+00:00,False,False,-1.0,2458.420577422603,True,2025-07-02 11:45:00+00:00|SHORT|TBX7A|2443.5506|14.87,0.0,True,0.232644423496783,market_like,0.8830247089847333,-0.6845610341221898,0.8830247089847333,-11.745085580188082,False,False,False,,0.0,0.0,5.657857142857178,,,False,False,False,False,,not_applicable,0.1971460202159876,0.5223454612889963,0.40722260590701836,1.0827463162798883
ETHUSDT,15M,SHORT,TBX7B,2518.8406443433405,2507.600506720732,29.54,15.7,0.53,2025-07-04 14:00:00+00:00,2025-07-04 22:15,0.53,0.53,NORMAL,1.0,,2025-07,,,False,,,2025-07-04 22:15:00+00:00,False,False,-1.0,2548.3806443433405,True,2025-07-04 14:00:00+00:00|SHORT|TBX7B|2518.8406|29.54,0.0,True,0.19496803170817228,market_like,1.549446321710912,-0.29652524227012217,1.549446321710912,-0.29652524227012217,False,False,False,,0.0,0.0,8.897857142857058,,,False,False,False,False,,clean_winner,0.1971460202159876,0.5223454612889963,0.40722260590701836,1.0827463162798883
ETHUSDT,15M,SHORT,TBX7B,2507.867699610986,2515.7,7.83,-10.38,-1.33,2025-07-06 05:30:00+00:00,2025-07-06 06:15,-1.33,-1.33,NORMAL,1.0,,2025-07,,,False,,,2025-07-06 06:15:00+00:00,False,False,-1.0,2515.697699610986,True,2025-07-06 05:30:00+00:00|SHORT|TBX7B|2507.8677|7.83,0.0,True,0.4511239321856866,limit_retest,0.05334605504295615,-2.3272414289928456,0.7174584432932521,-7.858531339593094,True,True,False,3.0,1.3272414289928456,2.850552614541429,3.6457142857143157,0.7174584432932521,,True,False,False,False,3.75,hopeless,0.1971460202159876,0.5223454612889963,0.40722260590701836,1.0827463162798883
ETHUSDT,1H,SHORT,TBX7A,2526.79,2535.79,9.0,-8.55,-0.95,2025-07-08 02:00:00+00:00,2025-07-08 03:30,-0.95,-0.95,NORMAL,1.0,,2025-07,,,False,,,2025-07-08 03:30:00+00:00,False,False,-1.0,2535.79,True,2025-07-08 02:00:00+00:00|SHORT|TBX7A|2526.79|9.0,0.0,True,-0.12777777777778787,market_like,0.5244444444444222,-1.190000000000004,0.5244444444444222,-8.134444444444448,True,True,False,1.0,0.19000000000000394,0.2617251557887879,6.533571428571447,0.4177777777777515,,True,False,False,False,0.5,hopeless,0.4321185415586152,0.6756383432490256,0.6360653867547656,1.0796369927068623
ETHUSDT,15M,LONG,TBX0,2618.706442197815,2601.42,17.29,-23.82,-1.38,2025-07-09 01:00:00+00:00,2025-07-09 01:30,-1.38,-1.38,GREEN,1.25,День FOMC Minutes,2025-07,,,False,,,2025-07-09 01:30:00+00:00,False,False,1.0,2601.416442197815,True,2025-07-09 01:00:00+00:00|LONG|TBX0|2618.7064|17.29,0.0,True,0.37631244637449257,market_like,0.42183677282736876,-1.0206155117301823,2.7133347485358645,-1.747625344003182,True,True,False,2.0,0.02061551173018228,0.05027900019554581,7.089285714285714,2.8845319723646696,,True,True,True,False,11.5,stop_hunt,0.1971460202159876,0.5223454612889963,0.40722260590701836,1.0827463162798883
ETHUSDT,15M,LONG,TBX0,2601.9,2605.037699761026,17.38,3.93,0.34,2025-07-09 04:45:00+00:00,2025-07-09 09:00,0.34,0.34,GREEN,1.25,День FOMC Minutes,2025-07,,,False,,,2025-07-09 09:00:00+00:00,False,False,1.0,2584.52,True,2025-07-09 04:45:00+00:00|LONG|TBX0|2601.9|17.38,0.0,True,0.23187571921750288,market_like,2.710011507479857,-0.2721518987341783,4.1772151898734124,-0.2721518987341783,False,False,False,,0.0,0.0,6.380714285714281,,,False,False,False,False,,clean_winner,0.1971460202159876,0.5223454612889963,0.40722260590701836,1.0827463162798883
ETHUSDT,15M,LONG,TBX0,2623.6350715801927,2632.693712058109,18.52,9.55,0.52,2025-07-09 11:00:00+00:00,2025-07-09 14:30,0.52,-1.17,GREEN,1.25,День FOMC Minutes,2025-07,,,False,,True,2025-07-09 14:30:00+00:00,False,False,1.0,2605.1150715801928,True,2025-07-09 11:00:00+00:00|LONG|TBX0|2623.6351|18.52,0.0,True,0.36528464255900933,market_like,2.7464864157563316,-0.4651766511983133,9.29238274405007,-0.4651766511983133,False,False,False,,0.0,0.0,6.367857142857149,,,False,False,False,False,,clean_winner,0.1971460202159876,0.5223454612889963,0.40722260590701836,1.0827463162798883
ETHUSDT,15M,LONG,TBX0,2666.8669893795036,2776.99,32.07,137.65,4.29,2025-07-09 16:45:00+00:00,2025-07-10 09:30,4.29,4.29,GREEN,1.25,День FOMC Minutes,2025-07,,,False,,,2025-07-10 09:30:00+00:00,False,False,1.0,2634.7969893795034,True,2025-07-09 16:45:00+00:00|LONG|TBX0|2666.867|32.07,0.0,True,0.2459304452604794,market_like,4.8444967452602565,-0.4601493414251159,4.0889619775645905,-0.4601493414251159,False,False,False,,0.0,0.0,12.79500000000004,,,False,False,False,False,,clean_winner,0.1971460202159876,0.5223454612889963,0.40722260590701836,1.0827463162798883
ETHUSDT,15M,LONG,TBX0,2796.0769266805687,2964.6898725824294,35.14,159.27,4.53,2025-07-10 16:15:00+00:00,2025-07-11 07:45,4.53,4.53,NORMAL,1.0,,2025-07,,,False,,,2025-07-11 07:45:00+00:00,False,False,1.0,2760.936926680569,True,2025-07-10 16:15:00+00:00|LONG|TBX0|2796.0769|35.14,0.0,True,0.5525590973411738,market_like,6.613633276022519,-0.6851715048539756,6.100258204878524,-0.6851715048539756,False,False,False,,0.0,0.0,16.57214285714284,,,False,False,False,False,,clean_winner,0.1971460202159876,0.5223454612889963,0.40722260590701836,1.0827463162798883
ETHUSDT,1H,SHORT,TBX0 (a) or TBX1,2973.75,2970.056059614596,44.69,3.69,0.08,2025-07-11 19:00:00+00:00,2025-07-12 07:00,0.08,0.08,NORMAL,1.0,,2025-07,,,False,,,2025-07-12 07:00:00+00:00,False,False,-1.0,3018.44,True,2025-07-11 19:00:00+00:00|SHORT|TBX0 (a) or TBX1|2973.75|44.69,7.0,False,0.4734840008950516,limit_retest,1.15842470351309,-0.8010740657865335,1.15842470351309,-0.8010740657865335,False,False,False,,0.0,0.0,19.37714285714287,,,False,False,False,False,,clean_winner,0.4321185415586152,0.6756383432490256,0.6360653867547656,1.0796369927068623
ETHUSDT,1H,LONG,TBX0 (a),3493.29,3528.3,29.82,35.01,1.75,2025-08-03 16:00:00+00:00,2025-08-04 05:15,1.75,1.75,NORMAL,1.0,,2025-08,,,False,,,2025-08-04 05:15:00+00:00,False,False,1.0,3463.47,True,2025-08-03 16:00:00+00:00|LONG|TBX0 (a)|3493.29|29.82,3.0,False,0.6247484909456777,limit_retest,2.740107310529847,-0.9161636485580202,2.740107310529847,-0.9161636485580202,False,False,False,,0.0,0.0,13.592142857142758,,,False,False,False,False,,clean_winner,0.4321185415586152,0.6756383432490256,0.6360653867547656,1.0796369927068623
ETHUSDT,1H,SHORT,TBX0,3678.81,3673.019046262526,36.05,5.79,0.16,2025-08-05 01:00:00+00:00,2025-08-05 06:00,0.16,0.16,NORMAL,1.0,,2025-08,,,False,,,2025-08-05 06:00:00+00:00,False,False,-1.0,3714.86,True,2025-08-05 01:00:00+00:00|SHORT|TBX0|3678.81|36.05,3.0,False,0.46074895977808955,limit_retest,1.0122052704576916,-0.7400832177531161,2.2210818307905735,-0.7400832177531161,False,False,False,,0.0,0.0,14.457857142857067,,,False,False,False,False,,clean_winner,0.4321185415586152,0.6756383432490256,0.6360653867547656,1.0796369927068623
ETHUSDT,15M,SHORT,TBX0,3647.456187124477,3654.95,26.56,-8.62,-0.32,2025-08-05 06:45:00+00:00,2025-08-05 09:30,-0.32,-0.32,NORMAL,1.0,,2025-08,,,False,,,2025-08-05 09:30:00+00:00,False,False,-1.0,3674.016187124477,True,2025-08-05 06:45:00+00:00|SHORT|TBX0|3647.4562|26.56,0.0,True,0.4835772920001253,limit_retest,1.8341937923372393,-0.4835772920001253,3.4810311417348214,-1.688396569108559,False,False,False,,0.0,0.0,13.210714285714207,,,False,False,False,False,,not_applicable,0.1971460202159876,0.5223454612889963,0.40722260590701836,1.0827463162798883
ETHUSDT,15M,SHORT,TBX0,3636.734432943033,3600.565858748215,51.43,-4.13,-0.08,2025-08-05 12:30:00+00:00,2025-08-05 23:00,-0.08,-0.08,NORMAL,1.0,,2025-08,,,False,,,2025-08-05 23:00:00+00:00,False,False,-1.0,3688.164432943033,True,2025-08-05 12:30:00+00:00|SHORT|TBX0|3636.7344|51.43,0.0,True,0.36040379266900663,limit_retest,1.8307297869537826,-0.42612418932465723,1.8307297869537826,-0.42612418932465723,False,False,False,,0.0,0.0,18.42214285714285,,,False,False,False,False,,not_applicable,0.1971460202159876,0.5223454612889963,0.40722260590701836,1.0827463162798883
ETHUSDT,1H,LONG,TBX0,3638.4,3615.7995,22.6,-21.47,-0.95,2025-08-06 07:00:00+00:00,2025-08-06 08:30,-0.95,-0.95,NORMAL,1.0,,2025-08,,,False,,,2025-08-06 08:30:00+00:00,False,False,1.0,3615.8,True,2025-08-06 07:00:00+00:00|LONG|TBX0|3638.4|22.6,0.0,True,0.3296460176991271,market_like,0.42477876106194284,-1.2526548672566347,2.6101769911504324,-2.980088495575217,True,True,False,6.0,0.25265486725663466,0.28717174982936106,19.883571428571422,2.6101769911504324,,True,True,True,False,9.5,stop_hunt,0.4321185415586152,0.6756383432490256,0.6360653867547656,1.0796369927068623
ETHUSDT,15M,LONG,TBX0,3621.545482678475,3665.69,37.95,29.08,0.77,2025-08-06 14:00:00+00:00,2025-08-07 01:45,0.77,0.77,NORMAL,1.0,,2025-08,,,False,,,2025-08-07 01:45:00+00:00,False,False,1.0,3583.595482678475,True,2025-08-06 14:00:00+00:00|LONG|TBX0|3621.5455|37.95,0.0,True,0.541382942779311,market_like,2.4989332627542886,-0.9334778044393929,2.4989332627542886,-0.9334778044393929,False,False,False,,0.0,0.0,16.900000000000027,,,False,False,False,False,,clean_winner,0.1971460202159876,0.5223454612889963,0.40722260590701836,1.0827463162798883
ETHUSDT,15M,LONG,TBX0,3685.89,3809.7285479010593,38.19,123.84,4.86,2025-08-07 05:45:00+00:00,2025-08-07 14:30,4.86,4.86,NORMAL,1.0,,2025-08,,,False,,,2025-08-07 14:30:00+00:00,False,False,1.0,3647.7,True,2025-08-07 05:45:00+00:00|LONG|TBX0|3685.89|38.19,0.0,True,0.26394344069127856,market_like,4.677926158680285,-0.27860696517412603,4.677926158680285,-0.27860696517412603,False,False,False,,0.0,0.0,10.32428571428568,,,False,False,False,False,,clean_winner,0.1971460202159876,0.5223454612889963,0.40722260590701836,1.0827463162798883
ETHUSDT,1H,SHORT,TBX0,3813.18,3849.3355,36.16,-33.27,-0.92,2025-08-07 16:00:00+00:00,2025-08-07 19:30,-0.92,-0.92,NORMAL,1.0,,2025-08,,,False,,,2025-08-07 19:30:00+00:00,False,False,-1.0,3849.3399999999997,True,2025-08-07 16:00:00+00:00|SHORT|TBX0|3813.18|36.16,2.0,False,0.6075774336283257,limit_retest,0.9966814159292027,-1.0182522123893851,0.9966814159292027,-4.303926991150446,True,True,False,14.0,0.018252212389385125,0.03379292689171744,19.53071428571434,-0.990597345132748,,False,False,False,False,0.5,hopeless,0.4321185415586152,0.6756383432490256,0.6360653867547656,1.0796369927068623
ETHUSDT,1H,LONG,TBX7B,3865.48,3890.702181757043,30.78,25.22,0.82,2025-08-07 19:00:00+00:00,2025-08-08 08:30,0.82,0.82,NORMAL,1.0,,2025-08,,,False,,,2025-08-08 08:30:00+00:00,False,False,1.0,3834.7,True,2025-08-07 19:00:00+00:00|LONG|TBX7B|3865.48|30.78,3.0,False,1.2930474333983164,limit_retest,3.3570500324886265,-1.4746588693957072,3.3570500324886265,-1.4746588693957072,True,True,False,0.0,0.47465886939570723,0.8294067556060097,17.61500000000001,3.3570500324886265,,True,True,True,False,8.25,winner_survived_stop_touch,0.4321185415586152,0.6756383432490256,0.6360653867547656,1.0796369927068623
ETHUSDT,15M,LONG,TBX7B,3932.664917524935,4021.55,43.44,95.26,2.19,2025-08-08 13:30:00+00:00,2025-08-08 23:15,2.19,2.19,NORMAL,1.0,,2025-08,,,False,,,2025-08-08 23:15:00+00:00,False,False,1.0,3889.224917524935,True,2025-08-08 13:30:00+00:00|LONG|TBX7B|3932.6649|43.44,0.0,True,0.4807761861172821,market_like,3.161489007252879,-0.6950947864856155,3.161489007252879,-0.6950947864856155,False,False,False,,0.0,0.0,14.262142857142928,,,False,False,False,False,,clean_winner,0.1971460202159876,0.5223454612889963,0.40722260590701836,1.0827463162798883
ETHUSDT,1H,LONG,TBX7A,4248.91,4230.75,18.16,-17.62,-0.97,2025-08-10 22:00:00+00:00,2025-08-10 23:15,-0.97,-0.97,NORMAL,1.0,,2025-08,,,False,,,2025-08-10 23:15:00+00:00,False,False,1.0,4230.75,True,2025-08-10 22:00:00+00:00|LONG|TBX7A|4248.91|18.16,3.0,False,1.499999999999988,limit_retest,0.15088105726871046,-2.5280837004405208,5.548458149779748,-2.5280837004405208,True,True,False,0.0,1.5280837004405208,1.4296228150873986,19.410714285714157,5.548458149779748,,True,True,True,True,6.0,hopeless,0.4321185415586152,0.6756383432490256,0.6360653867547656,1.0796369927068623
ETHUSDT,15M,LONG,TBX7B,4266.251601039231,4268.4396344305105,61.07,-20.08,-0.33,2025-08-12 00:45:00+00:00,2025-08-12 05:30,-0.33,-0.33,NORMAL,1.0,,2025-08,,,False,,,2025-08-12 05:30:00+00:00,False,False,1.0,4205.181601039231,True,2025-08-12 00:45:00+00:00|LONG|TBX7B|4266.2516|61.07,0.0,True,0.5091141483417576,market_like,0.8904273614011645,-0.5754314890982695,2.432100850839508,-0.5754314890982695,False,False,False,,0.0,0.0,23.56642857142859,,,False,False,False,False,,not_applicable,0.1971460202159876,0.5223454612889963,0.40722260590701836,1.0827463162798883
ETHUSDT,15M,LONG,TBX0 (a),4516.16474877127,4483.31,55.45,-37.07,-0.67,2025-08-17 22:15:00+00:00,2025-08-17 23:15,-0.67,-0.67,NORMAL,1.0,,2025-08,,,False,,,2025-08-17 23:15:00+00:00,False,False,1.0,4460.71474877127,True,2025-08-17 22:15:00+00:00|LONG|TBX0 (a)|4516.1647|55.45,0.0,True,0.3925112492564509,market_like,0.28828225840811167,-0.6839449733321922,0.28828225840811167,-5.2671731067857435,False,False,False,,0.0,0.0,18.98357142857133,,,False,False,False,False,,not_applicable,0.1971460202159876,0.5223454612889963,0.40722260590701836,1.0827463162798883
ETHUSDT,1H,LONG,TBX0,4139.0,4184.036934623264,20.75,56.3,2.71,2025-08-20 03:00:00+00:00,2025-08-20 11:30,2.71,-0.29,GREEN,1.25,День FOMC Minutes,2025-08,,,False,,True,2025-08-20 11:30:00+00:00,False,False,1.0,4118.25,True,2025-08-20 03:00:00+00:00|LONG|TBX0|4139.0|20.75,0.0,True,0.1927710843373494,market_like,4.867469879518072,-0.6110843373494116,4.867469879518072,-1.6708433734939794,False,False,False,,0.0,0.0,25.39928571428556,,,False,False,False,False,,clean_winner,0.4321185415586152,0.6756383432490256,0.6360653867547656,1.0796369927068623
ETHUSDT,1H,LONG,TBX0,4253.47,4300.947101199996,56.6,59.35,1.05,2025-08-20 15:00:00+00:00,2025-08-21 01:15,1.05,1.05,GREEN,1.25,День FOMC Minutes,2025-08,,,False,,,2025-08-21 01:15:00+00:00,False,False,1.0,4196.87,True,2025-08-20 15:00:00+00:00|LONG|TBX0|4253.47|56.6,0.0,True,0.7385159010600739,market_like,2.1671378091872766,-0.8740282685512413,2.1671378091872766,-0.8740282685512413,False,False,False,,0.0,0.0,42.207857142857,,,False,False,False,False,,clean_winner,0.4321185415586152,0.6756383432490256,0.6360653867547656,1.0796369927068623
ETHUSDT,15M,LONG,TBX0,4307.524360178559,4267.1,40.42,-19.03,-0.47,2025-08-21 11:30:00+00:00,2025-08-21 11:45,-0.47,-0.47,NORMAL,1.0,,2025-08,,,False,,,2025-08-21 11:45:00+00:00,False,False,1.0,4267.104360178559,True,2025-08-21 11:30:00+00:00|LONG|TBX0|4307.5244|40.42,0.0,True,0.18516477433346723,market_like,0.03576545822467951,-1.0520623497911605,0.4932122667353124,-2.6106966892270833,True,False,True,1.0,0.052062349791160534,0.10572776780844126,19.903571428571272,0.4932122667353124,,True,False,False,False,2.5,ambiguous_stop,0.1971460202159876,0.5223454612889963,0.40722260590701836,1.0827463162798883
ETHUSDT,15M,LONG,TBX0,4269.358825035233,4296.68,57.12,16.9,0.3,2025-08-22 02:00:00+00:00,2025-08-22 10:30,0.3,0.3,NORMAL,1.0,,2025-08,,,False,,,2025-08-22 10:30:00+00:00,False,False,1.0,4212.238825035233,True,2025-08-22 02:00:00+00:00|LONG|TBX0|4269.3588|57.12,0.0,True,0.24140099851599192,market_like,1.4637810743131494,-0.35799763717145155,1.4637810743131494,-1.1092231273675275,False,False,False,,0.0,0.0,20.00571428571428,,,False,False,False,False,,clean_winner,0.1971460202159876,0.5223454612889963,0.40722260590701836,1.0827463162798883
ETHUSDT,15M,LONG,TBX0,4285.437693426459,4771.0,51.56,508.12,9.85,2025-08-22 13:30:00+00:00,2025-08-23 01:15,9.85,16.82,NORMAL,1.0,,2025-08,,,False,,True,2025-08-23 01:15:00+00:00,False,False,1.0,4233.877693426459,True,2025-08-22 13:30:00+00:00|LONG|TBX0|4285.4377|51.56,0.0,True,0.5195440928328074,market_like,11.696126970006604,-0.8275347832905111,11.696126970006604,-0.8275347832905111,False,False,False,,0.0,0.0,26.287857142857124,,,False,False,False,False,,clean_winner,0.1971460202159876,0.5223454612889963,0.40722260590701836,1.0827463162798883
ETHUSDT,1H,SHORT,TBX0 (a),4568.13,4588.49,20.36,-19.75,-0.97,2025-08-28 05:00:00+00:00,2025-08-28 07:45,-0.97,-0.97,NORMAL,1.0,,2025-08,,,False,,,2025-08-28 07:45:00+00:00,False,False,-1.0,4588.49,True,2025-08-28 05:00:00+00:00|SHORT|TBX0 (a)|4568.13|20.36,0.0,True,0.03732809430256475,market_like,0.8413555992141508,-1.5653241650294643,5.506876227897834,-3.1920432220039188,True,True,False,11.0,0.5653241650294643,0.7019209827067939,16.397857142857124,6.66159135559922,,True,True,True,True,12.0,ambiguous_stop,0.4321185415586152,0.6756383432490256,0.6360653867547656,1.0796369927068623
ETHUSDT,1H,SHORT,TBX7B,4463.14,4504.13,60.94,-40.99,-0.67,2025-08-28 16:00:00+00:00,2025-08-28 22:15,-0.67,-0.67,NORMAL,1.0,,2025-08,,,False,,,2025-08-28 22:15:00+00:00,False,False,-1.0,4524.08,True,2025-08-28 16:00:00+00:00|SHORT|TBX7B|4463.14|60.94,3.0,False,0.6383327863472208,limit_retest,0.6258615031178262,-1.076960945191994,0.6258615031178262,-1.076960945191994,True,False,True,1.0,0.07696094519199392,0.17316314151590623,27.0842857142858,0.6258615031178262,0.6258615031178262,True,False,False,False,3.75,ambiguous_stop,0.4321185415586152,0.6756383432490256,0.6360653867547656,1.0796369927068623
ETHUSDT,15M,SHORT,TBX0 (a) or TBX1,4654.04,4617.096311208854,49.03,36.94,0.75,2025-09-14 04:00:00+00:00,2025-09-14 17:15,0.75,0.75,NORMAL,1.0,,2025-09,,,False,,,2025-09-14 17:15:00+00:00,False,False,-1.0,4703.07,True,2025-09-14 04:00:00+00:00|SHORT|TBX0 (a) or TBX1|4654.04|49.03,0.0,True,0.14215786253314816,market_like,1.612074240261064,-0.5292677952274081,1.612074240261064,-0.5292677952274081,False,False,False,,0.0,0.0,13.230714285714319,,,False,False,False,False,,clean_winner,0.1971460202159876,0.5223454612889963,0.40722260590701836,1.0827463162798883
ETHUSDT,15M,SHORT,TBX0 (a) or TBX1,4595.8558804969925,4615.19,28.37,-19.33,-0.68,2025-09-15 00:00:00+00:00,2025-09-15 01:30,-0.68,-0.68,NORMAL,1.0,,2025-09,,,False,,,2025-09-15 01:30:00+00:00,False,False,-1.0,4624.225880496992,True,2025-09-15 00:00:00+00:00|SHORT|TBX0 (a) or TBX1|4595.8559|28.37,0.0,True,0.21657100821316388,market_like,0.6290405532954643,-0.8728981143111508,3.5296397778284203,-2.542972136165226,False,False,False,,0.0,0.0,13.843571428571522,,,False,False,False,False,,not_applicable,0.1971460202159876,0.5223454612889963,0.40722260590701836,1.0827463162798883
ETHUSDT,15M,LONG,TBX0 (a) or TBX1,4480.93,4466.4865745304205,22.92,-13.29,-0.58,2025-09-21 06:00:00+00:00,2025-09-21 08:15,-0.58,-0.58,NORMAL,1.0,,2025-09,,,False,,,2025-09-21 08:15:00+00:00,False,False,1.0,4458.01,True,2025-09-21 06:00:00+00:00|LONG|TBX0 (a) or TBX1|4480.93|22.92,0.0,True,0.22818499127401712,market_like,0.45636998254799455,-0.6937172774869348,0.5554101221640297,-1.7827225130890305,False,False,False,,0.0,0.0,4.730000000000083,,,False,False,False,False,,not_applicable,0.1971460202159876,0.5223454612889963,0.40722260590701836,1.0827463162798883
ETHUSDT,15M,LONG,TBX0 (a) or TBX1,4471.2257998700925,4471.084901418983,10.47,-0.1,-0.01,2025-09-21 13:30:00+00:00,2025-09-21 16:30,-0.01,-0.01,NORMAL,1.0,,2025-09,,,False,,,2025-09-21 16:30:00+00:00,False,False,1.0,4460.755799870092,True,2025-09-21 13:30:00+00:00|LONG|TBX0 (a) or TBX1|4471.2258|10.47,0.0,True,0.2259598729792564,market_like,1.5830181594945265,-0.6891881442303981,2.4626743199529826,-14.598452709655431,False,False,False,,0.0,0.0,7.194285714285603,,,False,False,False,False,,not_applicable,0.1971460202159876,0.5223454612889963,0.40722260590701836,1.0827463162798883
ETHUSDT,1H,SHORT,TBX7A,4463.02,4205.03,9.0,257.99,96.52,2025-09-21 22:00:00+00:00,2025-09-22 13:00,96.52,129.39,NORMAL,1.0,,2025-09,,,False,,True,2025-09-22 13:00:00+00:00,False,False,-1.0,4472.02,True,2025-09-21 22:00:00+00:00|SHORT|TBX7A|4463.02|9.0,0.0,True,0.664444444444396,limit_retest,51.34888888888892,-1.4311111111110222,51.34888888888892,-1.4311111111110222,True,False,True,0.0,0.4311111111110222,0.36680397055837044,10.577857142857088,51.34888888888892,51.34888888888892,True,True,True,True,8.0,winner_survived_stop_touch,0.4321185415586152,0.6756383432490256,0.6360653867547656,1.0796369927068623
ETHUSDT,1H,LONG,TBX0,4205.03,4154.0374,50.99,-46.91,-0.92,2025-09-22 13:00:00+00:00,2025-09-22 17:00,-0.92,-0.92,NORMAL,1.0,,2025-09,,,False,,,2025-09-22 17:00:00+00:00,False,False,1.0,4154.04,True,2025-09-22 13:00:00+00:00|LONG|TBX0|4205.03|50.99,1.0,False,0.2877034712688777,limit_retest,0.24436163953716486,-1.19474406746421,0.24436163953716486,-1.6840556971955263,True,True,False,16.0,0.19474406746421002,0.5373584322214099,18.479285714285716,0.09727397528927312,,True,False,False,False,7.25,hopeless,0.4321185415586152,0.6756383432490256,0.6360653867547656,1.0796369927068623
ETHUSDT,15M,SHORT,TBX7B,4155.970966562216,4179.42,34.1,-30.99,-0.91,2025-09-24 13:45:00+00:00,2025-09-24 14:30,-0.91,-0.91,NORMAL,1.0,,2025-09,,,False,,,2025-09-24 14:30:00+00:00,False,False,-1.0,4190.070966562216,True,2025-09-24 13:45:00+00:00|SHORT|TBX7B|4155.971|34.1,0.0,True,0.45187781342475875,limit_retest,0.3217292246984116,-0.7046637371784212,2.2865386088626343,-1.4375083119584735,False,False,False,,0.0,0.0,13.503571428571506,,,False,False,False,False,,not_applicable,0.1971460202159876,0.5223454612889963,0.40722260590701836,1.0827463162798883
ETHUSDT,15M,SHORT,TBX7B,3925.3315267529188,3924.0540075691865,35.08,1.58,0.04,2025-09-26 05:45:00+00:00,2025-09-26 12:30,0.04,0.04,NORMAL,1.0,,2025-09,,,False,,,2025-09-26 12:30:00+00:00,False,False,-1.0,3960.4115267529187,True,2025-09-26 05:45:00+00:00|SHORT|TBX7B|3925.3315|35.08,0.0,True,0.4976759762565907,limit_retest,1.5487892460923252,-1.016775178080993,1.5487892460923252,-3.0638105258575026,True,False,True,27.0,0.016775178080993047,0.03551744033082135,16.5685714285714,0.5992453464344019,0.5992453464344019,True,False,False,False,1.0,winner_survived_stop_touch,0.1971460202159876,0.5223454612889963,0.40722260590701836,1.0827463162798883
ETHUSDT,1H,LONG,TBX0 (a),4021.37,4011.573960972113,21.23,-8.74,-0.41,2025-09-26 21:00:00+00:00,2025-09-27 05:00,-0.41,-0.41,NORMAL,1.0,,2025-09,,,False,,,2025-09-27 05:00:00+00:00,False,False,1.0,4000.14,True,2025-09-26 21:00:00+00:00|LONG|TBX0 (a)|4021.37|21.23,3.0,False,0.6580310880828921,limit_retest,0.7833254828073533,-0.9218087611869858,0.7833254828073533,-1.9010833725859477,False,False,False,,0.0,0.0,17.055714285714235,,,False,False,False,False,,not_applicable,0.4321185415586152,0.6756383432490256,0.6360653867547656,1.0796369927068623
ETHUSDT,1H,SHORT,TBX0,4095.87,4130.402175105903,50.01,-32.03,-0.64,2025-09-29 12:00:00+00:00,2025-09-29 13:30,-0.64,-0.64,NORMAL,1.0,,2025-09,,,False,,,2025-09-29 13:30:00+00:00,False,False,-1.0,4145.88,True,2025-09-29 12:00:00+00:00|SHORT|TBX0|4095.87|50.01,2.0,False,0.10017996400720293,limit_retest,0.31733653269345913,-1.062387522495503,0.31733653269345913,-2.7674465106978716,True,True,False,6.0,0.062387522495503056,0.25949028693638615,12.023571428571326,-0.5866826634673095,,True,False,False,False,3.75,hopeless,0.4321185415586152,0.6756383432490256,0.6360653867547656,1.0796369927068623
ETHUSDT,15M,SHORT,TBX0,4166.889398304733,4162.78,38.48,-4.78,-0.12,2025-09-30 08:30:00+00:00,2025-09-30 12:00,-0.12,-0.12,NORMAL,1.0,,2025-09,,,False,,,2025-09-30 12:00:00+00:00,False,False,-1.0,4205.369398304732,True,2025-09-30 08:30:00+00:00|SHORT|TBX0|4166.8894|38.48,0.0,True,0.23676199831775413,market_like,0.9152650287092711,-0.2978326843884497,1.972177710621955,-0.2978326843884497,False,False,False,,0.0,0.0,12.559285714285513,,,False,False,False,False,,not_applicable,0.1971460202159876,0.5223454612889963,0.40722260590701836,1.0827463162798883
ETHUSDT,1H,SHORT,TBX0,4291.55,4332.24,48.38,-40.69,-0.84,2025-10-01 17:00:00+00:00,2025-10-01 20:00,-0.84,-0.84,NORMAL,1.0,,2025-10,,,False,,,2025-10-01 20:00:00+00:00,False,False,-1.0,4339.93,True,2025-10-01 17:00:00+00:00|SHORT|TBX0|4291.55|48.38,3.0,False,0.6426209177346041,limit_retest,0.1147168251343568,-0.9609342703596482,0.14468788755684167,-2.1947085572550513,False,False,False,,0.0,0.0,20.333571428571304,,,False,False,False,False,,not_applicable,0.4321185415586152,0.6756383432490256,0.6360653867547656,1.0796369927068623
ETHUSDT,15M,SHORT,TBX0 (a) or TBX1,4449.09,4486.77160242628,49.6,-35.2,-0.71,2025-10-03 14:00:00+00:00,2025-10-03 14:45,-0.71,-0.71,NORMAL,1.0,,2025-10,,,False,,,2025-10-03 14:45:00+00:00,False,False,-1.0,4498.6900000000005,True,2025-10-03 14:00:00+00:00|SHORT|TBX0 (a) or TBX1|4449.09|49.6,0.0,True,0.3915322580645176,limit_retest,0.3114919354838673,-0.7872983870967778,0.3114919354838673,-2.857661290322576,False,False,False,,0.0,0.0,18.924999999999986,,,False,False,False,False,,not_applicable,0.1971460202159876,0.5223454612889963,0.40722260590701836,1.0827463162798883
ETHUSDT,15M,LONG,TBX7A,4698.076031162058,4691.725032193637,17.88,-5.45,-0.3,2025-10-07 04:30:00+00:00,2025-10-07 06:15,-0.3,-0.3,NORMAL,1.0,,2025-10,,,False,,,2025-10-07 06:15:00+00:00,False,False,1.0,4680.196031162058,True,2025-10-07 04:30:00+00:00|LONG|TBX7A|4698.076|17.88,0.0,True,0.42930823054017225,market_like,1.8218103376924901,-1.2894872014573535,3.12773874932562,-13.760404427408163,True,True,False,7.0,0.2894872014573535,0.34335198421608615,15.074999999999948,3.12773874932562,,True,True,True,False,7.0,ambiguous_stop,0.1971460202159876,0.5223454612889963,0.40722260590701836,1.0827463162798883
ETHUSDT,15M,SHORT,TBX0 (a),4448.216827317846,4489.38838874324,49.43,-53.78,-1.09,2025-10-08 03:15:00+00:00,2025-10-08 08:30,-1.09,-1.09,GREEN,1.25,День FOMC Minutes,2025-10,,,False,,,2025-10-08 08:30:00+00:00,False,False,-1.0,4497.646827317846,True,2025-10-08 03:15:00+00:00|SHORT|TBX0 (a)|4448.2168|49.43,0.0,True,0.2731776791858062,market_like,0.7996525858354492,-0.9059917597037052,0.7996525858354492,-1.492680005708156,False,False,False,,0.0,0.0,20.017857142857206,,,False,False,False,False,,ambiguous_stop,0.1971460202159876,0.5223454612889963,0.40722260590701836,1.0827463162798883
ETHUSDT,15M,SHORT,TBX0 (a),4454.51,4498.48,55.41,-35.49,-1.21,2025-10-08 13:30:00+00:00,2025-10-08 14:00,-1.21,-1.21,GREEN,1.25,День FOMC Minutes,2025-10,,,False,True,,2025-10-08 14:00:00+00:00,False,False,-1.0,4509.92,True,2025-10-08 13:30:00+00:00|SHORT|TBX0 (a)|4454.51|55.41,0.0,True,0.35914094928712575,limit_retest,0.33116765926728686,-1.2180111893160042,0.3595018949648091,-1.8451543042772025,True,False,True,2.0,0.21801118931600416,0.7798220131876042,15.490714285714407,0.3595018949648091,0.3595018949648091,True,False,False,False,1.25,ambiguous_stop,0.1971460202159876,0.5223454612889963,0.40722260590701836,1.0827463162798883
ETHUSDT,15M,SHORT,TBX0 (a),4449.693733957598,4481.350121067786,45.79,-34.99,-0.76,2025-10-08 14:45:00+00:00,2025-10-08 16:45,-0.76,-0.76,GREEN,1.25,День FOMC Minutes,2025-10,,,False,,,2025-10-08 16:45:00+00:00,False,False,-1.0,4495.483733957598,True,2025-10-08 14:45:00+00:00|SHORT|TBX0 (a)|4449.6937|45.79,0.0,True,0.3095930561782474,market_like,0.32984786978811526,-1.053860363450576,0.80134819737056,-2.3379835344486146,True,False,True,8.0,0.0538603634505761,0.1021137568202357,24.152142857142866,1.085252980074207,,True,True,False,False,10.0,stop_hunt,0.1971460202159876,0.5223454612889963,0.40722260590701836,1.0827463162798883
ETHUSDT,15M,SHORT,TBX0 (a),4501.757312898395,4382.37,28.7,215.61,7.51,2025-10-09 01:00:00+00:00,2025-10-09 11:30,7.51,9.89,NORMAL,1.0,,2025-10,,,False,,True,2025-10-09 11:30:00+00:00,False,False,-1.0,4530.457312898395,True,2025-10-09 01:00:00+00:00|SHORT|TBX0 (a)|4501.7573|28.7,0.0,True,0.25270686765175127,market_like,6.45182274907299,-0.35897864465524193,6.45182274907299,-0.35897864465524193,False,False,False,,0.0,0.0,12.269285714285681,,,False,False,False,False,,clean_winner,0.1971460202159876,0.5223454612889963,0.40722260590701836,1.0827463162798883
ETHUSDT,15M,SHORT,TBX0 (a),4364.028886358711,4332.79,36.58,62.19,1.7,2025-10-09 13:30:00+00:00,2025-10-09 19:15,1.7,0.13,NORMAL,1.0,,2025-10,,,False,,True,2025-10-09 19:15:00+00:00,False,False,-1.0,4400.608886358711,True,2025-10-09 13:30:00+00:00|SHORT|TBX0 (a)|4364.0289|36.58,0.0,True,0.889587579040147,limit_retest,2.7741631043934105,-0.8969686615989342,2.7741631043934105,-0.8969686615989342,False,False,False,,0.0,0.0,20.144285714285747,,,False,False,False,False,,clean_winner,0.1971460202159876,0.5223454612889963,0.40722260590701836,1.0827463162798883
ETHUSDT,15M,SHORT,TBX0 (a),4345.979628726508,4391.230650245216,47.43,-35.37,-0.75,2025-10-10 03:00:00+00:00,2025-10-10 03:30,-0.75,-0.75,NORMAL,1.0,,2025-10,,,False,,,2025-10-10 03:30:00+00:00,False,False,-1.0,4393.409628726508,True,2025-10-10 03:00:00+00:00|SHORT|TBX0 (a)|4345.9796|47.43,0.0,True,0.24795216684570373,market_like,0.01938917829448985,-0.967328089257677,1.475007984956939,-0.967328089257677,False,False,False,,0.0,0.0,13.384285714285722,,,False,False,False,False,,not_applicable,0.1971460202159876,0.5223454612889963,0.40722260590701836,1.0827463162798883
ETHUSDT,15M,SHORT,TBX0 (a),4347.531931999447,4366.56,36.66,-19.03,-0.52,2025-10-10 03:45:00+00:00,2025-10-10 05:45,-0.52,-0.52,NORMAL,1.0,,2025-10,,,False,,,2025-10-10 05:45:00+00:00,False,False,-1.0,4384.191931999447,True,2025-10-10 03:45:00+00:00|SHORT|TBX0 (a)|4347.5319|36.66,0.0,True,1.0002200763926057,limit_retest,0.6097090016215659,-1.1038752864307995,7.640260010895987,-1.115604691777234,True,False,True,0.0,0.10387528643079946,0.21670169908033254,17.572857142857174,7.640260010895987,0.9965066011851309,True,True,True,True,11.75,stop_hunt,0.1971460202159876,0.5223454612889963,0.40722260590701836,1.0827463162798883
ETHUSDT,15M,SHORT,TBX0 (a),4332.560532649415,3941.17,41.91,391.39,9.34,2025-10-10 14:15:00+00:00,2025-10-10 21:45,9.34,9.34,NORMAL,1.0,,2025-10,,,False,,,2025-10-10 21:45:00+00:00,False,False,-1.0,4374.470532649415,True,2025-10-10 14:15:00+00:00|SHORT|TBX0 (a)|4332.5605|41.91,0.0,True,0.395119717265206,limit_retest,22.251504000224653,-0.4955730696870632,22.251504000224653,-0.4955730696870632,False,False,False,,0.0,0.0,17.941428571428528,,,False,False,False,False,,clean_winner,0.1971460202159876,0.5223454612889963,0.40722260590701836,1.0827463162798883
ETHUSDT,15M,LONG,TBX7A,3848.2825238578675,4151.16692887343,45.0,305.84,6.8,2025-10-12 14:45:00+00:00,2025-10-13 09:00,6.8,11.51,NORMAL,1.0,,2025-10,,,False,,True,2025-10-13 09:00:00+00:00,False,False,1.0,3803.2825238578675,True,2025-10-12 14:45:00+00:00|LONG|TBX7A|3848.2825|45.0,0.0,True,0.28561164128594907,market_like,8.247721692047394,-0.28561164128594907,8.247721692047394,-0.28561164128594907,False,False,False,,0.0,0.0,32.21928571428576,,,False,False,False,False,,clean_winner,0.1971460202159876,0.5223454612889963,0.40722260590701836,1.0827463162798883
ETHUSDT,15M,SHORT,TBX0 (a),4092.255057721146,4122.76,45.99,-30.5,-0.66,2025-10-15 00:30:00+00:00,2025-10-15 02:00,-0.66,-0.66,NORMAL,1.0,,2025-10,,,False,,,2025-10-15 02:00:00+00:00,False,False,-1.0,4138.245057721146,True,2025-10-15 00:30:00+00:00|SHORT|TBX0 (a)|4092.2551|45.99,0.0,True,0.21819835353020292,market_like,0.25386078976181786,-0.6782983752740571,0.7230932315969978,-2.6933016368526626,False,False,False,,0.0,0.0,18.390714285714143,,,False,False,False,False,,not_applicable,0.1971460202159876,0.5223454612889963,0.40722260590701836,1.0827463162798883
ETHUSDT,15M,SHORT,TBX0 (a),4081.408681741337,4140.82,59.41,-22.7,-0.38,2025-10-15 03:15:00+00:00,2025-10-15 08:15,-0.38,-0.38,NORMAL,1.0,,2025-10,,,False,,,2025-10-15 08:15:00+00:00,False,False,-1.0,4140.818681741337,True,2025-10-15 03:15:00+00:00|SHORT|TBX0 (a)|4081.4087|59.41,0.0,True,0.34053725397514095,market_like,0.37718703486512717,-1.6382985736182896,1.590787438837521,-2.267485579172912,True,True,False,20.0,0.6382985736182896,1.6799520777839425,22.572857142856915,2.6022333233687474,,True,True,True,False,9.0,hopeless,0.1971460202159876,0.5223454612889963,0.40722260590701836,1.0827463162798883
ETHUSDT,15M,SHORT,TBX7B,3993.94,4030.72,66.72,-15.39,-0.33,2025-10-16 08:15:00+00:00,2025-10-16 09:45,-0.33,-0.33,NORMAL,1.0,,2025-10,,,False,True,,2025-10-16 09:45:00+00:00,False,False,-1.0,4060.66,True,2025-10-16 08:15:00+00:00|SHORT|TBX7B|3993.94|66.72,0.0,True,0.15152877697841918,market_like,0.8489208633093506,-0.7952637889688241,2.157374100719425,-1.429856115107915,False,False,False,,0.0,0.0,20.336428571428637,,,False,False,False,False,,not_applicable,0.1971460202159876,0.5223454612889963,0.40722260590701836,1.0827463162798883
ETHUSDT,15M,SHORT,TBX7B,4011.4897816844077,4050.431061906414,47.95,-30.72,-0.64,2025-10-16 13:45:00+00:00,2025-10-16 14:30,-0.64,-0.64,NORMAL,1.0,,2025-10,,,False,,,2025-10-16 14:30:00+00:00,False,False,-1.0,4059.4397816844075,True,2025-10-16 13:45:00+00:00|SHORT|TBX7B|4011.4898|47.95,0.0,True,0.8400462630989002,limit_retest,0.9641247483713763,-0.991245428896606,3.9413927358583463,-0.991245428896606,False,False,False,,0.0,0.0,22.728571428571417,,,False,False,False,False,,not_applicable,0.1971460202159876,0.5223454612889963,0.40722260590701836,1.0827463162798883
ETHUSDT,15M,SHORT,TBX7B,3979.174193519511,3912.948285544107,74.15,18.37,0.25,2025-10-16 15:15:00+00:00,2025-10-17 00:15,0.25,0.25,NORMAL,1.0,,2025-10,,,False,,,2025-10-17 00:15:00+00:00,False,False,-1.0,4053.324193519511,True,2025-10-16 15:15:00+00:00|SHORT|TBX7B|3979.1742|74.15,0.0,True,0.4270506605595308,limit_retest,2.112935853263802,-0.4502468844300608,2.112935853263802,-0.4502468844300608,False,False,False,,0.0,0.0,34.32357142857138,,,False,False,False,False,,clean_winner,0.1971460202159876,0.5223454612889963,0.40722260590701836,1.0827463162798883
ETHUSDT,15M,SHORT,TBX7B,3883.471889041378,3781.710148775711,44.84,60.61,1.35,2025-10-17 06:15:00+00:00,2025-10-17 11:00,1.35,-0.14,NORMAL,1.0,,2025-10,,,False,,True,2025-10-17 11:00:00+00:00,False,False,-1.0,3928.311889041378,True,2025-10-17 06:15:00+00:00|SHORT|TBX7B|3883.4719|44.84,0.0,True,0.23791505260084828,market_like,4.738445339905839,-0.3293512702636473,4.738445339905839,-0.3293512702636473,False,False,False,,0.0,0.0,15.090000000000016,,,False,False,False,False,,clean_winner,0.1971460202159876,0.5223454612889963,0.40722260590701836,1.0827463162798883
ETHUSDT,1H,LONG,TBX7B,4080.41,3994.344694931371,86.07,-79.18,-0.92,2025-10-21 15:00:00+00:00,2025-10-21 17:15,-0.92,-0.92,NORMAL,1.0,,2025-10,,,False,,,2025-10-21 17:15:00+00:00,False,False,1.0,3994.3399999999997,True,2025-10-21 15:00:00+00:00|LONG|TBX7B|4080.41|86.07,3.0,False,0.7024514929708382,limit_retest,0.32531660276519114,-1.361914720576273,0.32531660276519114,-3.079354014174509,True,False,True,9.0,0.36191472057627294,0.8848893127447555,35.20214285714282,-0.5523411176948991,,True,False,False,False,0.25,ambiguous_stop,0.4321185415586152,0.6756383432490256,0.6360653867547656,1.0796369927068623
ETHUSDT,15M,LONG,TBX0 (a) or TBX1,3860.8399019505177,3935.515406989617,26.23,39.46,1.5,2025-10-24 00:15:00+00:00,2025-10-24 07:45,1.5,1.5,NORMAL,1.0,,2025-10,,,False,,,2025-10-24 07:45:00+00:00,False,False,1.0,3834.6099019505177,True,2025-10-24 00:15:00+00:00|LONG|TBX0 (a) or TBX1|3860.8399|26.23,0.0,True,0.2569539439770428,market_like,4.8478878402395065,-0.641246738487143,4.8478878402395065,-0.641246738487143,False,False,False,,0.0,0.0,12.184285714285709,,,False,False,False,False,,clean_winner,0.1971460202159876,0.5223454612889963,0.40722260590701836,1.0827463162798883
ETHUSDT,15M,LONG,TBX0 (a) or TBX1,3972.808970560727,3933.2481166888665,46.5,-45.8,-0.98,2025-10-24 12:30:00+00:00,2025-10-24 13:30,-0.98,-0.98,GREEN,1.2,CPI после 12:00 UTC,2025-10,,,False,,,2025-10-24 13:30:00+00:00,False,False,1.0,3926.308970560727,True,2025-10-24 12:30:00+00:00|LONG|TBX0 (a) or TBX1|3972.809|46.5,0.0,True,0.41460151743498874,market_like,1.1542156868660827,-0.9339563561446681,1.1542156868660827,-2.3339563561446663,False,False,False,,0.0,0.0,17.87928571428568,,,False,False,False,False,,ambiguous_stop,0.1971460202159876,0.5223454612889963,0.40722260590701836,1.0827463162798883
ETHUSDT,1H,SHORT,TBX0,4054.26,4075.95,21.69,-21.04,-0.97,2025-10-26 16:00:00+00:00,2025-10-26 18:15,-0.97,-0.97,NORMAL,1.0,,2025-10,,,False,,,2025-10-26 18:15:00+00:00,False,False,-1.0,4075.9500000000003,True,2025-10-26 16:00:00+00:00|SHORT|TBX0|4054.26|21.69,1.0,False,0.8847395112955094,limit_retest,0.49930843706779077,-1.1802674043337902,0.49930843706779077,-7.878284923928082,True,False,True,9.0,0.18026740433379018,0.24262033507667258,16.115714285714244,0.054863992623331234,-0.4997694790225768,True,False,False,False,2.0,ambiguous_stop,0.4321185415586152,0.6756383432490256,0.6360653867547656,1.0796369927068623
ETHUSDT,1H,LONG,TBX7B,4079.08,4196.669438548581,15.65,117.59,7.51,2025-10-26 21:00:00+00:00,2025-10-27 07:30,7.51,12.86,NORMAL,1.0,,2025-10,,,False,,True,2025-10-27 07:30:00+00:00,False,False,1.0,4063.43,True,2025-10-26 21:00:00+00:00|LONG|TBX7B|4079.08|15.65,2.0,False,1.2083067092651665,limit_retest,11.11309904153355,-1.6236421725239523,11.11309904153355,-1.6236421725239523,True,True,False,0.0,0.6236421725239523,0.981820794711495,9.940714285714225,11.11309904153355,,True,True,True,True,8.25,winner_survived_stop_touch,0.4321185415586152,0.6756383432490256,0.6360653867547656,1.0796369927068623
ETHUSDT,15M,LONG,TBX0,3858.163052176113,3833.479953335231,34.36,-23.65,-0.69,2025-10-31 09:00:00+00:00,2025-10-31 12:45,-0.69,-0.69,NORMAL,1.0,,2025-10,,,False,,,2025-10-31 12:45:00+00:00,False,False,1.0,3823.803052176113,True,2025-10-31 09:00:00+00:00|LONG|TBX0|3858.1631|34.36,0.0,True,0.2300073392349491,market_like,0.839841321999037,-0.9328594929020064,1.3602138481922883,-1.6159211925527706,False,False,False,,0.0,0.0,14.479285714285718,,,False,False,False,False,,not_applicable,0.1971460202159876,0.5223454612889963,0.40722260590701836,1.0827463162798883
ETHUSDT,15M,LONG,TBX0,3857.7677979762334,3841.8771883581967,38.62,-12.8,-0.33,2025-10-31 18:30:00+00:00,2025-10-31 21:00,-0.33,-0.33,NORMAL,1.0,,2025-10,,,False,,,2025-10-31 21:00:00+00:00,False,False,1.0,3819.1477979762335,True,2025-10-31 18:30:00+00:00|LONG|TBX0|3857.7678|38.62,0.0,True,0.9238166228957342,market_like,1.2204091668505102,-1.3088502842111238,1.2204091668505102,-1.3088502842111238,True,False,True,0.0,0.3088502842111238,0.5189706052996557,22.98357142857146,1.2204091668505102,1.2204091668505102,True,True,False,False,1.0,ambiguous_stop,0.1971460202159876,0.5223454612889963,0.40722260590701836,1.0827463162798883
ETHUSDT,1H,SHORT,TBX7A,3835.16,3724.0,18.77,111.16,5.53,2025-11-03 01:00:00+00:00,2025-11-03 12:15,5.53,2.27,NORMAL,1.0,,2025-11,,,False,,True,2025-11-03 12:15:00+00:00,False,False,-1.0,3853.93,True,2025-11-03 01:00:00+00:00|SHORT|TBX7A|3835.16|18.77,2.0,False,1.4997336174746985,limit_retest,9.8577517314864,-1.5050612679808204,9.8577517314864,-1.5050612679808204,True,True,False,0.0,0.5050612679808204,0.5678589765531432,16.694285714285634,9.8577517314864,,True,True,True,True,9.75,winner_survived_stop_touch,0.4321185415586152,0.6756383432490256,0.6360653867547656,1.0796369927068623
ETHUSDT,15M,SHORT,TBX7A,3664.8257368941768,3627.28,68.91,0.3,0.0,2025-11-03 15:15:00+00:00,2025-11-04 00:30,0.0,0.0,NORMAL,1.0,,2025-11,,,False,,,2025-11-04 00:30:00+00:00,False,False,-1.0,3733.7357368941766,True,2025-11-03 15:15:00+00:00|SHORT|TBX7A|3664.8257|68.91,0.0,True,0.6349479481326826,limit_retest,1.5792444767693625,-0.6350930649517251,1.5792444767693625,-0.6350930649517251,False,False,False,,0.0,0.0,24.352142857142912,,,False,False,False,False,,not_applicable,0.1971460202159876,0.5223454612889963,0.40722260590701836,1.0827463162798883
ETHUSDT,15M,SHORT,TBX7A,3607.1442134270687,3539.7469415925934,45.27,42.83,0.95,2025-11-04 05:15:00+00:00,2025-11-04 14:45,0.95,0.95,NORMAL,1.0,,2025-11,,,False,,,2025-11-04 14:45:00+00:00,False,False,-1.0,3652.4142134270687,True,2025-11-04 05:15:00+00:00|SHORT|TBX7A|3607.1442|45.27,0.0,True,0.40569442396579375,limit_retest,3.2503691943244695,-0.426458727036251,4.973364555490805,-0.426458727036251,False,False,False,,0.0,0.0,18.43642857142845,,,False,False,False,False,,clean_winner,0.1971460202159876,0.5223454612889963,0.40722260590701836,1.0827463162798883
ETHUSDT,1H,LONG,TBX0,3246.44,3181.3946,65.05,-63.1,-0.97,2025-11-04 22:00:00+00:00,2025-11-05 01:15,-0.97,-0.97,NORMAL,1.0,,2025-11,,,False,,,2025-11-05 01:15:00+00:00,False,False,1.0,3181.39,True,2025-11-04 22:00:00+00:00|LONG|TBX0|3246.44|65.05,0.0,True,0.5020753266717887,market_like,0.9117601844734812,-1.2456571867794035,1.650422751729441,-1.2456571867794035,True,True,False,13.0,0.2456571867794035,0.2736736516324796,58.3907142857142,1.7306687163720205,,True,True,False,False,11.0,stop_hunt,0.4321185415586152,0.6756383432490256,0.6360653867547656,1.0796369927068623
ETHUSDT,15M,LONG,TBX0,3273.638478695813,3299.48,93.13,-9.1,-0.1,2025-11-05 02:00:00+00:00,2025-11-05 09:00,-0.1,-0.1,NORMAL,1.0,,2025-11,,,False,,,2025-11-05 09:00:00+00:00,False,False,1.0,3180.5084786958128,True,2025-11-05 02:00:00+00:00|LONG|TBX0|3273.6385|93.13,0.0,True,0.34079758075606975,market_like,0.8607486449499336,-0.3441262610953798,1.088387429444724,-0.3441262610953798,False,False,False,,0.0,0.0,38.240000000000045,,,False,False,False,False,,not_applicable,0.1971460202159876,0.5223454612889963,0.40722260590701836,1.0827463162798883
ETHUSDT,1H,LONG,TBX0,3343.55,3433.44,41.33,89.89,2.17,2025-11-05 12:00:00+00:00,2025-11-05 21:00,2.17,1.32,NORMAL,1.0,,2025-11,,,False,,True,2025-11-05 21:00:00+00:00,False,False,1.0,3302.2200000000003,True,2025-11-05 12:00:00+00:00|LONG|TBX0|3343.55|41.33,1.0,False,0.5460924268086176,limit_retest,3.2772804258407895,-0.7812726832809089,3.2772804258407895,-0.7812726832809089,False,False,False,,0.0,0.0,19.19071428571416,,,False,False,False,False,,clean_winner,0.4321185415586152,0.6756383432490256,0.6360653867547656,1.0796369927068623
ETHUSDT,1H,SHORT,TBX0,3347.88,3390.99,61.73,-43.11,-0.7,2025-11-06 12:00:00+00:00,2025-11-06 13:15,-0.7,-0.7,NORMAL,1.0,,2025-11,,,False,,,2025-11-06 13:15:00+00:00,False,False,-1.0,3409.61,True,2025-11-06 12:00:00+00:00|SHORT|TBX0|3347.88|61.73,2.0,False,0.8093309573951084,limit_retest,0.11906690426048776,-0.9081483881419075,1.666612668070632,-0.9081483881419075,False,False,False,,0.0,0.0,15.527857142857101,,,False,False,False,False,,not_applicable,0.4321185415586152,0.6756383432490256,0.6360653867547656,1.0796369927068623
ETHUSDT,15M,SHORT,TBX0,3305.42,3276.0,75.69,29.42,0.58,2025-11-07 09:15:00+00:00,2025-11-07 14:30,0.58,0.58,NORMAL,1.0,,2025-11,,,False,,,2025-11-07 14:30:00+00:00,False,False,-1.0,3381.11,True,2025-11-07 09:15:00+00:00|SHORT|TBX0|3305.42|75.69,0.0,True,0.2580261593341227,market_like,1.4863258026159334,-0.35909631391200736,1.4863258026159334,-2.1743955608402685,False,False,False,,0.0,0.0,14.234285714285729,,,False,False,False,False,,clean_winner,0.1971460202159876,0.5223454612889963,0.40722260590701836,1.0827463162798883
ETHUSDT,1H,LONG,TBX7B,3424.85,3428.0367321871195,51.18,3.19,0.06,2025-11-07 18:00:00+00:00,2025-11-08 00:00,0.06,0.06,NORMAL,1.0,,2025-11,,,False,,,2025-11-08 00:00:00+00:00,False,False,1.0,3373.67,True,2025-11-07 18:00:00+00:00|LONG|TBX7B|3424.85|51.18,2.0,False,0.7909339585775698,limit_retest,0.9257522469714754,-0.9419695193434943,1.2729581867917172,-0.9419695193434943,False,False,False,,0.0,0.0,35.66357142857142,,,False,False,False,False,,clean_winner,0.4321185415586152,0.6756383432490256,0.6360653867547656,1.0796369927068623
ETHUSDT,1H,LONG,TBX0,3466.95,3531.7451361740345,42.94,64.8,1.51,2025-11-12 08:00:00+00:00,2025-11-12 14:45,1.51,0.91,NORMAL,1.0,,2025-11,,,False,,True,2025-11-12 14:45:00+00:00,False,False,1.0,3424.0099999999998,True,2025-11-12 08:00:00+00:00|LONG|TBX0|3466.95|42.94,2.0,False,0.941779226828123,limit_retest,2.801350721937587,-0.9459711224965043,2.801350721937587,-2.2578015836050263,False,False,False,,0.0,0.0,10.658571428571447,,,False,False,False,False,,clean_winner,0.4321185415586152,0.6756383432490256,0.6360653867547656,1.0796369927068623
ETHUSDT,1H,LONG,TBX0,3229.92,3168.0152,61.9,-58.81,-0.95,2025-11-14 16:00:00+00:00,2025-11-14 17:45,-0.95,-0.95,NORMAL,1.0,,2025-11,,,False,,,2025-11-14 17:45:00+00:00,False,False,1.0,3168.02,True,2025-11-14 16:00:00+00:00|LONG|TBX0|3229.92|61.9,1.0,False,0.5523424878836842,limit_retest,0.42051696284329154,-1.161873990306948,0.42051696284329154,-2.292730210016156,True,False,True,7.0,0.16187399030694793,0.23292265798824652,43.01857142857135,-0.16672051696284595,,True,False,False,False,1.5,ambiguous_stop,0.4321185415586152,0.6756383432490256,0.6360653867547656,1.0796369927068623
ETHUSDT,1H,LONG,TBX0,3064.5,3039.3196,25.18,-24.42,-0.97,2025-11-18 10:00:00+00:00,2025-11-18 12:00,-0.97,-0.97,NORMAL,1.0,,2025-11,,,False,,,2025-11-18 12:00:00+00:00,False,False,1.0,3039.32,True,2025-11-18 10:00:00+00:00|LONG|TBX0|3064.5|25.18,0.0,True,0.2120730738681551,market_like,0.3657664813343938,-1.089753772835586,4.1612390786338445,-1.7668784749801343,True,True,False,8.0,0.08975377283558594,0.10414403739179344,21.70071428571428,4.1612390786338445,,True,True,True,False,6.75,stop_hunt,0.4321185415586152,0.6756383432490256,0.6360653867547656,1.0796369927068623
ETHUSDT,15M,LONG,TBX0,3062.156904476521,3035.52,26.64,-17.56,-0.66,2025-11-18 14:15:00+00:00,2025-11-18 15:00,-0.66,-0.66,NORMAL,1.0,,2025-11,,,False,,,2025-11-18 15:00:00+00:00,False,False,1.0,3035.516904476521,True,2025-11-18 14:15:00+00:00|LONG|TBX0|3062.1569|26.64,0.0,True,0.9998838016712113,market_like,1.110101183313775,-1.1320159338033426,4.021137219349818,-1.1320159338033426,True,False,True,0.0,0.13201593380334264,0.1791010245945759,19.636428571428496,4.021137219349818,1.110101183313775,True,True,True,False,4.5,stop_hunt,0.1971460202159876,0.5223454612889963,0.40722260590701836,1.0827463162798883
ETHUSDT,15M,SHORT,TBX7B,3018.561417897853,2929.4691165761333,68.44,111.36,1.62,2025-11-19 15:30:00+00:00,2025-11-19 20:30,1.62,1.62,GREEN,1.25,День FOMC Minutes,2025-11,,,False,,,2025-11-19 20:30:00+00:00,False,False,-1.0,3087.001417897853,True,2025-11-19 15:30:00+00:00|SHORT|TBX7B|3018.5614|68.44,0.0,True,0.215642637377953,market_like,2.1268471346851703,-0.24618033463101685,2.1268471346851703,-0.561639130656735,False,False,False,,0.0,0.0,29.703571428571326,,,False,False,False,False,,clean_winner,0.1971460202159876,0.5223454612889963,0.40722260590701836,1.0827463162798883
ETHUSDT,1H,LONG,TBX0,3024.09,3018.61,43.34,-6.85,-0.16,2025-11-19 23:00:00+00:00,2025-11-20 04:15,-0.16,-0.16,GREEN,1.25,День FOMC Minutes,2025-11,,,False,,,2025-11-20 04:15:00+00:00,False,False,1.0,2980.75,True,2025-11-19 23:00:00+00:00|LONG|TBX0|3024.09|43.34,3.0,False,0.9423165666820522,limit_retest,0.7593447161975047,-0.9457775726811314,0.8977849561605873,-0.9457775726811314,False,False,False,,0.0,0.0,27.89071428571427,,,False,False,False,False,,not_applicable,0.4321185415586152,0.6756383432490256,0.6360653867547656,1.0796369927068623
ETHUSDT,15M,LONG,TBX0,3042.2590878881383,3019.42,22.84,-44.31,-1.94,2025-11-20 04:45:00+00:00,2025-11-20 06:30,-1.94,-1.94,NORMAL,1.0,,2025-11,,,False,,,2025-11-20 06:30:00+00:00,False,False,1.0,3019.419087888138,True,2025-11-20 04:45:00+00:00|LONG|TBX0|3042.2591|22.84,0.0,True,0.7271929898484334,market_like,0.9080959768766064,-1.3992595397608638,0.9080959768766064,-7.752149207011318,True,True,False,7.0,0.3992595397608638,0.5776536375455099,15.786428571428653,0.2513534199589181,,True,False,False,False,7.0,hopeless,0.1971460202159876,0.5223454612889963,0.40722260590701836,1.0827463162798883
ETHUSDT,1H,SHORT,TBX0,2796.45,2825.45,43.43,-30.57,-0.7,2025-11-24 09:00:00+00:00,2025-11-24 13:30,-0.7,-0.7,NORMAL,1.0,,2025-11,,,False,,,2025-11-24 13:30:00+00:00,False,False,-1.0,2839.8799999999997,True,2025-11-24 09:00:00+00:00|SHORT|TBX0|2796.45|43.43,1.0,False,0.9424361040755306,limit_retest,0.24038682938060327,-0.9424361040755306,0.32811420676951414,-4.387059636196183,False,False,False,,0.0,0.0,15.693571428571593,,,False,False,False,False,,not_applicable,0.4321185415586152,0.6756383432490256,0.6360653867547656,1.0796369927068623
ETHUSDT,15M,SHORT,TBX0,2800.8820301793558,2824.2,23.32,-23.32,-1.0,2025-11-24 14:00:00+00:00,2025-11-24 14:30,-1.0,-1.0,NORMAL,1.0,,2025-11,,,False,,,2025-11-24 14:30:00+00:00,False,False,-1.0,2824.202030179356,True,2025-11-24 14:00:00+00:00|SHORT|TBX0|2800.882|23.32,0.0,True,0.5582319820173387,limit_retest,0.244512443368607,-2.0325029940242043,0.8011162169535134,-7.980187385104814,True,False,True,2.0,1.0325029940242043,1.994388696538992,12.072857142857206,0.8011162169535134,,True,False,False,False,0.25,hopeless,0.1971460202159876,0.5223454612889963,0.40722260590701836,1.0827463162798883
ETHUSDT,1H,SHORT,TBX0 (a),3212.88,3193.34,3.43,23.45,14.39,2025-12-11 05:00:00+00:00,2025-12-11 17:15,14.39,14.39,GREEN,1.2,FOMC+1 (день после решения),2025-12,,,False,,,2025-12-11 17:15:00+00:00,False,False,-1.0,3216.31,True,2025-12-11 05:00:00+00:00|SHORT|TBX0 (a)|3212.88|3.43,0.0,True,0.01457725947513911,market_like,20.396501457725957,-0.2711370262390193,20.396501457725957,-0.2711370262390193,False,False,False,,0.0,0.0,21.40000000000006,,,False,False,False,False,,clean_winner,0.4321185415586152,0.6756383432490256,0.6360653867547656,1.0796369927068623
ETHUSDT,15M,SHORT,TBX0 (a),3207.725526232851,3257.03,61.46,-16.24,-0.26,2025-12-12 00:45:00+00:00,2025-12-12 02:45,-0.26,-0.26,NORMAL,1.0,,2025-12,,,False,,,2025-12-12 02:45:00+00:00,False,False,-1.0,3269.185526232851,True,2025-12-12 00:45:00+00:00|SHORT|TBX0 (a)|3207.7255|61.46,0.0,True,0.3492429835201632,market_like,0.3969333913578083,-0.9283188051927982,0.3969333913578083,-0.9283188051927982,False,False,False,,0.0,0.0,19.64928571428563,,,False,False,False,False,,not_applicable,0.1971460202159876,0.5223454612889963,0.40722260590701836,1.0827463162798883
ETHUSDT,15M,SHORT,TBX0 (a),3223.22,3095.72,38.8,135.93,3.5,2025-12-12 14:15:00+00:00,2025-12-13 08:00,3.5,3.5,NORMAL,1.0,,2025-12,,,False,True,,2025-12-13 08:00:00+00:00,False,False,-1.0,3262.02,True,2025-12-12 14:15:00+00:00|SHORT|TBX0 (a)|3223.22|38.8,0.0,True,0.2837628865979438,market_like,4.693814432989688,-0.6162371134020699,4.693814432989688,-0.6162371134020699,False,False,False,,0.0,0.0,9.379285714285711,,,False,False,False,False,,clean_winner,0.1971460202159876,0.5223454612889963,0.40722260590701836,1.0827463162798883
ETHUSDT,1H,LONG,TBX7A,3107.41,3135.8217257869383,22.55,28.41,1.18,2025-12-15 01:00:00+00:00,2025-12-15 13:00,1.18,1.18,NORMAL,1.0,,2025-12,,,False,,,2025-12-15 13:00:00+00:00,False,False,1.0,3084.8599999999997,True,2025-12-15 01:00:00+00:00|LONG|TBX7A|3107.41|22.55,2.0,False,1.499778270509965,limit_retest,3.0860310421286097,-1.8780487804878008,3.0860310421286097,-1.8780487804878008,True,True,False,0.0,0.8780487804878008,0.9395336225596487,21.07428571428571,3.0860310421286097,,True,True,True,False,9.5,winner_survived_stop_touch,0.4321185415586152,0.6756383432490256,0.6360653867547656,1.0796369927068623
ETHUSDT,1H,SHORT,TBX0,3130.56,2941.919587259948,26.05,188.64,7.24,2025-12-15 13:00:00+00:00,2025-12-16 06:15,7.24,12.78,NORMAL,1.0,,2025-12,,,False,,True,2025-12-16 06:15:00+00:00,False,False,-1.0,3156.61,True,2025-12-15 13:00:00+00:00|SHORT|TBX0|3130.56|26.05,2.0,False,0.9040307101727517,limit_retest,10.002303262955852,-0.953550863723614,9.214971209213042,-0.953550863723614,False,False,False,,0.0,0.0,11.931428571428569,,,False,False,False,False,,clean_winner,0.4321185415586152,0.6756383432490256,0.6360653867547656,1.0796369927068623
ETHUSDT,15M,SHORT,TBX0,2927.2041274869853,2953.67233816927,39.75,-29.11,-0.73,2025-12-16 13:30:00+00:00,2025-12-16 14:45,-0.73,-0.73,GREEN,1.25,День Retail Sales,2025-12,,,False,,,2025-12-16 14:45:00+00:00,False,False,-1.0,2966.9541274869853,True,2025-12-16 13:30:00+00:00|SHORT|TBX0|2927.2041|39.75,0.0,True,0.9254307550443902,limit_retest,1.050166729232333,-1.381028239321123,1.050166729232333,-1.381028239321123,True,False,True,0.0,0.38102823932112306,0.8552848305187355,17.708571428571435,1.050166729232333,1.050166729232333,True,True,False,False,0.5,ambiguous_stop,0.1971460202159876,0.5223454612889963,0.40722260590701836,1.0827463162798883
ETHUSDT,15M,SHORT,TBX0,2944.3014984666515,2939.99,12.43,2.01,0.16,2025-12-17 03:30:00+00:00,2025-12-17 06:00,0.16,0.16,YELLOW,0.5,День перед CPI,2025-12,,,False,,,2025-12-17 06:00:00+00:00,False,False,-1.0,2956.7314984666514,True,2025-12-17 03:30:00+00:00|SHORT|TBX0|2944.3015|12.43,0.0,True,0.4560339125782995,limit_retest,2.569710254758762,-0.5195898256917684,4.972767374630069,-6.89448926253809,False,False,False,,0.0,0.0,10.365000000000009,,,False,False,False,False,,clean_winner,0.1971460202159876,0.5223454612889963,0.40722260590701836,1.0827463162798883
ETHUSDT,15M,SHORT,TBX0,2922.996443309915,2932.5,26.18,-4.84,-0.18,2025-12-17 08:30:00+00:00,2025-12-17 12:00,-0.18,-0.18,YELLOW,0.5,День перед CPI,2025-12,,,False,,,2025-12-17 12:00:00+00:00,False,False,-1.0,2949.1764433099147,True,2025-12-17 08:30:00+00:00|SHORT|TBX0|2922.9964|26.18,0.0,True,0.20449032429660208,market_like,0.6763347329990413,-0.44933371619882934,5.098412655076963,-4.087225236443283,False,False,False,,0.0,0.0,10.61714285714288,,,False,False,False,False,,not_applicable,0.1971460202159876,0.5223454612889963,0.40722260590701836,1.0827463162798883
ETHUSDT,15M,SHORT,TBX0,2919.712746416645,2934.38,14.67,-7.11,-0.48,2025-12-17 12:30:00+00:00,2025-12-17 13:45,-0.48,-0.48,YELLOW,0.5,День перед CPI,2025-12,,,False,,,2025-12-17 13:45:00+00:00,False,False,-1.0,2934.382746416645,True,2025-12-17 12:30:00+00:00|SHORT|TBX0|2919.7127|14.67,0.0,True,0.33450944671811583,market_like,0.18491795614486242,-2.3208761815511307,8.874761173595443,-7.517876863214374,True,True,False,5.0,1.3208761815511307,1.9085517811099602,10.152857142857199,8.874761173595443,,True,True,True,True,5.25,hopeless,0.1971460202159876,0.5223454612889963,0.40722260590701836,1.0827463162798883
ETHUSDT,15M,SHORT,TBX0,2918.972842721617,2944.87,25.9,-12.95,-0.5,2025-12-17 14:45:00+00:00,2025-12-17 14:45,-0.5,-0.5,YELLOW,0.5,День перед CPI,2025-12,,,False,,,2025-12-17 14:45:00+00:00,False,False,-1.0,2944.872842721617,True,2025-12-17 14:45:00+00:00|SHORT|TBX0|2918.9728|25.9,0.0,True,0.26552730804567715,market_like,1.408603966085602,-2.9311643736827415,4.998179255660884,-4.286762829281202,True,True,False,0.0,1.9311643736827415,2.5644188160014685,19.504285714285743,4.998179255660884,,True,True,True,False,4.25,hopeless,0.1971460202159876,0.5223454612889963,0.40722260590701836,1.0827463162798883
ETHUSDT,1H,SHORT,TBX7B,2780.4,2835.93246538465,62.98,-69.67,-1.11,2025-12-18 19:00:00+00:00,2025-12-19 02:45,-1.11,-1.11,GREEN,1.2,CPI после 12:00 UTC,2025-12,,,False,,,2025-12-19 02:45:00+00:00,False,False,-1.0,2843.38,True,2025-12-18 19:00:00+00:00|SHORT|TBX7B|2780.4|62.98,3.0,False,0.7240393775801828,limit_retest,0.11797395998730219,-0.952683391552874,0.11797395998730219,-2.6816449666560795,False,False,False,,0.0,0.0,31.58214285714283,,,False,False,False,False,,ambiguous_stop,0.4321185415586152,0.6756383432490256,0.6360653867547656,1.0796369927068623
ETHUSDT,15M,LONG,TBX7A,2970.24,2976.289264485269,44.64,2.99,0.07,2025-12-19 19:00:00+00:00,2025-12-20 13:00,0.07,0.07,NORMAL,1.0,,2025-12,,,False,,,2025-12-20 13:00:00+00:00,False,False,1.0,2925.6,True,2025-12-19 19:00:00+00:00|LONG|TBX7A|2970.24|44.64,0.0,True,0.11379928315412023,market_like,0.7114695340501841,-0.1155913978494591,0.7114695340501841,-0.1155913978494591,False,False,False,,0.0,0.0,22.144285714285747,,,False,False,False,False,,clean_winner,0.1971460202159876,0.5223454612889963,0.40722260590701836,1.0827463162798883
ETHUSDT,15M,LONG,TBX7A,2976.3611218753,2981.885489733179,13.84,9.14,0.66,2025-12-21 04:00:00+00:00,2025-12-21 12:30,0.66,0.66,NORMAL,1.0,,2025-12,,,False,,,2025-12-21 12:30:00+00:00,False,False,1.0,2962.5211218752997,True,2025-12-21 04:00:00+00:00|LONG|TBX7A|2976.3611|13.84,0.0,True,0.33678626266618994,market_like,2.5743409049638655,-0.4162660314523105,2.5743409049638655,-2.4104856846314946,False,False,False,,0.0,0.0,6.015000000000002,,,False,False,False,False,,clean_winner,0.1971460202159876,0.5223454612889963,0.40722260590701836,1.0827463162798883
ETHUSDT,15M,LONG,TBX7A,2989.1337379339875,2996.8436771693077,17.89,5.6,0.31,2025-12-21 22:30:00+00:00,2025-12-22 02:00,0.31,0.31,NORMAL,1.0,,2025-12,,,False,,,2025-12-22 02:00:00+00:00,False,False,1.0,2971.2437379339876,True,2025-12-21 22:30:00+00:00|LONG|TBX7A|2989.1337|17.89,0.0,True,0.19528999072038186,market_like,3.983021915372407,-1.2931100018998045,3.983021915372407,-1.2931100018998045,True,False,True,14.0,0.2931100018998045,0.6690269851073091,7.837857142857144,4.96681174209124,4.96681174209124,True,True,True,False,10.5,winner_survived_stop_touch,0.1971460202159876,0.5223454612889963,0.40722260590701836,1.0827463162798883
ETHUSDT,15M,LONG,TBX7A,3064.0842454928406,3042.76,21.32,-21.32,-1.0,2025-12-22 14:45:00+00:00,2025-12-22 15:00,-1.0,-1.0,NORMAL,1.0,,2025-12,,,False,,,2025-12-22 15:00:00+00:00,False,False,1.0,3042.7642454928405,True,2025-12-22 14:45:00+00:00|LONG|TBX7A|3064.0842|21.32,0.0,True,0.8566719274315419,market_like,0.4181873596228594,-1.317272302666071,0.4181873596228594,-4.8350959424409305,True,True,False,0.0,0.3172723026660711,0.4442645754352072,15.225714285714307,0.3708140012738811,,True,False,False,False,0.25,hopeless,0.1971460202159876,0.5223454612889963,0.40722260590701836,1.0827463162798883
ETHUSDT,15M,LONG,TBX7A,3055.3,3033.29,25.95,-20.3,-0.97,2025-12-22 16:15:00+00:00,2025-12-22 17:00,-0.97,-0.97,NORMAL,1.0,,2025-12,,,False,True,,2025-12-22 17:00:00+00:00,False,False,1.0,3029.3500000000004,True,2025-12-22 16:15:00+00:00|LONG|TBX7A|3055.3|25.95,0.0,True,0.197302504816969,market_like,0.12755298651252198,-1.2832369942196602,0.12755298651252198,-3.6339113680154216,True,False,True,3.0,0.2832369942196602,0.38621776826934817,19.030714285714307,-0.6050096339113785,,True,False,False,False,1.25,ambiguous_stop,0.1971460202159876,0.5223454612889963,0.40722260590701836,1.0827463162798883
ETHUSDT,1H,SHORT,TBX0,3031.36,3007.1577171062245,13.16,24.2,1.84,2025-12-22 17:00:00+00:00,2025-12-22 22:45,1.84,-0.75,NORMAL,1.0,,2025-12,,,False,,True,2025-12-22 22:45:00+00:00,False,False,-1.0,3044.52,True,2025-12-22 17:00:00+00:00|SHORT|TBX0|3031.36|13.16,0.0,True,0.810030395136767,limit_retest,5.346504559270526,-0.9072948328267518,5.346504559270526,-0.9072948328267518,False,False,False,,0.0,0.0,19.587857142857178,,,False,False,False,False,,clean_winner,0.4321185415586152,0.6756383432490256,0.6360653867547656,1.0796369927068623
ETHUSDT,15M,SHORT,TBX0,2995.1930755053445,2947.0149117424535,33.12,48.18,1.45,2025-12-23 02:30:00+00:00,2025-12-23 16:00,1.45,1.45,NORMAL,1.0,,2025-12,,,False,,,2025-12-23 16:00:00+00:00,False,False,-1.0,3028.3130755053444,True,2025-12-23 02:30:00+00:00|SHORT|TBX0|2995.1931|33.12,0.0,True,0.5264771888482975,limit_retest,2.895322328059913,-0.6070931308772852,1.9985831976251358,-0.6070931308772852,False,False,False,,0.0,0.0,11.731428571428589,,,False,False,False,False,,clean_winner,0.1971460202159876,0.5223454612889963,0.40722260590701836,1.0827463162798883
ETHUSDT,1H,LONG,TBX0,2955.09,2914.6134,40.48,-37.24,-0.92,2025-12-23 16:00:00+00:00,2025-12-23 17:45,-0.92,-0.92,NORMAL,1.0,,2025-12,,,False,,,2025-12-23 17:45:00+00:00,False,False,1.0,2914.61,True,2025-12-23 16:00:00+00:00|LONG|TBX0|2955.09|40.48,1.0,False,0.6842885375494139,limit_retest,0.26482213438734686,-1.1632905138339957,0.8065711462450503,-1.1810770750988129,True,True,False,7.0,0.16329051383399573,0.3597978227060729,18.37142857142859,0.8065711462450503,,True,False,False,False,3.0,ambiguous_stop,0.4321185415586152,0.6756383432490256,0.6360653867547656,1.0796369927068623
ETHUSDT,1H,SHORT,TBX7B,2909.4,2946.377991590454,36.98,-35.13,-0.95,2025-12-23 17:00:00+00:00,2025-12-23 18:30,-0.95,-0.95,NORMAL,1.0,,2025-12,,,False,,,2025-12-23 18:30:00+00:00,False,False,-1.0,2946.38,True,2025-12-23 17:00:00+00:00|SHORT|TBX7B|2909.4|36.98,3.0,False,1.2355327203894013,limit_retest,0.057328285559759086,-1.5254191454840416,0.057328285559759086,-2.1184424012979908,True,True,False,0.0,0.5254191454840416,0.9984217287575616,19.460714285714307,0.057328285559759086,,True,False,False,False,1.0,hopeless,0.4321185415586152,0.6756383432490256,0.6360653867547656,1.0796369927068623
ETHUSDT,1H,LONG,TBX0,2968.71,2937.420666950258,32.79,-29.65,-0.9,2025-12-23 20:00:00+00:00,2025-12-24 02:30,-0.9,-0.9,NORMAL,1.0,,2025-12,,,False,,,2025-12-24 02:30:00+00:00,False,False,1.0,2935.92,True,2025-12-23 20:00:00+00:00|LONG|TBX0|2968.71|32.79,2.0,False,0.7929246721561451,limit_retest,0.58035986581274,-1.4245196706312913,0.58035986581274,-1.6041476059774293,True,True,False,26.0,0.42451967063129126,0.8636001063546926,16.11857142857148,-0.328453796889295,,True,False,False,False,1.5,hopeless,0.4321185415586152,0.6756383432490256,0.6360653867547656,1.0796369927068623
ETHUSDT,15M,LONG,TBX0,2932.6180707053136,2942.08,21.63,10.9,0.5,2025-12-24 16:00:00+00:00,2025-12-25 00:15,0.5,0.5,GREEN,1.25,Канун праздника (прочие),2025-12,,,False,,,2025-12-25 00:15:00+00:00,False,False,1.0,2910.9880707053135,True,2025-12-24 16:00:00+00:00|LONG|TBX0|2932.6181|21.63,0.0,True,0.3891849609483942,market_like,1.3902879932818526,-0.5815104348272594,1.3902879932818526,-0.5815104348272594,False,False,False,,0.0,0.0,13.540714285714264,,,False,False,False,False,,clean_winner,0.1971460202159876,0.5223454612889963,0.40722260590701836,1.0827463162798883
ETHUSDT,15M,LONG,TBX7B,2942.277350796854,3003.988216407783,9.67,37.11,3.84,2025-12-28 22:15:00+00:00,2025-12-29 07:00,3.84,11.22,NORMAL,1.0,,2025-12,,,False,,True,2025-12-29 07:00:00+00:00,False,False,1.0,2932.607350796854,True,2025-12-28 22:15:00+00:00|LONG|TBX7B|2942.2774|9.67,0.0,True,0.5881438259414616,market_like,11.760356691121604,-0.7422286242868843,11.760356691121604,-0.7422286242868843,False,False,False,,0.0,0.0,5.966428571428618,,,False,False,False,False,,clean_winner,0.1971460202159876,0.5223454612889963,0.40722260590701836,1.0827463162798883
ETHUSDT,15M,SHORT,TBX0,2918.4532022871413,2936.9690888954774,39.39,-16.63,-0.42,2025-12-29 15:00:00+00:00,2025-12-30 03:15,-0.42,-0.42,NORMAL,1.0,,2025-12,,,False,,,2025-12-30 03:15:00+00:00,False,False,-1.0,2957.843202287141,True,2025-12-29 15:00:00+00:00|SHORT|TBX0|2918.4532|39.39,0.0,True,0.2228179160410955,market_like,0.18667687959231677,-0.7853972508976543,0.18667687959231677,-0.7853972508976543,False,False,False,,0.0,0.0,18.419999999999977,,,False,False,False,False,,not_applicable,0.1971460202159876,0.5223454612889963,0.40722260590701836,1.0827463162798883
ETHUSDT,1H,LONG,TBX7A,2983.87,2993.203610344266,9.0,9.33,-1.0,2026-01-01 14:00:00+00:00,2026-01-02 02:15,-1.0,-1.0,NORMAL,1.0,,2026-01,,,False,True,,2026-01-02 02:15:00+00:00,False,False,1.0,2974.87,True,2026-01-01 14:00:00+00:00|LONG|TBX7A|2983.87|9.0,3.0,False,0.272222222222202,limit_retest,2.7433333333333394,-0.8744444444444324,2.7433333333333394,-0.8744444444444324,False,False,False,,0.0,0.0,4.270714285714348,,,False,False,False,False,,ambiguous_stop,0.4321185415586152,0.6756383432490256,0.6360653867547656,1.0796369927068623
ETHUSDT,15M,LONG,TBX7A,3003.073966760784,3017.770460747372,11.8,20.89,1.77,2026-01-02 03:00:00+00:00,2026-01-02 14:30,1.77,1.77,NORMAL,1.0,,2026-01,,,False,True,,2026-01-02 14:30:00+00:00,False,False,1.0,2991.273966760784,True,2026-01-02 03:00:00+00:00|LONG|TBX7A|3003.074|11.8,0.0,True,0.19440396277829322,market_like,5.584409596543707,-0.3994887085410112,9.243731630442037,-0.3994887085410112,False,False,False,,0.0,0.0,7.290714285714297,,,False,False,False,False,,clean_winner,0.1971460202159876,0.5223454612889963,0.40722260590701836,1.0827463162798883
ETHUSDT,1H,LONG,TBX7B,3239.68,3217.1430147810097,22.54,-21.41,-0.95,2026-01-06 06:00:00+00:00,2026-01-06 07:30,-0.95,-0.95,NORMAL,1.0,,2026-01,,,False,,,2026-01-06 07:30:00+00:00,False,False,1.0,3217.14,True,2026-01-06 06:00:00+00:00|LONG|TBX7B|3239.68|22.54,2.0,False,1.0013309671694637,limit_retest,0.6770186335403824,-1.3092280390416933,3.0310559006211255,-2.2923691215616513,True,False,True,0.0,0.30922803904169327,0.9176227195786738,7.595714285714329,3.0310559006211255,,True,True,True,False,8.25,stop_hunt,0.4321185415586152,0.6756383432490256,0.6360653867547656,1.0796369927068623
ETHUSDT,1H,SHORT,TBX7B,3091.0,3101.0,10.0,-9.7,-0.97,2026-01-09 09:00:00+00:00,2026-01-09 11:15,-0.97,-0.97,NORMAL,1.0,,2026-01,,,False,,,2026-01-09 11:15:00+00:00,False,False,-1.0,3101.0,True,2026-01-09 09:00:00+00:00|SHORT|TBX7B|3091.0|10.0,0.0,True,-0.9440000000000055,limit_retest,1.04699999999998,-1.2360000000000126,3.421000000000004,-5.398999999999978,True,False,True,9.0,0.23600000000001264,0.2447226131397818,9.643571428571379,3.421000000000004,,True,True,True,False,3.75,stop_hunt,0.4321185415586152,0.6756383432490256,0.6360653867547656,1.0796369927068623
ETHUSDT,1H,LONG,TBX7B,3124.35,3112.2825000000003,12.07,-11.71,-0.97,2026-01-11 14:00:00+00:00,2026-01-11 15:45,-0.97,-0.97,NORMAL,1.0,,2026-01,,,False,,,2026-01-11 15:45:00+00:00,False,False,1.0,3112.2799999999997,True,2026-01-11 14:00:00+00:00|LONG|TBX7B|3124.35|12.07,3.0,False,1.3330571665285575,limit_retest,0.43496271748135873,-1.3438276719138194,1.8765534382767266,-2.7879038939519543,True,False,True,0.0,0.34382767191381935,0.9179965239373871,4.520714285714283,1.8765534382767266,,True,True,False,False,2.5,stop_hunt,0.4321185415586152,0.6756383432490256,0.6360653867547656,1.0796369927068623
ETHUSDT,1H,LONG,TBX7A,3121.13,3133.209096365947,9.0,12.08,4.03,2026-01-13 04:00:00+00:00,2026-01-13 15:00,4.03,4.03,NORMAL,1.0,,2026-01,,,False,,,2026-01-13 15:00:00+00:00,False,False,1.0,3112.13,True,2026-01-13 04:00:00+00:00|LONG|TBX7A|3121.13|9.0,1.0,False,0.6833333333333435,limit_retest,4.811111111111081,-1.1577777777777858,7.438888888888869,-1.1577777777777858,True,False,True,2.0,0.1577777777777858,0.17327638804149817,8.194999999999968,8.362222222222195,8.362222222222195,True,True,True,True,11.5,winner_survived_stop_touch,0.4321185415586152,0.6756383432490256,0.6360653867547656,1.0796369927068623
ETHUSDT,15M,LONG,TBX7A,3388.0628803699583,3340.1579531392053,65.93,-17.29,-0.26,2026-01-14 19:15:00+00:00,2026-01-15 00:15,-0.26,-0.26,GREEN,1.25,День Retail Sales,2026-01,,,False,,,2026-01-15 00:15:00+00:00,False,False,1.0,3322.1328803699585,True,2026-01-14 19:15:00+00:00|LONG|TBX7A|3388.0629|65.93,0.0,True,0.5899117301677266,market_like,0.2136678239047747,-0.7949777092364355,0.2136678239047747,-1.7094324339444587,False,False,False,,0.0,0.0,26.54857142857145,,,False,False,False,False,,not_applicable,0.1971460202159876,0.5223454612889963,0.40722260590701836,1.0827463162798883
ETHUSDT,15M,SHORT,TBX0 (a) or TBX1,3341.8264985929063,3309.3237873973153,36.35,32.5,0.89,2026-01-15 14:30:00+00:00,2026-01-15 22:15,0.89,0.89,NORMAL,1.0,,2026-01,,,False,,,2026-01-15 22:15:00+00:00,False,False,-1.0,3378.1764985929062,True,2026-01-15 14:30:00+00:00|SHORT|TBX0 (a) or TBX1|3341.8265|36.35,0.0,True,0.648239378461996,limit_retest,2.086010965416955,-0.8391609740603468,2.086010965416955,-0.8391609740603468,False,False,False,,0.0,0.0,14.618571428571386,,,False,False,False,False,,clean_winner,0.1971460202159876,0.5223454612889963,0.40722260590701836,1.0827463162798883
ETHUSDT,1H,LONG,TBX0,3317.0,3306.522230077261,23.1,-9.79,-0.42,2026-01-15 23:00:00+00:00,2026-01-16 01:00,-0.42,-0.42,NORMAL,1.0,,2026-01,,,False,,,2026-01-16 01:00:00+00:00,False,False,1.0,3293.9,True,2026-01-15 23:00:00+00:00|LONG|TBX0|3317.0|23.1,3.0,False,0.40259740259741045,limit_retest,0.3610389610389673,-0.7294372294372254,0.3610389610389673,-1.8593073593073512,False,False,False,,0.0,0.0,11.4171428571429,,,False,False,False,False,,not_applicable,0.4321185415586152,0.6756383432490256,0.6360653867547656,1.0796369927068623
ETHUSDT,15M,SHORT,TBX0,3303.0076646439666,3313.01,10.0,-9.29,-0.93,2026-01-18 08:00:00+00:00,2026-01-18 08:30,-0.93,-0.93,NORMAL,1.0,,2026-01,,,False,,,2026-01-18 08:30:00+00:00,False,False,-1.0,3313.0076646439666,True,2026-01-18 08:00:00+00:00|SHORT|TBX0|3303.0077|10.0,0.0,True,0.2662335356033509,market_like,0.14476646439666183,-1.1082335356033581,0.14476646439666183,-6.497233535603345,True,False,True,2.0,0.10823353560335813,0.2642143850823024,4.096428571428597,-0.8042335356033619,,False,False,False,False,0.25,ambiguous_stop,0.1971460202159876,0.5223454612889963,0.40722260590701836,1.0827463162798883
ETHUSDT,1H,LONG,TBX7A,3324.47,3318.3112852422128,9.0,-5.71,-0.63,2026-01-18 13:00:00+00:00,2026-01-18 15:00,-0.63,-0.63,NORMAL,1.0,,2026-01,,,False,,,2026-01-18 15:00:00+00:00,False,False,1.0,3315.47,True,2026-01-18 13:00:00+00:00|LONG|TBX7A|3324.47|9.0,2.0,False,0.4177777777777515,limit_retest,2.470000000000002,-1.3066666666666404,4.834444444444468,-16.607777777777756,True,False,True,0.0,0.30666666666664044,0.6289062499999503,4.3885714285714,4.834444444444468,,True,True,True,False,5.5,stop_hunt,0.4321185415586152,0.6756383432490256,0.6360653867547656,1.0796369927068623
ETHUSDT,1H,SHORT,TBX0,3339.77,3220.2536144625137,16.9,119.52,7.07,2026-01-18 20:00:00+00:00,2026-01-19 08:15,7.07,5.7,NORMAL,1.0,,2026-01,,,False,,True,2026-01-19 08:15:00+00:00,False,False,-1.0,3356.67,True,2026-01-18 20:00:00+00:00|SHORT|TBX0|3339.77|16.9,2.0,False,0.3307692307692394,limit_retest,9.749704142011835,-0.9686390532544314,9.749704142011835,-0.9686390532544314,False,False,False,,0.0,0.0,9.479285714285718,,,False,False,False,False,,clean_winner,0.4321185415586152,0.6756383432490256,0.6360653867547656,1.0796369927068623
ETHUSDT,15M,SHORT,TBX0,3213.0182491665655,2965.9,11.76,393.0,33.42,2026-01-19 18:00:00+00:00,2026-01-21 01:00,33.42,33.42,NORMAL,1.0,,2026-01,,,False,,,2026-01-21 01:00:00+00:00,False,False,-1.0,3224.7782491665657,True,2026-01-19 18:00:00+00:00|SHORT|TBX0|3213.0182|11.76,0.0,True,0.4491284722308394,limit_retest,25.766857922327,-0.9338223497818443,5.358694657020877,-0.9338223497818443,False,False,False,,0.0,0.0,7.214999999999951,,,False,False,False,False,,clean_winner,0.1971460202159876,0.5223454612889963,0.40722260590701836,1.0827463162798883
ETHUSDT,15M,LONG,TBX4,2957.5,2949.1095514875974,29.33,-7.51,-0.26,2026-01-23 01:15:00+00:00,2026-01-23 06:15,-0.26,-0.26,NORMAL,1.0,,2026-01,,,False,,,2026-01-23 06:15:00+00:00,False,False,1.0,2928.17,True,2026-01-23 01:15:00+00:00|LONG|TBX4|2957.5|29.33,0.0,True,0.1882032049096482,market_like,0.8905557449710158,-0.7088305489260132,0.8905557449710158,-1.5005114217524793,False,False,False,,0.0,0.0,7.934999999999945,,,False,False,False,False,,not_applicable,0.1971460202159876,0.5223454612889963,0.40722260590701836,1.0827463162798883
ETHUSDT,15M,LONG,TBX0,3007.979900629106,2997.795594221524,11.88,-19.65,-1.65,2026-01-28 06:00:00+00:00,2026-01-28 08:00,-1.65,-1.65,NORMAL,1.0,,2026-01,,,False,,,2026-01-28 08:00:00+00:00,False,False,1.0,2996.099900629106,True,2026-01-28 06:00:00+00:00|LONG|TBX0|3007.9799|11.88,0.0,True,0.41581655127154693,market_like,0.8510184655634851,-0.951170086625093,3.116169980714988,-2.2121128475678553,False,False,False,,0.0,0.0,7.485714285714233,,,False,False,False,False,,ambiguous_stop,0.1971460202159876,0.5223454612889963,0.40722260590701836,1.0827463162798883
ETHUSDT,15M,LONG,TBX0,3006.590826522927,3011.8622907965096,17.09,2.94,0.17,2026-01-28 09:30:00+00:00,2026-01-28 14:45,0.17,0.17,NORMAL,1.0,,2026-01,,,False,,,2026-01-28 14:45:00+00:00,False,False,1.0,2989.5008265229267,True,2026-01-28 09:30:00+00:00|LONG|TBX0|3006.5908|17.09,0.0,True,0.7712595975966626,market_like,2.247464802637401,-0.7794515226990542,2.247464802637401,-1.456455618661615,False,False,False,,0.0,0.0,8.725000000000039,,,False,False,False,False,,clean_winner,0.1971460202159876,0.5223454612889963,0.40722260590701836,1.0827463162798883
ETHUSDT,15M,SHORT,TBX0,3002.19,2759.47,22.62,291.26,12.88,2026-01-29 00:00:00+00:00,2026-01-30 11:45,12.88,12.88,GREEN,1.2,FOMC после решения 18+ UTC,2026-01,,,False,True,,2026-01-30 11:45:00+00:00,False,False,-1.0,3024.81,True,2026-01-29 00:00:00+00:00|SHORT|TBX0|3002.19|22.62,0.0,True,0.3169761273209581,market_like,14.538461538461544,-0.43545534924844864,3.53580901856764,-0.43545534924844864,False,False,False,,0.0,0.0,10.102857142857115,,,False,False,False,False,,clean_winner,0.1971460202159876,0.5223454612889963,0.40722260590701836,1.0827463162798883
ETHUSDT,15M,SHORT,TBX0,2714.7203122425117,2736.1294391348843,44.98,-12.04,-0.27,2026-01-30 15:15:00+00:00,2026-01-30 18:45,-0.27,-0.27,YELLOW,0.6,PPI день 09-16 UTC,2026-01,,,False,,,2026-01-30 18:45:00+00:00,False,False,-1.0,2759.7003122425117,True,2026-01-30 15:15:00+00:00|SHORT|TBX0|2714.7203|44.98,0.0,True,0.4815404125719971,limit_retest,1.7805760836485456,-0.775448816306986,1.7805760836485456,-1.006662689139358,False,False,False,,0.0,0.0,20.215714285714252,,,False,False,False,False,,not_applicable,0.1971460202159876,0.5223454612889963,0.40722260590701836,1.0827463162798883
ETHUSDT,15M,SHORT,TBX0,2676.8859992252164,2432.4849411560235,71.77,127.01,1.77,2026-01-30 20:15:00+00:00,2026-01-31 23:15,1.77,1.77,NORMAL,1.0,,2026-01,,,False,,,2026-01-31 23:15:00+00:00,False,False,-1.0,2748.6559992252164,True,2026-01-30 20:15:00+00:00|SHORT|TBX0|2676.886|71.77,0.0,True,0.5784311101404996,limit_retest,6.6112024414827415,-0.670252205305606,0.20086385990269803,-0.670252205305606,False,False,False,,0.0,0.0,32.13714285714283,,,False,False,False,False,,clean_winner,0.1971460202159876,0.5223454612889963,0.40722260590701836,1.0827463162798883
ETHUSDT,15M,LONG,TBX0,2437.4022463438014,2407.709595605658,31.73,-19.73,-0.62,2026-02-01 10:00:00+00:00,2026-02-01 10:30,-0.62,-0.62,NORMAL,1.0,,2026-02,,,False,,,2026-02-01 10:30:00+00:00,False,False,1.0,2405.6722463438014,True,2026-02-01 10:00:00+00:00|LONG|TBX0|2437.4022|31.73,0.0,True,0.20177265502052885,market_like,0.017262957964022628,-1.694051255713876,0.017262957964022628,-5.086739563309215,True,True,False,2.0,0.694051255713876,1.2622265160616535,17.447142857142776,-0.4330994750646557,,True,False,False,False,1.0,hopeless,0.1971460202159876,0.5223454612889963,0.40722260590701836,1.0827463162798883
ETHUSDT,1H,LONG,TBX0,1930.79,1866.79,64.0,-62.08,-0.97,2026-02-06 01:00:00+00:00,2026-02-06 08:30,-0.97,-0.97,NORMAL,1.0,,2026-02,,,False,,,2026-02-06 08:30:00+00:00,False,False,1.0,1866.79,True,2026-02-06 01:00:00+00:00|LONG|TBX0|1930.79|64.0,3.0,False,0.9609375,limit_retest,0.6881249999999994,-1.0170312499999987,0.6881249999999994,-1.0242187499999993,True,False,True,30.0,0.01703124999999872,0.022656076015141927,48.110714285714316,2.567343749999999,,True,True,True,False,12.0,stop_hunt,0.4321185415586152,0.6756383432490256,0.6360653867547656,1.0796369927068623
ETHUSDT,15M,LONG,TBX0,1931.68445812014,2056.0480609745237,63.44,112.52,1.77,2026-02-06 10:15:00+00:00,2026-02-07 06:45,1.77,1.77,NORMAL,1.0,,2026-02,,,False,,,2026-02-07 06:45:00+00:00,False,False,1.0,1868.24445812014,True,2026-02-06 10:15:00+00:00|LONG|TBX0|1931.6845|63.44,0.0,True,0.2778130220703052,market_like,2.9505917698590762,-0.28380293379792,2.575907028371056,-0.28380293379792,False,False,False,,0.0,0.0,20.82642857142855,,,False,False,False,False,,clean_winner,0.1971460202159876,0.5223454612889963,0.40722260590701836,1.0827463162798883
ETHUSDT,1H,LONG,TBX0,2090.26,2094.023750493382,56.75,3.76,0.07,2026-02-09 16:00:00+00:00,2026-02-09 21:30,0.07,0.07,NORMAL,1.0,,2026-02,,,False,,,2026-02-09 21:30:00+00:00,False,False,1.0,2033.5100000000002,True,2026-02-09 16:00:00+00:00|LONG|TBX0|2090.26|56.75,3.0,False,0.5282819383259915,limit_retest,1.017444933920701,-0.7726872246696059,1.017444933920701,-0.7726872246696059,False,False,False,,0.0,0.0,20.126428571428555,,,False,False,False,False,,clean_winner,0.4321185415586152,0.6756383432490256,0.6360653867547656,1.0796369927068623
ETHUSDT,15M,LONG,TBX0,2115.78,2098.26,28.36,-21.9,-1.25,2026-02-10 01:15:00+00:00,2026-02-10 03:00,-1.25,-1.25,GREEN,1.25,День Retail Sales,2026-02,,,False,,,2026-02-10 03:00:00+00:00,False,False,1.0,2087.42,True,2026-02-10 01:15:00+00:00|LONG|TBX0|2115.78|28.36,0.0,True,0.2027503526093089,market_like,0.27926657263750415,-0.7327221438646051,0.27926657263750415,-4.325811001410448,False,False,False,,0.0,0.0,10.2771428571428,,,False,False,False,False,,ambiguous_stop,0.1971460202159876,0.5223454612889963,0.40722260590701836,1.0827463162798883
ETHUSDT,1H,LONG,TBX0,1959.43,1942.314988871858,27.69,-15.74,-0.57,2026-02-11 13:00:00+00:00,2026-02-11 14:45,-0.57,-0.57,NORMAL,1.0,,2026-02,,,False,,,2026-02-11 14:45:00+00:00,False,False,1.0,1931.74,True,2026-02-11 13:00:00+00:00|LONG|TBX0|1959.43|27.69,2.0,False,0.2968580715059598,limit_retest,2.0223907547851208,-0.8400144456482481,2.0223907547851208,-2.102202961357892,False,False,False,,0.0,0.0,9.61000000000003,,,False,False,False,False,,not_applicable,0.4321185415586152,0.6756383432490256,0.6360653867547656,1.0796369927068623
ETHUSDT,1H,LONG,TBX0,1965.99,1966.5770640999262,13.16,0.59,0.04,2026-02-19 01:00:00+00:00,2026-02-19 08:30,0.04,0.04,NORMAL,1.0,,2026-02,,,False,,,2026-02-19 08:30:00+00:00,False,False,1.0,1952.83,True,2026-02-19 01:00:00+00:00|LONG|TBX0|1965.99|13.16,0.0,True,0.8100303951367843,market_like,1.5896656534954463,-0.8290273556231065,1.5896656534954463,-1.6762917933130657,False,False,False,,0.0,0.0,7.445714285714287,,,False,False,False,False,,clean_winner,0.4321185415586152,0.6756383432490256,0.6360653867547656,1.0796369927068623
ETHUSDT,1H,LONG,TBX0,1966.82,1956.32,10.5,-10.18,-0.97,2026-02-20 09:00:00+00:00,2026-02-20 10:45,-0.97,-0.97,NORMAL,1.0,,2026-02,,,False,,,2026-02-20 10:45:00+00:00,False,False,1.0,1956.32,True,2026-02-20 09:00:00+00:00|LONG|TBX0|1966.82|10.5,0.0,True,0.7619047619047619,market_like,0.5876190476190546,-1.1247619047618995,1.3247619047619126,-4.31333333333333,True,False,True,7.0,0.12476190476189952,0.19266729698496923,6.799285714285718,1.3247619047619126,,True,True,False,False,7.75,stop_hunt,0.4321185415586152,0.6756383432490256,0.6360653867547656,1.0796369927068623
ETHUSDT,15M,LONG,TBX0,1955.231091899595,1938.027283769357,27.02,-16.39,-0.61,2026-02-20 15:00:00+00:00,2026-02-20 17:15,-0.61,-0.61,NORMAL,1.0,,2026-02,,,False,,,2026-02-20 17:15:00+00:00,False,False,1.0,1928.211091899595,True,2026-02-20 15:00:00+00:00|LONG|TBX0|1955.2311|27.02,0.0,True,0.4663616543151313,market_like,0.9266805366545161,-0.7650293079050708,0.9437049630053687,-0.7650293079050708,False,False,False,,0.0,0.0,11.891428571428557,,,False,False,False,False,,not_applicable,0.1971460202159876,0.5223454612889963,0.40722260590701836,1.0827463162798883
ETHUSDT,15M,LONG,TBX0,1971.38,1956.75,35.48,-14.63,-0.41,2026-02-20 18:30:00+00:00,2026-02-21 03:30,-0.41,-0.41,NORMAL,1.0,,2026-02,,,False,True,,2026-02-21 03:30:00+00:00,False,False,1.0,1935.9,True,2026-02-20 18:30:00+00:00|LONG|TBX0|1971.38|35.48,0.0,True,0.10259301014656427,market_like,0.2635287485907528,-0.45969560315671293,0.2635287485907528,-0.45969560315671293,False,False,False,,0.0,0.0,15.697857142857158,,,False,False,False,False,,not_applicable,0.1971460202159876,0.5223454612889963,0.40722260590701836,1.0827463162798883
ETHUSDT,15M,SHORT,TBX0,1973.7876864702257,1952.1339335890098,6.67,29.92,4.49,2026-02-22 12:00:00+00:00,2026-02-22 22:15,4.49,2.27,NORMAL,1.0,,2026-02,,,False,,True,2026-02-22 22:15:00+00:00,False,False,-1.0,1980.4576864702258,True,2026-02-22 12:00:00+00:00|SHORT|TBX0|1973.7877|6.67,0.0,True,0.9088925831745429,limit_retest,6.115095422822445,-1.0213363612854873,6.115095422822445,-1.0213363612854873,True,False,True,0.0,0.021336361285487326,0.04154273179397028,3.425714285714272,6.115095422822445,6.115095422822445,True,True,True,True,5.5,winner_survived_stop_touch,0.1971460202159876,0.5223454612889963,0.40722260590701836,1.0827463162798883
ETHUSDT,15M,SHORT,TBX0,1944.7653623585554,1877.9,14.53,63.97,4.4,2026-02-23 00:30:00+00:00,2026-02-23 06:45,4.4,2.35,NORMAL,1.0,,2026-02,,,False,,True,2026-02-23 06:45:00+00:00,False,False,-1.0,1959.2953623585554,True,2026-02-23 00:30:00+00:00|SHORT|TBX0|1944.7654|14.53,0.0,True,0.18201222583927465,market_like,6.90332844862735,-0.19027100078764977,6.90332844862735,-0.19027100078764977,False,False,False,,0.0,0.0,7.034999999999984,,,False,False,False,False,,clean_winner,0.1971460202159876,0.5223454612889963,0.40722260590701836,1.0827463162798883
ETHUSDT,15M,SHORT,TBX7B,1847.3664545394302,1832.6513890182,19.64,4.02,0.2,2026-02-24 01:00:00+00:00,2026-02-24 08:30,0.2,0.2,NORMAL,1.0,,2026-02,,,False,,,2026-02-24 08:30:00+00:00,False,False,-1.0,1867.0064545394303,True,2026-02-24 01:00:00+00:00|SHORT|TBX7B|1847.3665|19.64,0.0,True,0.9996713574628232,limit_retest,1.8791473798080507,-1.0093454918823779,1.8791473798080507,-1.0093454918823779,True,False,True,0.0,0.009345491882377877,0.022770371714475875,8.060714285714344,1.8791473798080507,1.8791473798080507,True,True,False,False,0.25,winner_survived_stop_touch,0.1971460202159876,0.5223454612889963,0.40722260590701836,1.0827463162798883
ETHUSDT,1H,LONG,TBX0,1846.37,1847.0,25.76,0.53,0.02,2026-02-24 15:00:00+00:00,2026-02-25 00:00,0.02,0.02,NORMAL,1.0,,2026-02,,,False,,,2026-02-25 00:00:00+00:00,False,False,1.0,1820.61,True,2026-02-24 15:00:00+00:00|LONG|TBX0|1846.37|25.76,1.0,False,0.4926242236024777,limit_retest,0.7069099378882001,-0.7554347826086882,3.855978260869571,-0.7554347826086882,False,False,False,,0.0,0.0,11.72357142857142,,,False,False,False,False,,clean_winner,0.4321185415586152,0.6756383432490256,0.6360653867547656,1.0796369927068623
ETHUSDT,15M,LONG,TBX0,1860.557375355586,1892.46,13.41,47.87,3.57,2026-02-25 01:00:00+00:00,2026-02-25 05:15,3.57,0.57,NORMAL,1.0,,2026-02,,,False,,True,2026-02-25 05:15:00+00:00,False,False,1.0,1847.1473753555858,True,2026-02-25 01:00:00+00:00|LONG|TBX0|1860.5574|13.41,0.0,True,0.7164336581346661,market_like,6.3491890115148495,-0.8238162084702406,7.164998109203146,-0.8238162084702406,False,False,False,,0.0,0.0,10.607857142857142,,,False,False,False,False,,clean_winner,0.1971460202159876,0.5223454612889963,0.40722260590701836,1.0827463162798883
ETHUSDT,15M,LONG,TBX0,1910.250253473125,2068.63,22.14,157.83,7.13,2026-02-25 08:45:00+00:00,2026-02-25 23:15,7.13,7.13,NORMAL,1.0,,2026-02,,,False,,,2026-02-25 23:15:00+00:00,False,False,1.0,1888.1102534731249,True,2026-02-25 08:45:00+00:00|LONG|TBX0|1910.2503|22.14,0.0,True,0.2421072029415034,market_like,10.826546816932016,-0.3319897684338254,7.889780782605007,-0.3319897684338254,False,False,False,,0.0,0.0,8.050714285714273,,,False,False,False,False,,clean_winner,0.1971460202159876,0.5223454612889963,0.40722260590701836,1.0827463162798883
ETHUSDT,15M,LONG,TBX0,2062.2317340862187,2047.6736013627378,16.19,-20.89,-1.29,2026-02-26 09:00:00+00:00,2026-02-26 14:45,-1.29,-1.29,NORMAL,1.0,,2026-02,,,False,,,2026-02-26 14:45:00+00:00,False,False,1.0,2046.0417340862186,True,2026-02-26 09:00:00+00:00|LONG|TBX0|2062.2317|16.19,0.0,True,0.5498291591240745,market_like,1.2611652818889065,-1.835190493280958,1.2611652818889065,-5.481268319099362,True,False,True,23.0,0.835190493280958,1.3531399371484114,9.992857142857101,-0.603566033738027,,False,False,False,False,0.25,hopeless,0.1971460202159876,0.5223454612889963,0.40722260590701836,1.0827463162798883
ETHUSDT,1H,SHORT,TBX0 (a),2041.8,1935.0707238805721,24.41,148.27,7.41,2026-02-27 04:00:00+00:00,2026-02-28 00:00,7.41,7.41,GREEN,1.2,PPI утро до 09:00 UTC,2026-02,,,False,,,2026-02-28 00:00:00+00:00,False,False,-1.0,2066.21,True,2026-02-27 04:00:00+00:00|SHORT|TBX0 (a)|2041.8|24.41,3.0,False,0.10979106923392314,limit_retest,6.423596886521915,-0.897582957804182,4.334289225727159,-0.897582957804182,False,False,False,,0.0,0.0,11.255000000000027,,,False,False,False,False,,clean_winner,0.4321185415586152,0.6756383432490256,0.6360653867547656,1.0796369927068623
ETHUSDT,15M,SHORT,TBX0,1931.8025121022574,1941.2035845659232,21.51,-11.96,-0.56,2026-03-02 12:30:00+00:00,2026-03-02 14:30,-0.56,-0.56,NORMAL,1.0,,2026-03,,,False,,,2026-03-02 14:30:00+00:00,False,False,-1.0,1953.3125121022574,True,2026-03-02 12:30:00+00:00|SHORT|TBX0|1931.8025|21.51,0.0,True,0.25511333787738444,market_like,0.5593915435731028,-1.601928772558929,0.5593915435731028,-7.308111943177246,True,True,False,8.0,0.6019287725589291,1.2932707660416412,10.011428571428544,-1.1607386284399144,,False,False,False,False,0.25,hopeless,0.1971460202159876,0.5223454612889963,0.40722260590701836,1.0827463162798883
ETHUSDT,1H,SHORT,TBX0,2007.69,2016.3856,8.7,-8.44,-0.97,2026-03-03 03:00:00+00:00,2026-03-03 05:15,-0.97,-0.97,NORMAL,1.0,,2026-03,,,False,,,2026-03-03 05:15:00+00:00,False,False,-1.0,2016.39,True,2026-03-03 03:00:00+00:00|SHORT|TBX0|2007.69|8.7,0.0,True,0.5735632183908057,limit_retest,1.8149425287356282,-1.329885057471257,9.352873563218406,-1.329885057471257,True,False,True,9.0,0.32988505747125707,0.2401243052650389,11.952142857142901,9.352873563218406,9.352873563218406,True,True,True,True,9.5,stop_hunt,0.4321185415586152,0.6756383432490256,0.6360653867547656,1.0796369927068623
ETHUSDT,15M,SHORT,TBX0,1951.7092761884824,1968.09,27.37,-13.83,-0.51,2026-03-03 13:00:00+00:00,2026-03-03 15:45,-0.51,-0.51,NORMAL,1.0,,2026-03,,,False,,,2026-03-03 15:45:00+00:00,False,False,-1.0,1979.0792761884823,True,2026-03-03 13:00:00+00:00|SHORT|TBX0|1951.7093|27.37,0.0,True,0.534553299653546,limit_retest,0.927631574296033,-0.9061280164968077,0.927631574296033,-2.251396558696294,False,False,False,,0.0,0.0,11.200714285714314,,,False,False,False,False,,not_applicable,0.1971460202159876,0.5223454612889963,0.40722260590701836,1.0827463162798883
ETHUSDT,15M,SHORT,TBX0,1951.289132736044,1980.3003906365495,42.31,-13.64,-0.32,2026-03-04 03:30:00+00:00,2026-03-04 06:30,-0.32,-0.32,NORMAL,1.0,,2026-03,,,False,,,2026-03-04 06:30:00+00:00,False,False,-1.0,1993.5991327360439,True,2026-03-04 03:30:00+00:00|SHORT|TBX0|1951.2891|42.31,0.0,True,0.2845867942320016,market_like,0.186460239566151,-0.8095217977772636,0.186460239566151,-4.531100620750556,False,False,False,,0.0,0.0,13.229285714285668,,,False,False,False,False,,not_applicable,0.1971460202159876,0.5223454612889963,0.40722260590701836,1.0827463162798883
ETHUSDT,1H,LONG,TBX0 (a),2074.45,2051.9,22.55,-21.87,-0.97,2026-03-04 09:00:00+00:00,2026-03-04 11:30,-0.97,-0.97,NORMAL,1.0,,2026-03,,,False,,,2026-03-04 11:30:00+00:00,False,False,1.0,2051.8999999999996,True,2026-03-04 09:00:00+00:00|LONG|TBX0 (a)|2074.45|22.55,0.0,True,0.49578713968957144,market_like,0.8226164079822696,-1.2753880266075284,5.544124168514411,-1.7405764966740476,True,False,True,10.0,0.27538802660752837,0.4120965066122989,15.069285714285716,5.544124168514411,,True,True,True,True,7.75,stop_hunt,0.4321185415586152,0.6756383432490256,0.6360653867547656,1.0796369927068623
ETHUSDT,15M,LONG,TBX0 (a),2133.15,2113.21,37.59,-24.14,-0.64,2026-03-05 04:15:00+00:00,2026-03-05 06:00,-0.64,-0.64,NORMAL,1.0,,2026-03,,,False,,,2026-03-05 06:00:00+00:00,False,False,1.0,2095.56,True,2026-03-05 04:15:00+00:00|LONG|TBX0 (a)|2133.15|37.59,0.0,True,0.21707901037510796,market_like,0.29848363926575683,-0.6517690875232774,0.7940941739824396,-2.064378824155358,False,False,False,,0.0,0.0,13.047142857142815,,,False,False,False,False,,not_applicable,0.1971460202159876,0.5223454612889963,0.40722260590701836,1.0827463162798883
ETHUSDT,1H,SHORT,TBX0,2104.3,2137.6478,33.35,-30.68,-0.92,2026-03-05 07:00:00+00:00,2026-03-05 09:30,-0.92,-0.92,NORMAL,1.0,,2026-03,,,False,,,2026-03-05 09:30:00+00:00,False,False,-1.0,2137.65,True,2026-03-05 07:00:00+00:00|SHORT|TBX0|2104.3|33.35,3.0,False,0.6839580209895035,limit_retest,0.3559220389805201,-0.9999999999999972,1.5292353823088456,-1.7601199400299794,True,False,True,10.0,0.0,0.0,12.188571428571354,1.5292353823088456,-0.44767616191903553,True,True,False,False,8.25,stop_hunt,0.4321185415586152,0.6756383432490256,0.6360653867547656,1.0796369927068623
ETHUSDT,15M,SHORT,TBX0,2108.978537180154,2096.444548648894,46.44,-7.72,-0.17,2026-03-05 13:30:00+00:00,2026-03-05 20:45,-0.17,-0.17,NORMAL,1.0,,2026-03,,,False,,,2026-03-05 20:45:00+00:00,False,False,-1.0,2155.418537180154,True,2026-03-05 13:30:00+00:00|SHORT|TBX0|2108.9785|46.44,0.0,True,0.2797472614092542,market_like,1.1989349091333732,-0.4830203018915982,1.1989349091333732,-0.4830203018915982,False,False,False,,0.0,0.0,14.017857142857142,,,False,False,False,False,,not_applicable,0.1971460202159876,0.5223454612889963,0.40722260590701836,1.0827463162798883
ETHUSDT,15M,SHORT,TBX0,2063.7756392297792,2078.8684801667946,27.58,-6.28,-0.23,2026-03-06 04:30:00+00:00,2026-03-06 06:45,-0.23,-0.23,GREEN,1.25,День Retail Sales,2026-03,,,False,,,2026-03-06 06:45:00+00:00,False,False,-1.0,2091.355639229779,True,2026-03-06 04:30:00+00:00|SHORT|TBX0|2063.7756|27.58,0.0,True,0.3921088024010479,limit_retest,0.2094140402385513,-0.5755750823140263,3.620581552928904,-0.8264815362661683,False,False,False,,0.0,0.0,11.35785714285719,,,False,False,False,False,,not_applicable,0.1971460202159876,0.5223454612889963,0.40722260590701836,1.0827463162798883
ETHUSDT,15M,SHORT,TBX0,2065.8724776927947,1991.7944549899166,17.05,77.89,4.57,2026-03-06 09:00:00+00:00,2026-03-06 19:15,4.57,4.57,GREEN,1.25,День Retail Sales,2026-03,,,False,,,2026-03-06 19:15:00+00:00,False,False,-1.0,2082.922477692795,True,2026-03-06 09:00:00+00:00|SHORT|TBX0|2065.8725|17.05,0.0,True,0.5300599593668686,limit_retest,6.546772885207902,-0.6180364989563113,6.546772885207902,-0.6180364989563113,False,False,False,,0.0,0.0,8.86571428571431,,,False,False,False,False,,clean_winner,0.1971460202159876,0.5223454612889963,0.40722260590701836,1.0827463162798883
ETHUSDT,15M,LONG,TBX0 (a) or TBX1,2296.2364792723356,2269.82,26.42,-9.52,-0.36,2026-03-16 15:30:00+00:00,2026-03-16 15:45,-0.36,-0.36,NORMAL,1.0,,2026-03,,,False,,,2026-03-16 15:45:00+00:00,False,False,1.0,2269.8164792723355,True,2026-03-16 15:30:00+00:00|LONG|TBX0 (a) or TBX1|2296.2365|26.42,0.0,True,0.22015440092110247,market_like,0.08567451656564722,-1.0452868763185355,3.389232427239387,-1.0452868763185355,True,False,True,1.0,0.04528687631853545,0.05797698259968128,20.63714285714283,3.389232427239387,,True,True,True,False,6.25,stop_hunt,0.1971460202159876,0.5223454612889963,0.40722260590701836,1.0827463162798883
ETHUSDT,15M,SHORT,TBX0 (a) or TBX1,2316.45,2328.81,28.9,-9.89,-0.34,2026-03-17 23:45:00+00:00,2026-03-18 01:15,-0.34,-0.34,YELLOW,0.8,День перед FOMC,2026-03,,,False,,,2026-03-18 01:15:00+00:00,False,False,-1.0,2345.35,True,2026-03-17 23:45:00+00:00|SHORT|TBX0 (a) or TBX1|2316.45|28.9,0.0,True,0.04775086505190689,market_like,0.37543252595155396,-0.46851211072664234,1.8837370242214395,-1.160553633217992,False,False,False,,0.0,0.0,7.9514285714286155,,,False,False,False,False,,not_applicable,0.1971460202159876,0.5223454612889963,0.40722260590701836,1.0827463162798883
ETHUSDT,15M,SHORT,TBX0 (a) or TBX1,2326.33,2331.718964805702,20.57,-4.96,-0.24,2026-03-18 04:45:00+00:00,2026-03-18 09:30,-0.24,-0.24,GREEN,1.2,PPI утро до 09:00 UTC,2026-03,,,False,,,2026-03-18 09:30:00+00:00,False,False,-1.0,2346.9,True,2026-03-18 04:45:00+00:00|SHORT|TBX0 (a) or TBX1|2326.33|20.57,0.0,True,0.11813320369471517,market_like,0.790471560525025,-0.3232863393291245,7.938745746232364,-0.3232863393291245,False,False,False,,0.0,0.0,7.745714285714224,,,False,False,False,False,,not_applicable,0.1971460202159876,0.5223454612889963,0.40722260590701836,1.0827463162798883
ETHUSDT,15M,SHORT,TBX0 (a) or TBX1,2316.947070319625,2208.591826073297,15.38,47.59,3.09,2026-03-18 10:30:00+00:00,2026-03-18 17:30,3.09,10.06,YELLOW,0.6,PPI день 09-16 UTC,2026-03,,,False,,True,2026-03-18 17:30:00+00:00,False,False,-1.0,2332.327070319625,True,2026-03-18 10:30:00+00:00|SHORT|TBX0 (a) or TBX1|2316.9471|15.38,0.0,True,0.8239876255120345,limit_retest,10.007611854331898,-0.9059122028852606,10.809302361484068,-0.9059122028852606,False,False,False,,0.0,0.0,6.861428571428503,,,False,False,False,False,,clean_winner,0.1971460202159876,0.5223454612889963,0.40722260590701836,1.0827463162798883
ETHUSDT,15M,LONG,TBX0,2150.535431949732,2136.1891276898887,16.65,-11.79,-0.71,2026-03-20 01:00:00+00:00,2026-03-20 02:15,-0.71,-0.71,NORMAL,1.0,,2026-03,,,False,,,2026-03-20 02:15:00+00:00,False,False,1.0,2133.885431949732,True,2026-03-20 01:00:00+00:00|LONG|TBX0|2150.5354|16.65,0.0,True,0.3618878047886897,market_like,0.5486227057218122,-0.9066325495334443,1.5077818648809593,-1.8315574744583747,False,False,False,,0.0,0.0,9.310000000000043,,,False,False,False,False,,not_applicable,0.1971460202159876,0.5223454612889963,0.40722260590701836,1.0827463162798883
ETHUSDT,15M,LONG,TBX0,2149.2833920387566,2141.23,23.21,-5.58,-0.24,2026-03-20 07:30:00+00:00,2026-03-20 09:15,-0.24,-0.24,NORMAL,1.0,,2026-03,,,False,,,2026-03-20 09:15:00+00:00,False,False,1.0,2126.0733920387565,True,2026-03-20 07:30:00+00:00|LONG|TBX0|2149.2834|23.21,0.0,True,0.5150104282101097,market_like,1.1355712176321973,-0.5985950899938259,1.1355712176321973,-1.5115636380334663,False,False,False,,0.0,0.0,9.621428571428591,,,False,False,False,False,,not_applicable,0.1971460202159876,0.5223454612889963,0.40722260590701836,1.0827463162798883
ETHUSDT,15M,SHORT,TBX7B,2104.0261724656757,2088.164534045149,10.1,22.98,2.28,2026-03-22 07:30:00+00:00,2026-03-22 13:00,2.28,0.08,NORMAL,1.0,,2026-03,,,False,,True,2026-03-22 13:00:00+00:00,False,False,-1.0,2114.1261724656756,True,2026-03-22 07:30:00+00:00|SHORT|TBX7B|2104.0262|10.1,0.0,True,0.5805769835964528,limit_retest,3.8431853926411548,-0.5805769835964528,4.924373511453044,-0.5805769835964528,False,False,False,,0.0,0.0,6.531428571428576,,,False,False,False,False,,clean_winner,0.1971460202159876,0.5223454612889963,0.40722260590701836,1.0827463162798883
ETHUSDT,15M,SHORT,TBX0,2159.7644316631076,2090.181125121229,16.06,69.58,4.33,2026-03-26 01:15:00+00:00,2026-03-26 13:45,4.33,4.33,NORMAL,1.0,,2026-03,,,False,,,2026-03-26 13:45:00+00:00,False,False,-1.0,2175.8244316631076,True,2026-03-26 01:15:00+00:00|SHORT|TBX0|2159.7644|16.06,0.0,True,0.18403289768942444,market_like,6.149715545648048,-0.5184040060331571,6.149715545648048,-0.5184040060331571,False,False,False,,0.0,0.0,7.347142857142801,,,False,False,False,False,,clean_winner,0.1971460202159876,0.5223454612889963,0.40722260590701836,1.0827463162798883
ETHUSDT,15M,SHORT,TBX0,2060.947664462964,2063.85,12.12,-5.11,-0.42,2026-03-27 03:00:00+00:00,2026-03-27 06:30,-0.42,-0.42,NORMAL,1.0,,2026-03,,,False,,,2026-03-27 06:30:00+00:00,False,False,-1.0,2073.067664462964,True,2026-03-27 03:00:00+00:00|SHORT|TBX0|2060.9477|12.12,0.0,True,0.5084435261580976,limit_retest,1.619444262620796,-0.5818758693924105,7.817464064600985,-0.8780804898544687,False,False,False,,0.0,0.0,6.71214285714281,,,False,False,False,False,,not_applicable,0.1971460202159876,0.5223454612889963,0.40722260590701836,1.0827463162798883
ETHUSDT,15M,SHORT,TBX0,2054.63052723081,2002.154740352432,14.67,35.52,2.42,2026-03-27 08:15:00+00:00,2026-03-27 15:30,2.42,0.88,NORMAL,1.0,,2026-03,,,False,,True,2026-03-27 15:30:00+00:00,False,False,-1.0,2069.30052723081,True,2026-03-27 08:15:00+00:00|SHORT|TBX0|2054.6305|14.67,0.0,True,0.5030315452754066,limit_retest,6.027984132979547,-0.5861944627941388,6.027984132979547,-0.5861944627941388,False,False,False,,0.0,0.0,7.340714285714349,,,False,False,False,False,,clean_winner,0.1971460202159876,0.5223454612889963,0.40722260590701836,1.0827463162798883
ETHUSDT,15M,LONG,TBX0 (a),2003.2995164019312,1991.45,11.85,-13.42,-1.13,2026-03-29 11:00:00+00:00,2026-03-29 13:00,-1.13,-1.13,NORMAL,1.0,,2026-03,,,False,,,2026-03-29 13:00:00+00:00,False,False,1.0,1991.4495164019313,True,2026-03-29 11:00:00+00:00|LONG|TBX0 (a)|2003.2995|11.85,0.0,True,0.7105077132431312,market_like,0.33674967072310125,-1.7797060254794244,0.4802095863349194,-5.633714464297996,True,True,False,8.0,0.7797060254794244,1.8801341515557581,4.914285714285727,1.686116759330697,,True,True,False,False,11.25,hopeless,0.1971460202159876,0.5223454612889963,0.40722260590701836,1.0827463162798883
ETHUSDT,1H,SHORT,TBX7A,1986.12,1995.8,9.68,-9.68,-1.0,2026-03-29 13:00:00+00:00,2026-03-29 14:00,-1.0,-1.0,NORMAL,1.0,,2026-03,,,False,,,2026-03-29 14:00:00+00:00,False,False,-1.0,1995.8,True,2026-03-29 13:00:00+00:00|SHORT|TBX7A|1986.12|9.68,0.0,True,1.5000000000000218,limit_retest,0.4039256198346957,-1.5919421487603391,5.121900826446273,-3.83884297520662,True,False,True,0.0,0.5919421487603391,0.9862306368330643,5.809999999999978,5.121900826446273,0.16425619834709898,True,True,True,True,9.75,ambiguous_stop,0.4321185415586152,0.6756383432490256,0.6360653867547656,1.0796369927068623
ETHUSDT,15M,SHORT,TBX7A,1993.4347376975613,2001.6459808061688,11.88,-9.09,-0.76,2026-03-29 22:00:00+00:00,2026-03-30 00:15,-0.76,-0.76,NORMAL,1.0,,2026-03,,,False,,,2026-03-30 00:15:00+00:00,False,False,-1.0,2005.3147376975614,True,2026-03-29 22:00:00+00:00|SHORT|TBX7A|1993.4347|11.88,0.0,True,1.0004429547507243,limit_retest,4.789119334811563,-2.512227466535239,4.789119334811563,-6.865762820070595,True,True,False,0.0,1.512227466535239,3.345931518346967,5.369285714285703,4.789119334811563,4.789119334811563,True,True,True,False,0.75,hopeless,0.1971460202159876,0.5223454612889963,0.40722260590701836,1.0827463162798883
ETHUSDT,1H,LONG,TBX7B,2047.26,2058.111204956608,14.58,10.85,0.74,2026-03-30 04:00:00+00:00,2026-03-30 13:45,0.74,0.74,NORMAL,1.0,,2026-03,,,False,,,2026-03-30 13:45:00+00:00,False,False,1.0,2032.68,True,2026-03-30 04:00:00+00:00|LONG|TBX7B|2047.26|14.58,0.0,True,0.8429355281207108,market_like,2.7249657064471737,-0.8429355281207108,2.7249657064471737,-0.8429355281207108,False,False,False,,0.0,0.0,11.084999999999988,,,False,False,False,False,,clean_winner,0.4321185415586152,0.6756383432490256,0.6360653867547656,1.0796369927068623
ETHUSDT,15M,LONG,TBX7B,2073.135648587084,2046.66,26.48,-25.68,-0.97,2026-03-30 14:45:00+00:00,2026-03-30 17:15,-0.97,-0.97,NORMAL,1.0,,2026-03,,,False,,,2026-03-30 17:15:00+00:00,False,False,1.0,2046.6556485870838,True,2026-03-30 14:45:00+00:00|LONG|TBX7B|2073.1356|26.48,0.0,True,0.922418753288661,market_like,0.21315526483823344,-1.6176604451315644,0.7501643282823346,-2.3034610493611662,True,True,False,0.0,0.6176604451315644,1.370065698672732,11.937857142857135,0.7501643282823346,0.21315526483823344,True,False,False,False,10.75,hopeless,0.1971460202159876,0.5223454612889963,0.40722260590701836,1.0827463162798883
ETHUSDT,1H,SHORT,TBX0,2040.67,2048.1183564677817,36.75,-6.35,-0.17,2026-03-30 17:00:00+00:00,2026-03-30 21:15,-0.17,-0.17,NORMAL,1.0,,2026-03,,,False,,,2026-03-30 21:15:00+00:00,False,False,-1.0,2077.42,True,2026-03-30 17:00:00+00:00|SHORT|TBX0|2040.67|36.75,1.0,False,0.663945578231295,limit_retest,0.7763265306122441,-0.8380952380952307,0.7763265306122441,-1.4239455782312906,False,False,False,,0.0,0.0,12.93928571428577,,,False,False,False,False,,not_applicable,0.4321185415586152,0.6756383432490256,0.6360653867547656,1.0796369927068623
ETHUSDT,15M,SHORT,TBX0,2018.1194769904039,2038.66,26.39,-21.5,-0.81,2026-03-30 23:00:00+00:00,2026-03-31 01:00,-0.81,-0.81,NORMAL,1.0,,2026-03,,,False,,,2026-03-31 01:00:00+00:00,False,False,-1.0,2044.509476990404,True,2026-03-30 23:00:00+00:00|SHORT|TBX0|2018.1195|26.39,0.0,True,0.5343131113905322,limit_retest,0.20952925314149162,-0.8560258813791646,0.2603060625389876,-2.8374582421218686,False,False,False,,0.0,0.0,9.0,,,False,False,False,False,,not_applicable,0.1971460202159876,0.5223454612889963,0.40722260590701836,1.0827463162798883
ETHUSDT,15M,SHORT,TBX0,2050.7207140025434,2042.2614845601288,17.66,8.46,0.48,2026-03-31 07:00:00+00:00,2026-03-31 11:30,0.48,0.48,NORMAL,1.0,,2026-03,,,False,,,2026-03-31 11:30:00+00:00,False,False,-1.0,2068.3807140025433,True,2026-03-31 07:00:00+00:00|SHORT|TBX0|2050.7207|17.66,0.0,True,0.5984873158242648,limit_retest,2.2350347679809426,-0.6386911663338932,2.2350347679809426,-4.178328765427903,False,False,False,,0.0,0.0,7.828571428571357,,,False,False,False,False,,clean_winner,0.1971460202159876,0.5223454612889963,0.40722260590701836,1.0827463162798883
ETHUSDT,1H,LONG,TBX7B,2046.78,2048.6805389813003,10.0,1.9,0.2,2026-03-31 12:00:00+00:00,2026-03-31 14:45,0.2,0.2,NORMAL,1.0,,2026-03,,,False,,,2026-03-31 14:45:00+00:00,False,False,1.0,2036.78,True,2026-03-31 12:00:00+00:00|LONG|TBX7B|2046.78|10.0,0.0,True,0.6549999999999955,market_like,4.4709999999999805,-1.2889999999999873,7.773000000000025,-1.2889999999999873,True,True,False,0.0,0.28899999999998727,0.28587578605241404,10.109285714285729,7.773000000000025,,True,True,True,True,5.25,winner_survived_stop_touch,0.4321185415586152,0.6756383432490256,0.6360653867547656,1.0796369927068623
ETHUSDT,15M,LONG,TBX7B,2092.7150014207,2085.9897264195,49.76,-3.32,-0.07,2026-03-31 16:30:00+00:00,2026-04-01 02:15,-0.07,-0.07,NORMAL,1.0,,2026-03,,,False,,,2026-04-01 02:15:00+00:00,False,False,1.0,2042.9550014207,True,2026-03-31 16:30:00+00:00|LONG|TBX7B|2092.715|49.76,0.0,True,0.5503416684224289,market_like,0.6389670132496027,-0.6530345944674476,0.6389670132496027,-0.6530345944674476,False,False,False,,0.0,0.0,19.49928571428578,,,False,False,False,False,,not_applicable,0.1971460202159876,0.5223454612889963,0.40722260590701836,1.0827463162798883
ETHUSDT,15M,LONG,TBX7B,2138.2370296304002,2126.8134855353,19.73,-12.31,-0.62,2026-04-01 16:15:00+00:00,2026-04-01 18:00,-0.62,-0.62,GREEN,1.25,День Retail Sales,2026-04,,,False,,,2026-04-01 18:00:00+00:00,False,False,1.0,2118.5070296304,True,2026-04-01 16:15:00+00:00|LONG|TBX7B|2138.237|19.73,0.0,True,0.6237724090420879,market_like,1.4679660602939477,-0.81130408669033,1.4679660602939477,-4.776331963020792,False,False,False,,0.0,0.0,12.414999999999996,,,False,False,False,False,,not_applicable,0.1971460202159876,0.5223454612889963,0.40722260590701836,1.0827463162798883
ETHUSDT,1H,LONG,TBX0 (a),2259.0,2372.2842309179,12.74,113.28,10.36,2026-04-13 21:00:00+00:00,2026-04-14 14:30,10.36,10.36,NORMAL,1.0,,2026-04,,,False,,,2026-04-14 14:30:00+00:00,False,False,1.0,2246.26,True,2026-04-13 21:00:00+00:00|LONG|TBX0 (a)|2259.0|12.74,2.0,False,0.5894819466248209,limit_retest,12.35478806907379,-0.8037676609105009,10.741758241758234,-0.8037676609105009,False,False,False,,0.0,0.0,11.514285714285734,,,False,False,False,False,,clean_winner,0.4321185415586152,0.6756383432490256,0.6360653867547656,1.0796369927068623
ETHUSDT,1H,SHORT,TBX0,2352.08,2336.95,83.24,9.08,0.11,2026-04-14 14:00:00+00:00,2026-04-15 00:00,0.11,0.11,YELLOW,0.6,PPI день 09-16 UTC,2026-04,,,False,,,2026-04-15 00:00:00+00:00,False,False,-1.0,2435.3199999999997,True,2026-04-14 14:00:00+00:00|SHORT|TBX0|2352.08|83.24,3.0,False,0.4593945218644911,limit_retest,0.6064392119173477,-0.7727054300816935,0.6064392119173477,-0.7727054300816935,False,False,False,,0.0,0.0,8.904999999999973,,,False,False,False,False,,clean_winner,0.4321185415586152,0.6756383432490256,0.6360653867547656,1.0796369927068623
ETHUSDT,15M,SHORT,TBX0,2319.5125901327997,2336.9379191972,18.2,-16.52,-0.91,2026-04-15 02:30:00+00:00,2026-04-15 05:00,-0.91,-0.91,NORMAL,1.0,,2026-04,,,False,,,2026-04-15 05:00:00+00:00,False,False,-1.0,2337.7125901327995,True,2026-04-15 02:30:00+00:00|SHORT|TBX0|2319.5126|18.2,0.0,True,0.28337416852749375,market_like,0.16937308421977204,-0.9712862564395807,0.6984939633406322,-1.3311763663296756,False,False,False,,0.0,0.0,8.982142857142955,,,False,False,False,False,,not_applicable,0.1971460202159876,0.5223454612889963,0.40722260590701836,1.0827463162798883
ETHUSDT,15M,SHORT,TBX0,2312.8630263474997,2329.66,16.8,-16.8,-1.0,2026-04-15 10:15:00+00:00,2026-04-15 11:00,-1.0,-1.0,NORMAL,1.0,,2026-04,,,False,,,2026-04-15 11:00:00+00:00,False,False,-1.0,2329.6630263475,True,2026-04-15 10:15:00+00:00|SHORT|TBX0|2312.863|16.8,0.0,True,0.4968436697916851,limit_retest,0.1150610921130887,-1.130177003125011,0.1150610921130887,-4.27422462217264,True,False,True,3.0,0.1301770031250109,0.28239836870506063,7.744285714285687,-0.19684366979168727,-0.5539865269345444,True,False,False,False,2.75,ambiguous_stop,0.1971460202159876,0.5223454612889963,0.40722260590701836,1.0827463162798883
ETHUSDT,15M,SHORT,TBX0,2318.4762273301003,2337.68,19.2,-18.24,-0.95,2026-04-15 13:30:00+00:00,2026-04-15 14:15,-0.95,-0.95,NORMAL,1.0,,2026-04,,,False,,,2026-04-15 14:15:00+00:00,False,False,-1.0,2337.6762273301,True,2026-04-15 13:30:00+00:00|SHORT|TBX0|2318.4762|19.2,0.0,True,0.6668631598906198,limit_retest,0.12011600677605354,-1.3158214932239314,0.12011600677605354,-3.44759232655728,True,True,False,3.0,0.3158214932239314,0.6603875330890084,9.182142857142935,-0.039258993223943627,,True,False,False,False,1.25,hopeless,0.1971460202159876,0.5223454612889963,0.40722260590701836,1.0827463162798883
ETHUSDT,1H,SHORT,TBX7A,2307.14,2328.56,21.42,-21.42,-1.0,2026-04-16 13:00:00+00:00,2026-04-16 15:00,-1.0,-1.0,NORMAL,1.0,,2026-04,,,False,,,2026-04-16 15:00:00+00:00,False,False,-1.0,2328.56,True,2026-04-16 13:00:00+00:00|SHORT|TBX7A|2307.14|21.42,3.0,False,1.5000000000000049,limit_retest,1.1409897292250257,-2.0943043884220414,1.1409897292250257,-2.639122315592913,True,True,False,0.0,1.0943043884220414,3.5603775631985246,6.583571428571304,1.1409897292250257,,True,True,False,False,1.25,hopeless,0.4321185415586152,0.6756383432490256,0.6360653867547656,1.0796369927068623
ETHUSDT,1H,LONG,TBX7A,2342.53,2416.3574493797,9.0,73.83,24.61,2026-04-17 10:00:00+00:00,2026-04-17 18:00,24.61,24.61,NORMAL,1.0,,2026-04,,,False,,,2026-04-17 18:00:00+00:00,False,False,1.0,2333.53,True,2026-04-17 10:00:00+00:00|LONG|TBX7A|2342.53|9.0,1.0,False,-1.6911111111110888,limit_retest,13.481111111111103,-0.865555555555602,13.481111111111103,-0.865555555555602,False,False,False,,0.0,0.0,11.041428571428566,,,False,False,False,False,,clean_winner,0.4321185415586152,0.6756383432490256,0.6360653867547656,1.0796369927068623
ETHUSDT,1H,SHORT,TBX0,2419.01,2373.5216618015997,24.45,45.49,1.86,2026-04-17 18:00:00+00:00,2026-04-18 16:15,1.86,1.86,NORMAL,1.0,,2026-04,,,False,,,2026-04-18 16:15:00+00:00,False,False,-1.0,2443.46,True,2026-04-17 18:00:00+00:00|SHORT|TBX0|2419.01|24.45,0.0,True,0.8184049079754505,limit_retest,3.169325153374243,-0.9259713701431441,0.9002044989775141,-0.9259713701431441,False,False,False,,0.0,0.0,15.064999999999989,,,False,False,False,False,,clean_winner,0.4321185415586152,0.6756383432490256,0.6360653867547656,1.0796369927068623
ETHUSDT,1H,LONG,TBX0,2284.73,2274.9195,9.81,-9.81,-1.0,2026-04-20 01:00:00+00:00,2026-04-20 02:00,-1.0,-1.0,NORMAL,1.0,,2026-04,,,False,,,2026-04-20 02:00:00+00:00,False,False,1.0,2274.92,True,2026-04-20 01:00:00+00:00|LONG|TBX0|2284.73|9.81,2.0,False,0.6360856269113391,limit_retest,0.8338430173292392,-1.3567787971457639,4.8063200815494485,-2.3109072375127493,True,True,False,4.0,0.3567787971457639,0.32296335354600203,10.83714285714281,4.8063200815494485,,True,True,True,False,5.25,stop_hunt,0.4321185415586152,0.6756383432490256,0.6360653867547656,1.0796369927068623
ETHUSDT,1H,LONG,TBX0 (a),2336.29,2321.08,15.21,-15.21,-1.0,2026-04-20 20:00:00+00:00,2026-04-20 21:00,-1.0,-1.0,NORMAL,1.0,,2026-04,,,False,,,2026-04-20 21:00:00+00:00,False,False,1.0,2321.08,True,2026-04-20 20:00:00+00:00|LONG|TBX0 (a)|2336.29|15.21,1.0,False,0.38790269559500923,limit_retest,0.6936226166995517,-1.1545036160420739,0.6936226166995517,-2.549638395792225,True,False,True,4.0,0.15450361604207385,0.21697553254632385,10.830714285714325,0.11176857330702288,,True,False,False,False,11.75,ambiguous_stop,0.4321185415586152,0.6756383432490256,0.6360653867547656,1.0796369927068623
ETHUSDT,15M,LONG,TBX0 (a),2319.1676120115003,2318.0971407151,17.07,-14.59,-0.85,2026-04-21 05:00:00+00:00,2026-04-21 11:00,-0.85,-0.85,GREEN,1.25,День Retail Sales,2026-04,,,False,,,2026-04-21 11:00:00+00:00,False,False,1.0,2302.0976120115,True,2026-04-21 05:00:00+00:00|LONG|TBX0 (a)|2319.1676|17.07,0.0,True,0.3560405396309403,market_like,1.102658933128265,-0.7473703580258021,1.102658933128265,-1.779590627504413,False,False,False,,0.0,0.0,6.894999999999982,,,False,False,False,False,,not_applicable,0.1971460202159876,0.5223454612889963,0.40722260590701836,1.0827463162798883
ETHUSDT,1H,SHORT,TBX7A,2297.93,2307.076666666667,9.15,-11.09,-1.21,2026-04-21 14:00:00+00:00,2026-04-21 15:15,-1.21,-1.21,GREEN,1.25,День Retail Sales,2026-04,,,False,,,2026-04-21 15:15:00+00:00,False,False,-1.0,2307.08,True,2026-04-21 14:00:00+00:00|SHORT|TBX7A|2297.93|9.15,3.0,False,1.499453551912596,limit_retest,0.9989071038251227,-3.126775956284167,1.869945355191221,-3.504918032786903,True,True,False,0.0,2.126775956284167,1.7583580740932085,11.06714285714286,1.869945355191221,,True,True,False,False,3.25,hopeless,0.4321185415586152,0.6756383432490256,0.6360653867547656,1.0796369927068623
ETHUSDT,15M,LONG,TBX0 (a),2324.9867811277004,2297.41,27.58,-34.47,-1.25,2026-04-21 14:30:00+00:00,2026-04-21 14:45,-1.25,-1.25,GREEN,1.25,День Retail Sales,2026-04,,,False,,,2026-04-21 14:45:00+00:00,False,False,1.0,2297.4067811277005,True,2026-04-21 14:30:00+00:00|LONG|TBX0 (a)|2324.9868|27.58,0.0,True,0.43063020767586185,market_like,0.05631685541332731,-1.1485417377701397,1.1969985087853374,-1.6014061322588917,True,False,True,1.0,0.14854173777013968,0.34878944166751585,11.745714285714289,1.8213639910188326,,True,True,False,False,12.0,stop_hunt,0.1971460202159876,0.5223454612889963,0.40722260590701836,1.0827463162798883
ETHUSDT,15M,SHORT,TBX7A,2294.6861818962,2324.6381691413,31.2,-37.05,-1.19,2026-04-21 19:30:00+00:00,2026-04-21 23:30,-1.19,-1.19,GREEN,1.25,День Retail Sales,2026-04,,,False,,,2026-04-21 23:30:00+00:00,False,False,-1.0,2325.8861818962,True,2026-04-21 19:30:00+00:00|SHORT|TBX7A|2294.6862|31.2,0.0,True,0.9260839135833248,limit_retest,0.29186480436539325,-0.9802505802499931,0.29186480436539325,-3.835378785378196,False,False,False,,0.0,0.0,14.864999999999943,,,False,False,False,False,,ambiguous_stop,0.1971460202159876,0.5223454612889963,0.40722260590701836,1.0827463162798883
ETHUSDT,15M,SHORT,TBX0 (a),2318.4310004669,2315.9447457038004,13.14,2.49,0.19,2026-04-24 02:45:00+00:00,2026-04-24 05:45,0.19,0.19,NORMAL,1.0,,2026-04,,,False,,,2026-04-24 05:45:00+00:00,False,False,-1.0,2331.5710004669,True,2026-04-24 02:45:00+00:00|SHORT|TBX0 (a)|2318.431|13.14,0.0,True,0.7457381684246543,limit_retest,1.5213851192465757,-0.8469558244368254,1.5213851192465757,-0.95654486553272,False,False,False,,0.0,0.0,7.5242857142857895,,,False,False,False,False,,clean_winner,0.1971460202159876,0.5223454612889963,0.40722260590701836,1.0827463162798883
ETHUSDT,15M,SHORT,TBX0 (a),2306.88,2313.25,10.58,-7.81,-0.83,2026-04-24 09:00:00+00:00,2026-04-24 10:15,-0.83,-0.83,NORMAL,1.0,,2026-04,,,False,True,,2026-04-24 10:15:00+00:00,False,False,-1.0,2317.46,True,2026-04-24 09:00:00+00:00|SHORT|TBX0 (a)|2306.88|10.58,0.0,True,0.6559546313799673,limit_retest,0.4933837429111772,-0.734404536862002,0.6502835538752466,-2.2797731568998008,False,False,False,,0.0,0.0,6.417857142857266,,,False,False,False,False,,not_applicable,0.1971460202159876,0.5223454612889963,0.40722260590701836,1.0827463162798883
ETHUSDT,15M,SHORT,TBX0 (a),2311.7020129137,2323.3410098250997,21.1,-11.0,-0.52,2026-04-24 13:45:00+00:00,2026-04-24 15:30,-0.52,-0.52,NORMAL,1.0,,2026-04,,,False,,,2026-04-24 15:30:00+00:00,False,False,-1.0,2332.8020129137,True,2026-04-24 13:45:00+00:00|SHORT|TBX0 (a)|2311.702|21.1,0.0,True,0.3458761652274907,market_like,0.5545977684217983,-0.6302363548009504,0.5545977684217983,-0.8098572078815174,False,False,False,,0.0,0.0,7.23071428571432,,,False,False,False,False,,not_applicable,0.1971460202159876,0.5223454612889963,0.40722260590701836,1.0827463162798883
ETHUSDT,15M,SHORT,TBX0 (a),2311.4227537842003,2317.8923762078,12.83,-8.43,-0.66,2026-04-24 21:30:00+00:00,2026-04-25 07:45,-0.66,-0.66,NORMAL,1.0,,2026-04,,,False,,,2026-04-25 07:45:00+00:00,False,False,-1.0,2324.2527537842,True,2026-04-24 21:30:00+00:00|SHORT|TBX0 (a)|2311.4228|12.83,0.0,True,0.35286408540916214,limit_retest,0.4850158834139088,-0.6685304922681007,0.4850158834139088,-0.6685304922681007,False,False,False,,0.0,0.0,5.954999999999992,,,False,False,False,False,,not_applicable,0.1971460202159876,0.5223454612889963,0.40722260590701836,1.0827463162798883
ETHUSDT,15M,LONG,TBX7B,2333.6673467373,2353.2029693219997,6.16,19.54,3.17,2026-04-26 13:30:00+00:00,2026-04-26 21:30,3.17,3.17,NORMAL,1.0,,2026-04,,,False,,,2026-04-26 21:30:00+00:00,False,False,1.0,2327.5073467373,True,2026-04-26 13:30:00+00:00|LONG|TBX7B|2333.6673|6.16,0.0,True,0.7576861586525641,market_like,6.954976179009809,-0.8080108339772305,11.4160151400487,-0.8080108339772305,False,False,False,,0.0,0.0,3.8092857142856764,,,False,False,False,False,,clean_winner,0.1971460202159876,0.5223454612889963,0.40722260590701836,1.0827463162798883
ETHUSDT,15M,SHORT,TBX4,2292.0175110216,2286.49,13.95,4.42,0.32,2026-04-28 02:15:00+00:00,2026-04-28 07:45,0.32,0.32,YELLOW,0.8,День перед FOMC,2026-04,,,False,,,2026-04-28 07:45:00+00:00,False,False,-1.0,2305.9675110216,True,2026-04-28 02:15:00+00:00|SHORT|TBX4|2292.0175|13.95,0.0,True,0.3700708945089447,limit_retest,1.8263448761003653,-0.538529675870978,2.579749894021495,-0.538529675870978,False,False,False,,0.0,0.0,6.074285714285744,,,False,False,False,False,,clean_winner,0.1971460202159876,0.5223454612889963,0.40722260590701836,1.0827463162798883
ETHUSDT,1H,LONG,TBX0 (a),2327.84,2318.7,9.14,-8.68,-0.95,2026-04-29 05:00:00+00:00,2026-04-29 06:45,-0.95,-0.95,NORMAL,1.0,,2026-04,,,False,,,2026-04-29 06:45:00+00:00,False,False,1.0,2318.7000000000003,True,2026-04-29 05:00:00+00:00|LONG|TBX0 (a)|2327.84|9.14,0.0,True,0.21663019693654464,market_like,0.9135667396061169,-1.009846827133481,2.039387308533903,-7.350109409190403,True,False,True,7.0,0.009846827133481062,0.009832227857980842,9.15357142857137,2.039387308533903,2.039387308533903,True,True,True,False,3.0,stop_hunt,0.4321185415586152,0.6756383432490256,0.6360653867547656,1.0796369927068623
ETHUSDT,15M,SHORT,TBX7A,2254.7147140610996,2261.6915766988996,19.29,-7.68,-0.4,2026-04-30 02:30:00+00:00,2026-04-30 09:15,-0.4,-0.4,GREEN,1.2,FOMC+1 (день после решения),2026-04,,,False,,,2026-04-30 09:15:00+00:00,False,False,-1.0,2274.0047140610995,True,2026-04-30 02:30:00+00:00|SHORT|TBX7A|2254.7147|19.29,0.0,True,0.3683403804510409,limit_retest,1.276034943551046,-0.507272469616403,1.276034943551046,-0.9479152897304518,False,False,False,,0.0,0.0,9.832142857142896,,,False,False,False,False,,not_applicable,0.1971460202159876,0.5223454612889963,0.40722260590701836,1.0827463162798883
ETHUSDT,15M,SHORT,TBX7A,2251.8232083142,2266.43,14.61,-17.0,-1.16,2026-04-30 11:45:00+00:00,2026-04-30 12:15,-1.16,-1.16,GREEN,1.2,FOMC+1 (день после решения),2026-04,,,False,,,2026-04-30 12:15:00+00:00,False,False,-1.0,2266.4332083142003,True,2026-04-30 11:45:00+00:00|SHORT|TBX7A|2251.8232|14.61,0.0,True,0.3611767067624715,limit_retest,0.06524355333335458,-1.232497719767264,0.4697610071321126,-1.572675680068445,True,False,True,2.0,0.23249771976726397,0.5175218587571713,6.563571428571387,0.4697610071321126,,True,False,False,False,2.0,ambiguous_stop,0.1971460202159876,0.5223454612889963,0.40722260590701836,1.0827463162798883
ETHUSDT,15M,SHORT,TBX7A,2256.2780342619003,2266.48,10.2,-12.24,-1.2,2026-04-30 13:15:00+00:00,2026-04-30 13:30,-1.2,-1.2,GREEN,1.2,FOMC+1 (день после решения),2026-04,,,False,,,2026-04-30 13:30:00+00:00,False,False,-1.0,2266.4780342619,True,2026-04-30 13:15:00+00:00|SHORT|TBX7A|2256.278|10.2,0.0,True,0.6041142880489954,limit_retest,0.28902296685297796,-1.4021535037352575,1.109611202147085,-1.8158789939313609,True,True,False,1.0,0.4021535037352575,0.5993270750719571,6.844285714285694,1.109611202147085,,True,True,False,False,0.75,ambiguous_stop,0.1971460202159876,0.5223454612889963,0.40722260590701836,1.0827463162798883
ETHUSDT,15M,SHORT,TBX7A,2257.29,2268.94,16.35,-12.79,-0.88,2026-04-30 14:15:00+00:00,2026-04-30 15:30,-0.88,-0.88,GREEN,1.2,FOMC+1 (день после решения),2026-04,,,False,True,,2026-04-30 15:30:00+00:00,False,False,-1.0,2273.64,True,2026-04-30 14:15:00+00:00|SHORT|TBX7A|2257.29|16.35,0.0,True,0.2042813455657581,market_like,0.7541284403669679,-1.070948012232429,0.7541284403669679,-1.070948012232429,True,False,True,5.0,0.07094801223242908,0.12236286919833474,9.480000000000018,0.442813455657479,0.442813455657479,True,False,False,False,1.75,ambiguous_stop,0.1971460202159876,0.5223454612889963,0.40722260590701836,1.0827463162798883
ETHUSDT,15M,LONG,TBX7A,2134.4043661299997,2121.37,16.59,-19.86,-1.2,2026-05-20 14:15:00+00:00,2026-05-20 22:00,-1.2,-1.2,GREEN,1.25,День FOMC Minutes,2026-05,,,False,,,2026-05-20 22:00:00+00:00,False,False,1.0,2117.8143661299996,True,2026-05-20 14:15:00+00:00|LONG|TBX7A|2134.4044|16.59,0.0,True,0.7561402127787593,market_like,0.8556741332127887,-0.9797689047618838,1.3620032471368448,-1.0243740886075883,False,False,False,,0.0,0.0,7.539999999999964,,,False,False,False,False,,ambiguous_stop,0.1971460202159876,0.5223454612889963,0.40722260590701836,1.0827463162798883
ETHUSDT,15M,LONG,TBX7A,2141.4437107156996,2136.9563315001997,16.24,-3.18,-0.2,2026-05-21 00:45:00+00:00,2026-05-21 05:45,-0.2,-0.2,NORMAL,1.0,,2026-05,,,False,,,2026-05-21 05:45:00+00:00,False,False,1.0,2125.2037107157,True,2026-05-21 00:45:00+00:00|LONG|TBX7A|2141.4437|16.24,0.0,True,0.3352038618041614,market_like,0.9578995864717008,-0.5790462263361834,0.9578995864717008,-2.041484649981504,False,False,False,,0.0,0.0,5.215714285714284,,,False,False,False,False,,not_applicable,0.1971460202159876,0.5223454612889963,0.40722260590701836,1.0827463162798883
ETHUSDT,15M,LONG,TBX7A,2136.3584990292006,2128.01,10.26,-8.35,-0.81,2026-05-21 08:00:00+00:00,2026-05-21 09:30,-0.81,-0.81,NORMAL,1.0,,2026-05,,,False,,,2026-05-21 09:30:00+00:00,False,False,1.0,2126.0984990292004,True,2026-05-21 08:00:00+00:00|LONG|TBX7A|2136.3585|10.26,0.0,True,0.22402524651078792,market_like,1.0868909328264706,-0.9121344083041549,1.6005361569980088,-3.20160809251466,False,False,False,,0.0,0.0,5.419285714285674,,,False,False,False,False,,not_applicable,0.1971460202159876,0.5223454612889963,0.40722260590701836,1.0827463162798883
ETHUSDT,1H,LONG,TBX7B,2145.67,2131.5699999999997,14.1,-12.97,-0.92,2026-05-21 17:00:00+00:00,2026-05-21 18:45,-0.92,-0.92,NORMAL,1.0,,2026-05,,,False,,,2026-05-21 18:45:00+00:00,False,False,1.0,2131.57,True,2026-05-21 17:00:00+00:00|LONG|TBX7B|2145.67|14.1,1.0,False,1.3333333333333464,limit_retest,0.5042553191489452,-1.8184397163120478,0.5042553191489452,-1.8184397163120478,True,True,False,0.0,0.8184397163120478,1.1834163492528398,9.751428571428603,0.5042553191489452,0.5042553191489452,True,False,False,False,0.75,hopeless,0.4321185415586152,0.6756383432490256,0.6360653867547656,1.0796369927068623
ETHUSDT,1H,LONG,TBX7A,2120.41,2111.41,9.0,-8.55,-0.95,2026-05-25 19:00:00+00:00,2026-05-25 20:30,-0.95,-0.95,NORMAL,1.0,,2026-05,,,False,,,2026-05-25 20:30:00+00:00,False,False,1.0,2111.41,True,2026-05-25 19:00:00+00:00|LONG|TBX7A|2120.41|9.0,2.0,False,-0.6100000000000263,limit_retest,0.626666666666703,-1.253333333333305,0.626666666666703,-4.1133333333333315,True,False,True,6.0,0.253333333333305,0.4577656675748835,4.980714285714255,-0.589999999999994,,True,False,False,False,0.25,ambiguous_stop,0.4321185415586152,0.6756383432490256,0.6360653867547656,1.0796369927068623
ETHUSDT,15M,LONG,TBX0 (a) or TBX1,2011.69,2009.1769756594001,13.58,-2.1,-0.15,2026-05-29 05:00:00+00:00,2026-05-29 07:30,-0.15,-0.15,NORMAL,1.0,,2026-05,,,False,,,2026-05-29 07:30:00+00:00,False,False,1.0,1998.1100000000001,True,2026-05-29 05:00:00+00:00|LONG|TBX0 (a) or TBX1|2011.69|13.58,0.0,True,0.2982326951399083,market_like,0.66789396170839,-0.6634756995581731,2.5265095729013214,-2.6745213549337383,False,False,False,,0.0,0.0,5.421428571428578,,,False,False,False,False,,not_applicable,0.1971460202159876,0.5223454612889963,0.40722260590701836,1.0827463162798883
ETHUSDT,15M,LONG,TBX0 (a) or TBX1,2005.0978923509,2014.7217596485,21.11,9.62,0.46,2026-05-29 15:00:00+00:00,2026-05-29 18:45,0.46,0.46,NORMAL,1.0,,2026-05,,,False,,,2026-05-29 18:45:00+00:00,False,False,1.0,1983.9878923509002,True,2026-05-29 15:00:00+00:00|LONG|TBX0 (a) or TBX1|2005.0979|21.11,0.0,True,0.1979105803363353,market_like,1.9375702344433865,-0.3201275391236472,1.9375702344433865,-0.3201275391236472,False,False,False,,0.0,0.0,11.132142857142883,,,False,False,False,False,,clean_winner,0.1971460202159876,0.5223454612889963,0.40722260590701836,1.0827463162798883
ETHUSDT,1H,LONG,TBX0,2011.44,2004.0418534388998,9.44,-7.12,-0.75,2026-05-31 21:00:00+00:00,2026-05-31 23:30,-0.75,-0.75,NORMAL,1.0,,2026-05,,,False,,,2026-05-31 23:30:00+00:00,False,False,1.0,2002.0,True,2026-05-31 21:00:00+00:00|LONG|TBX0|2011.44|9.44,3.0,False,0.5381355932203554,limit_retest,1.1472457627118569,-1.3125000000000107,1.1472457627118569,-4.358050847457638,True,False,True,10.0,0.31250000000001066,0.7638246717218625,3.862142857142885,1.0021186440678005,,True,True,False,False,1.0,stop_hunt,0.4321185415586152,0.6756383432490256,0.6360653867547656,1.0796369927068623
ETHUSDT,15M,LONG,TBX0,2015.0412719034,2004.57,14.18,-10.47,-0.74,2026-06-01 00:15:00+00:00,2026-06-01 01:00,-0.74,-0.74,NORMAL,1.0,,2026-06,,,False,,,2026-06-01 01:00:00+00:00,False,False,1.0,2000.8612719034,True,2026-06-01 00:15:00+00:00|LONG|TBX0|2015.0413|14.18,0.0,True,0.28922933028208375,market_like,0.41316841301834195,-0.799807609548657,0.41316841301834195,-3.4662392033427296,False,False,False,,0.0,0.0,6.449285714285695,,,False,False,False,False,,not_applicable,0.1971460202159876,0.5223454612889963,0.40722260590701836,1.0827463162798883
ETHUSDT,1H,SHORT,TBX7A,2008.48,1992.06,9.0,16.42,5.47,2026-06-01 03:00:00+00:00,2026-06-01 12:30,5.47,5.47,NORMAL,1.0,,2026-06,,,False,,,2026-06-01 12:30:00+00:00,False,False,-1.0,2017.48,True,2026-06-01 03:00:00+00:00|SHORT|TBX7A|2008.48|9.0,3.0,False,0.2577777777777707,limit_retest,4.732222222222213,-1.0144444444444314,6.006666666666661,-1.0144444444444314,True,False,True,0.0,0.014444444444431381,0.014830508474562827,8.765714285714305,6.006666666666661,6.006666666666661,True,True,True,True,10.75,winner_survived_stop_touch,0.4321185415586152,0.6756383432490256,0.6360653867547656,1.0796369927068623
ETHUSDT,1H,LONG,TBX0,1884.03,1872.9338,11.1,-10.21,-0.92,2026-06-03 10:00:00+00:00,2026-06-03 12:00,-0.92,-0.92,NORMAL,1.0,,2026-06,,,False,,,2026-06-03 12:00:00+00:00,False,False,1.0,1872.93,True,2026-06-03 10:00:00+00:00|LONG|TBX0|1884.03|11.1,0.0,True,0.7666666666666658,market_like,0.7531531531531647,-1.0657657657657593,0.7531531531531647,-10.479279279279273,True,False,True,8.0,0.06576576576575932,0.09346136259715579,7.810714285714296,-0.3972972972973047,,True,False,False,False,0.5,ambiguous_stop,0.4321185415586152,0.6756383432490256,0.6360653867547656,1.0796369927068623
ETHUSDT,1H,SHORT,TBX7B,1802.41,1821.5296630763,22.88,-19.12,-0.84,2026-06-03 19:00:00+00:00,2026-06-03 21:30,-0.84,-0.84,NORMAL,1.0,,2026-06,,,False,,,2026-06-03 21:30:00+00:00,False,False,-1.0,1825.2900000000002,True,2026-06-03 19:00:00+00:00|SHORT|TBX7B|1802.41|22.88,3.0,False,1.278409090909091,limit_retest,1.5166083916083937,-1.6175699300699298,3.9287587412587457,-2.149038461538455,True,True,False,0.0,0.6175699300699298,1.231066027755304,11.477857142857147,3.9287587412587457,,True,True,True,False,7.0,hopeless,0.4321185415586152,0.6756383432490256,0.6360653867547656,1.0796369927068623
ETHUSDT,1H,LONG,TBX0,1651.32,1646.8523190155001,15.76,-1.6,-0.1,2026-06-09 18:00:00+00:00,2026-06-09 21:45,-0.1,-0.1,YELLOW,0.5,День перед CPI,2026-06,,,False,,,2026-06-09 21:45:00+00:00,False,False,1.0,1635.56,True,2026-06-09 18:00:00+00:00|LONG|TBX0|1651.32|15.76,1.0,False,0.5850253807106617,limit_retest,0.7398477157360458,-0.8001269035532932,0.7398477157360458,-2.2829949238578693,False,False,False,,0.0,0.0,11.371428571428623,,,False,False,False,False,,not_applicable,0.4321185415586152,0.6756383432490256,0.6360653867547656,1.0796369927068623
ETHUSDT,1H,LONG,TBX0,1669.51,1712.4652545243002,10.68,42.96,4.02,2026-06-14 20:00:00+00:00,2026-06-15 09:30,4.02,4.02,NORMAL,1.0,,2026-06,,,False,,,2026-06-15 09:30:00+00:00,False,False,1.0,1658.83,True,2026-06-14 20:00:00+00:00|LONG|TBX0|1669.51|10.68,2.0,False,0.45599250936328567,limit_retest,5.851123595505619,-0.7378277153557942,5.851123595505619,-0.7378277153557942,False,False,False,,0.0,0.0,3.6314285714285655,,,False,False,False,False,,clean_winner,0.4321185415586152,0.6756383432490256,0.6360653867547656,1.0796369927068623
ETHUSDT,15M,LONG,TBX0,1739.5648124158,1734.35,5.21,-5.06,-0.97,2026-06-21 04:30:00+00:00,2026-06-21 04:45,-0.97,-0.97,NORMAL,1.0,,2026-06,,,False,,,2026-06-21 04:45:00+00:00,False,False,1.0,1734.3548124157999,True,2026-06-21 04:30:00+00:00|LONG|TBX0|1739.5648|5.21,0.0,True,0.20245919689057879,market_like,0.2140475209597231,-1.6957413466026656,0.2140475209597231,-4.52299662491361,True,True,False,1.0,0.6957413466026656,1.1496912963570194,3.1528571428571177,-0.3272192736660281,,True,False,False,False,1.75,hopeless,0.1971460202159876,0.5223454612889963,0.40722260590701836,1.0827463162798883
ETHUSDT,1H,SHORT,TBX7A,1720.56,1719.52,9.0,1.04,0.11,2026-06-21 20:00:00+00:00,2026-06-22 00:15,0.11,0.11,NORMAL,1.0,,2026-06,,,False,,,2026-06-22 00:15:00+00:00,False,False,-1.0,1729.56,True,2026-06-21 20:00:00+00:00|SHORT|TBX7A|1720.56|9.0,3.0,False,1.4166666666666667,limit_retest,2.2433333333333394,-1.559999999999996,2.2433333333333394,-4.309999999999996,True,True,False,0.0,0.5599999999999961,1.1973527914474702,4.209285714285719,2.2433333333333394,,True,True,True,False,1.0,winner_survived_stop_touch,0.4321185415586152,0.6756383432490256,0.6360653867547656,1.0796369927068623
ETHUSDT,15M,SHORT,TBX0,1662.6983826119,1671.8308402812002,12.26,-8.15,-0.66,2026-06-24 02:30:00+00:00,2026-06-24 05:15,-0.66,-0.66,NORMAL,1.0,,2026-06,,,False,,,2026-06-24 05:15:00+00:00,False,False,-1.0,1674.9583826118999,True,2026-06-24 02:30:00+00:00|SHORT|TBX0|1662.6984|12.26,0.0,True,0.34434073312399555,market_like,0.4615320238091292,-0.8329214835318266,2.0961160368596974,-2.390017731492668,False,False,False,,0.0,0.0,6.000000000000016,,,False,False,False,False,,not_applicable,0.1971460202159876,0.5223454612889963,0.40722260590701836,1.0827463162798883
ETHUSDT,15M,SHORT,TBX0,1660.0224864282,1609.46,19.22,50.56,2.63,2026-06-24 13:00:00+00:00,2026-06-24 20:00,2.63,2.63,NORMAL,1.0,,2026-06,,,False,,,2026-06-24 20:00:00+00:00,False,False,-1.0,1679.2424864282,True,2026-06-24 13:00:00+00:00|SHORT|TBX0|1660.0225|19.22,0.0,True,0.5623055968678446,limit_retest,5.672345807918832,-0.6002868663787717,5.672345807918832,-0.6002868663787717,False,False,False,,0.0,0.0,7.765714285714272,,,False,False,False,False,,clean_winner,0.1971460202159876,0.5223454612889963,0.40722260590701836,1.0827463162798883
ETHUSDT,1H,SHORT,TBX7A,1634.91,1581.2242477494,9.0,53.69,-1.0,2026-06-25 12:00:00+00:00,2026-06-25 21:45,-1.0,-1.0,NORMAL,1.0,,2026-06,,,False,,,2026-06-25 21:45:00+00:00,False,False,-1.0,1643.91,True,2026-06-25 12:00:00+00:00|SHORT|TBX7A|1634.91|9.0,2.0,False,-0.29444444444445456,limit_retest,11.656666666666675,-1.6422222222222191,11.656666666666675,-1.6422222222222191,True,False,True,2.0,0.6422222222222191,1.050909090909086,5.5,11.656666666666675,11.656666666666675,True,True,True,True,1.25,ambiguous_stop,0.4321185415586152,0.6756383432490256,0.6360653867547656,1.0796369927068623
ETHUSDT,15M,SHORT,TBX7A,1563.9123715962999,1554.7855510237,11.25,9.13,0.81,2026-06-26 00:45:00+00:00,2026-06-26 03:45,0.81,0.81,NORMAL,1.0,,2026-06,,,False,,,2026-06-26 03:45:00+00:00,False,False,-1.0,1575.1623715962999,True,2026-06-26 00:45:00+00:00|SHORT|TBX7A|1563.9124|11.25,0.0,True,0.3837891914400138,limit_retest,4.714877475226664,-0.4442336358844639,4.714877475226664,-1.9233447469955638,False,False,False,,0.0,0.0,7.376428571428586,,,False,False,False,False,,clean_winner,0.1971460202159876,0.5223454612889963,0.40722260590701836,1.0827463162798883
ETHUSDT,15M,SHORT,TBX7A,1553.2748499872,1558.2692239957998,25.71,-3.71,-0.14,2026-06-26 09:45:00+00:00,2026-06-26 12:30,-0.14,-0.14,NORMAL,1.0,,2026-06,,,False,,,2026-06-26 12:30:00+00:00,False,False,-1.0,1578.9848499872,True,2026-06-26 09:45:00+00:00|SHORT|TBX7A|1553.2748|25.71,0.0,True,0.3720400627304513,limit_retest,1.0320828466433296,-0.4070458970361725,1.2810132239284362,-1.6186367177285137,False,False,False,,0.0,0.0,7.865000000000025,,,False,False,False,False,,not_applicable,0.1971460202159876,0.5223454612889963,0.40722260590701836,1.0827463162798883
ETHUSDT,1H,LONG,TBX0,1579.32,1593.6355887441002,22.5,-4.91,-0.22,2026-06-26 15:00:00+00:00,2026-06-27 17:00,-0.22,-0.22,NORMAL,1.0,,2026-06,,,False,,,2026-06-27 17:00:00+00:00,False,False,1.0,1556.82,True,2026-06-26 15:00:00+00:00|LONG|TBX0|1579.32|22.5,1.0,False,0.8888888888888888,limit_retest,1.3831111111111163,-0.9115555555555551,0.6920000000000073,-0.9115555555555551,False,False,False,,0.0,0.0,16.187857142857133,,,False,False,False,False,,not_applicable,0.4321185415586152,0.6756383432490256,0.6360653867547656,1.0796369927068623
ETHUSDT,15M,SHORT,TBX4,1571.5786286203,1582.57,10.99,-10.66,-0.97,2026-06-28 10:15:00+00:00,2026-06-28 11:15,-0.97,-0.97,NORMAL,1.0,,2026-06,,,False,,,2026-06-28 11:15:00+00:00,False,False,-1.0,1582.5686286203,True,2026-06-28 10:15:00+00:00|SHORT|TBX4|1571.5786|10.99,0.0,True,0.767185748835311,limit_retest,0.01807357782527884,-1.0265124094358486,1.4521045150409493,-1.5187781055232081,True,False,True,4.0,0.02651240943584865,0.06075661775096318,4.7957142857142925,2.2364539235941696,-0.6206889335486958,True,True,True,False,11.5,stop_hunt,0.1971460202159876,0.5223454612889963,0.40722260590701836,1.0827463162798883
ETHUSDT,1H,LONG,TBX0 (a),1572.37,1595.7045383625998,18.33,23.33,1.27,2026-06-29 14:00:00+00:00,2026-06-30 00:30,1.27,1.27,NORMAL,1.0,,2026-06,,,False,,,2026-06-30 00:30:00+00:00,False,False,1.0,1554.04,True,2026-06-29 14:00:00+00:00|LONG|TBX0 (a)|1572.37|18.33,0.0,True,0.007637752318596437,market_like,3.536824877250418,-0.8636115657392214,3.536824877250418,-0.8636115657392214,False,False,False,,0.0,0.0,11.977857142857147,,,False,False,False,False,,clean_winner,0.4321185415586152,0.6756383432490256,0.6360653867547656,1.0796369927068623
ETHUSDT,1H,SHORT,TBX0,1593.77,1574.4273779922999,21.13,-1.89,-0.09,2026-06-30 00:00:00+00:00,2026-06-30 14:00,-0.09,-0.09,NORMAL,1.0,,2026-06,,,False,,,2026-06-30 14:00:00+00:00,False,False,-1.0,1614.9,True,2026-06-30 00:00:00+00:00|SHORT|TBX0|1593.77|21.13,2.0,False,0.8684335068622768,limit_retest,2.1112162801703693,-0.936583057264551,0.9096071935636549,-0.936583057264551,False,False,False,,0.0,0.0,4.7592857142856895,,,False,False,False,False,,not_applicable,0.4321185415586152,0.6756383432490256,0.6360653867547656,1.0796369927068623
